Priority,Experiment_ID,Objective,Dataset,Direction,Model,Method,Representation,Split,Seed,Metrics,Required_Output,Why_It_Matters
P0,CLEAN_D3_PROTOCOL_FEATURES,"Re-extract protocol features without y_sub label injection in i_msg_ratio",IEC 60870-5-104 (47K flows),D3 native,LightGBM,None,Protocol ASDU/APDU (cleaned),Grouped by file (0% overlap),"42,123,456,789,1011","ROC-AUC,MCC,F1,FPR,Precision,Recall",Raw predictions + confusion matrices + feature importance,"REP-01 results invalidated by explicit label leakage. Must confirm protocol-aware detection survives without y_sub. NOTE: verification/i_msg_ratio_leakage_check.md shows ablation WITHOUT i_msg_ratio retains ROC-AUC=0.9999, suggesting this may be quickly resolved"
P0,CLEAN_D3_TEMPORAL_FEATURES,"Re-compute temporal rolling features with chronological ordering before any split",IEC 60870-5-104,D3 native,LightGBM,None,Temporal (causal),Chronological or grouped,"42,123,456,789,1011","ROC-AUC,MCC,F1",Raw predictions + feature importance,"Temporal features were computed post-shuffle destroying causality. Must re-extract with proper temporal ordering"
P0,D3_PROTOCOL_MULTISEED,"Run grouped protocol-aware model across 5 seeds to establish mean±SD",IEC 60870-5-104 (47K flows),D3 native,LightGBM,None,44-feat protocol (cleaned),Grouped by file (0% overlap),"42,123,456,789,1011","ROC-AUC,MCC,F1,FPR,Precision,Recall",5-seed summary with mean±SD,"Single seed insufficient for publication; need confidence intervals on protocol detection claims"
P1,D1_D2_MULTISEED,"Run Clean Class-aware CORAL and DANN across 5 seeds on D1→D2",CICIoT2023 → NF-ToN-IoT-v2,D1→D2,"XGBoost,DANN",Clean Class-aware CORAL + DANN,4-feat semantic,Same frozen splits,"42,123,456,789,1011","ROC-AUC,MCC,F1,Bal_Acc",5-seed summary table,"D1→D2 is currently single-seed. Publication requires multi-seed confidence for both adaptation methods"
P1,D1_D2_RAW_PREDICTIONS,"Generate raw per-sample predictions for Source-only XGBoost, Global CORAL, Clean CORAL on D2 test set",NF-ToN-IoT-v2 test (2.6M),D1→D2,XGBoost,Various,4-feat semantic,Frozen test set,42,"Per-sample y_true,y_pred,y_prob",Raw prediction CSVs for ROC/PR curve plotting,"Only DANN has raw predictions on D1→D2; need raw predictions for proper ROC/PR curves for all models"
P1,BOOTSTRAP_CI_TABLE,"Generate bootstrap 95% CIs for primary metrics (ROC-AUC, MCC, F1) on D3 test set",IEC 60870-5-104 (714K test),D3,All models,Bootstrap,All representations,Frozen test set,All,"Bootstrap 95% CI for ROC-AUC,MCC,F1",Formatted CI table for paper,"Confidence intervals needed for statistical rigor in publication"
P1,D3_VOLUME_CONFOUND_DISCLOSURE,"Formally document and tabulate volume confound evidence alongside protocol results",IEC 60870-5-104 (47K flows),D3 native,LightGBM,Trivial baseline,3-feat volume-only vs protocol,Grouped by file,42,"ROC-AUC comparison table",Side-by-side confound table,"Volume confound must be disclosed per duration_confound_report.md. Already done but needs paper-formatted table"
P2,DELONG_ROC_COMPARISON,"DeLong test comparing ROC curves of Native SCADA vs Transfer models",IEC 60870-5-104 (714K test),D3,LightGBM,DeLong,73-feat vs 4-feat,Frozen test set,42,"DeLong p-value, z-statistic",Statistical comparison table,"Adds rigor but primary comparison already significant via Wilcoxon"
P2,D2_TO_D1_STANDARDIZED,"Run D2→D1 reverse adaptation on same 4-feat representation",NF-ToN-IoT-v2 → CICIoT2023,D2→D1,XGBoost,Clean Class-aware CORAL,4-feat semantic,Standardized splits,42,"ROC-AUC,MCC,F1",Bidirectional comparison table,"Would strengthen bidirectional claims but not required for core narrative"
P2,MCNEMAR_PAIRED,"McNemar paired test between Native and Transfer predictions on same test set",IEC 60870-5-104 (714K test),D3,Multiple,McNemar,Various,Frozen test set,42,"McNemar χ²,p-value",Statistical test table,"Adds publication rigor but overlaps with Wilcoxon test"
