epoch,train_loss,val_loss,val_auc,lr
1,0.5493860354614257,0.5299846977233886,0.5766154606330358,0.001
2,0.5284691692733765,0.5231272302246094,0.5837764707359865,0.001
3,0.515305583820343,0.5041488782501221,0.6097108140777212,0.001
4,0.4975965043258667,0.4865918194484711,0.6406584992084559,0.001
5,0.4891529071235657,0.4799927116394043,0.6381814750371926,0.001
6,0.48122398063659666,0.47691647094726564,0.6415699954387872,0.001
7,0.47792210854530337,0.47560119729995726,0.6428740769527367,0.001
8,0.47677997383117676,0.4750140263652802,0.6438181483533765,0.001
9,0.4754547432899475,0.47479369000434873,0.6435124933407825,0.001
10,0.47514440443992617,0.4748346242046356,0.6416639043811706,0.001
