epoch,lambda,train_classification_loss,domain_loss,total_loss,source_accuracy,domain_accuracy,target_validation_loss,target_validation_ROC_AUC,target_validation_AP,target_validation_F1,target_validation_best_threshold,learning_rate,runtime_seconds
1,0.0,0.05373634462257926,0.6999863741797766,0.05373634462257926,0.9772027048655569,0.3769906370038412,8.672064640606335,0.5052901489526922,0.23008314197618876,0.37237522407291884,0.49,0.001,13.272176027297974
2,0.0,0.038700392320257265,0.6931471881121588,0.038700392320257265,0.9802186699743918,0.5000075024007683,11.466429964798444,0.512485536849099,0.23366304810402444,0.37237522407291884,0.45000000000000007,0.001,8.80750584602356
3,0.0,0.03673156300729866,0.6931471824645996,0.03673156300729866,0.9805587788092189,0.5,13.361032028765946,0.5111429328403653,0.23339422937348261,0.37237522407291884,0.43000000000000005,0.001,9.739073038101196
4,0.0,0.03617713058629865,0.6931471824645996,0.03617713058629865,0.9809238956466069,0.5,13.203155940410563,0.5132560648661707,0.233811165863089,0.37237522407291884,0.49,0.001,8.917290925979614
5,0.0,0.03574419848669485,0.6931471824645996,0.03574419848669485,0.981198983674776,0.5,14.519034987410848,0.5083371910469645,0.2328256414325829,0.37237522407291884,0.45999999999999996,0.001,8.924953699111938
6,0.0,0.03501523830021628,0.6931471824645996,0.03501523830021628,0.9813140204865557,0.5,14.428141661967723,0.5093678719991306,0.23304898302039853,0.37237522407291884,0.43000000000000005,0.001,8.960316896438599
7,0.0,0.03490973233153492,0.6931471824645996,0.03490973233153492,0.9815140845070423,0.5,13.140151735080536,0.5083043170183793,0.23281048819350073,0.37237522407291884,0.52,0.001,9.556622982025146
1,0.1,0.05523749943953794,0.43823259620523025,0.09906075992138529,0.9770676616517285,0.8262869118117798,7.8103714923488665,0.5059853644652872,0.23009896168982452,0.37237522407291884,0.47,0.001,9.73272705078125
2,0.1,0.042721799075145575,0.625978756214226,0.10531967575930144,0.9798385483354674,0.6602712868117798,9.08081801970565,0.48368075503423513,0.22854791032050079,0.37237522407291884,0.45999999999999996,0.001,10.647302150726318
3,0.1,0.04054241771624923,0.677940424822662,0.10833646166263561,0.9803537131882202,0.5728608154609475,10.418109313279581,0.5072079212137122,0.23257631024375813,0.37237522407291884,0.47,0.001,10.618006944656372
4,0.1,0.03937394959284481,0.6633883396428312,0.1057127850242293,0.9803086987836107,0.6136213588348272,12.796689265239799,0.5104405940079771,0.23339997703149712,0.37237522407291884,0.48,0.001,10.009795904159546
5,0.1,0.03940582440786836,0.6628440694070198,0.10569023257467261,0.9805237676056338,0.6111505681818182,13.896011805864024,0.543147782924381,0.2416438952799995,0.37237393423367093,0.8099999999999999,0.001,8.987799167633057
6,0.1,0.03833263971164307,0.665225563105792,0.1048551972922076,0.9809789132522407,0.5920294494238156,11.824652962414804,0.511222393591276,0.23358432205785273,0.37237522407291884,0.45999999999999996,0.001,8.948963165283203
7,0.1,0.037398618024835906,0.6692411540488733,0.10432273492923008,0.9811139564660691,0.5874729913572343,13.99429191435296,0.5448685378494932,0.24209903609572592,0.3723755663049814,0.88,0.001,8.949558973312378
8,0.1,0.037079893267074324,0.6749414577603188,0.1045740405085679,0.9811289612676056,0.5637053857234315,13.505680091590103,0.5449261354739223,0.24211225954940752,0.3723744782558515,0.84,0.001,8.982008695602417
9,0.1,0.03628672297183,0.6778475090040899,0.10407147526492994,0.9813090188860435,0.5507662451984635,13.67109228285762,0.5446032960330148,0.24197905034954753,0.3723744782558515,0.9,0.001,8.940038204193115
10,0.1,0.03610178795178086,0.6804547768167283,0.10414726714986387,0.9812489996798975,0.5539372599231754,15.0094515507279,0.5450767354673439,0.2421454664033696,0.37237522407291884,0.45999999999999996,0.001,8.988387823104858
1,0.25,0.05624472519541433,0.5650655968202977,0.1975111243018115,0.9769726312419974,0.7074838948463509,9.619993362808719,0.5071361817829625,0.23219795861169845,0.37237522407291884,0.5,0.001,9.450814962387085
2,0.25,0.04370378365647167,0.6910856793540388,0.21647520349975127,0.9791183178617158,0.5711127560819462,11.444440195295046,0.5120702270256268,0.233488171387039,0.3723733902130799,0.64,0.001,8.90182113647461
3,0.25,0.04173327618303605,0.6771098724858556,0.21101074432059835,0.9798335467349552,0.6059989196542894,12.146732446509208,0.48505052789604103,0.22883721639123877,0.37237522407291884,0.49,0.001,8.959909200668335
4,0.25,0.0404033325964325,0.6745902005292084,0.20905088256476936,0.9796634923175416,0.5981339028489117,12.197464062147874,0.4853924185401909,0.22884023591221286,0.36962299581106456,0.8,0.001,8.951493978500366
5,0.25,0.04002860529032547,0.6713516157735783,0.20786650901452833,0.980408730793854,0.5939500640204866,11.16092981131966,0.5105559660877356,0.23342250546608845,0.37237522407291884,0.52,0.001,8.957221031188965
1,0.5,0.05707601411059432,0.6217432769060746,0.3679476529550613,0.9767475592189501,0.6829660491357235,7.771790448474464,0.5051664897817579,0.23025665979858248,0.3723733902130799,0.5700000000000001,0.001,9.083435773849487
2,0.5,0.043583657602372934,0.6956910153280911,0.3914291650514749,0.979368397887324,0.5478978273047375,10.635256184222532,0.50347150664456,0.22659464462806286,0.3723733902130799,0.6799999999999999,0.001,8.993833065032959
3,0.5,0.04172208503505189,0.6889037440665705,0.3861739568879754,0.979643485915493,0.5328530129641486,12.914607908564545,0.512621943467477,0.23379304234048856,0.37237522407291884,0.52,0.001,9.072925806045532
4,0.5,0.03998996364698053,0.6882352983142593,0.3841076125599511,0.9798335467349552,0.5549600872279129,15.501776599020232,0.5433285791773937,0.24170039814885372,0.37237576809459944,0.8,0.001,8.996371269226074
5,0.5,0.04009683593742731,0.6858746370875424,0.38303415416221154,0.9804187339948783,0.5443091789372599,11.2753882321837,0.5088909957628972,0.2313095402495823,0.37237522407291884,0.67,0.001,9.030860900878906
6,0.5,0.03946869311333728,0.6879308707964406,0.38343412849799313,0.9806187980153649,0.5448643565941101,10.940495614603059,0.5309876479167503,0.23624870534991663,0.37237522407291884,0.47,0.001,9.00733494758606
7,0.5,0.03930598697994768,0.6883280713793257,0.38347002247613154,0.980528769206146,0.5507087267925737,9.148289368639634,0.5981354074026238,0.2696342891202094,0.3723776019448113,0.52,0.001,9.047051906585693
8,0.5,0.03935750142644934,0.6853205284602205,0.3820177653992832,0.9803387083866837,0.5178031970230473,10.891097482602282,0.5115768157778321,0.23365107716210579,0.37237522407291884,0.45000000000000007,0.001,9.021456956863403
9,0.5,0.03844136881663508,0.6931585476432048,0.385020642843045,0.9806087948143406,0.48644566261203587,13.944638240505123,0.5461120030396308,0.24223943860521668,0.3723755663049814,0.89,0.001,9.322587013244629
10,0.5,0.03709073556223694,0.6914370794149733,0.3828092753200311,0.9809138924455826,0.5267660651408451,15.663757490827228,0.546484177800871,0.24231769964880434,0.37237522407291884,0.45000000000000007,0.001,9.135135889053345
1,1.0,0.058311831985365374,0.661408220607401,0.7197200533446215,0.9766175176056338,0.6211612716069143,6.654755874505899,0.5017650536972207,0.22737264931430545,0.37237522407291884,0.49,0.001,9.77177119255066
2,1.0,0.04517474741777512,0.6951839247296318,0.740358672587728,0.9791083146606914,0.5742162491997439,8.535374129164087,0.5035159894350308,0.22556175171029333,0.37237522407291884,0.43000000000000005,0.001,9.421658754348755
3,1.0,0.04434497498462356,0.6910468571546289,0.7353918322298805,0.9793033770806658,0.5427686859795134,9.214336288896073,0.5078596792123791,0.23233021562387582,0.3723733902130799,0.55,0.001,9.403743267059326
4,1.0,0.04473212800106742,0.6824066021530942,0.7271387292770967,0.9791633322663252,0.5701624519846351,7.11271088740134,0.5088294028320911,0.23044210646263288,0.37237522407291884,0.47,0.001,10.424954175949097
5,1.0,0.04543703246149789,0.688616476046749,0.7340535085347795,0.9796935019206146,0.5509438020166453,8.333642208033698,0.5141475814462847,0.25036434350465353,0.3723759698812694,0.58,0.001,10.419397115707397
6,1.0,0.04267069810963261,0.6861658799968822,0.7288365773904338,0.9795884683098591,0.5438590348911652,8.541130926476212,0.5715329757046395,0.2569623302594424,0.37237522407291884,0.47,0.001,9.759545803070068
7,1.0,0.041048044418569095,0.6964961252200313,0.7375441696900259,0.9800186059539052,0.5222096070742638,12.02168869150516,0.5299236421292329,0.2357613065847234,0.37237522407291884,0.49,0.001,9.73041296005249
8,1.0,0.0392210069701264,0.6921717668388626,0.7313927734478183,0.9803187019846351,0.5179957586427657,11.139883979356883,0.5712437161661245,0.2566337761375585,0.3723744782558515,0.87,0.001,9.722888946533203
9,1.0,0.03881872428486317,0.6920259563626767,0.7308446795854923,0.9805487756081946,0.5413732394366197,11.13367872026939,0.5105589649992178,0.23335255137681016,0.3723733902130799,0.44000000000000006,0.001,9.75745177268982
