Contribution,Evidence_Exists,Primary_Experiment,Strength,Missing_Evidence,Publication_Status
A. Cross-domain failure diagnosis,YES,"EXP-01 (D1→D3, D2→D3 multi-seed baselines)",STRONG - 5-seed verification on 714K test set; failure direction driven by source priors verified,None,GREEN
B. Class-conditional shift diagnosis,YES,EXP-02 (Prior-shift deconstruction),STRONG - Mathematical decomposition showing P(Y) divergence drives FP/FN direction,None,GREEN
C. Common behavioral representation,YES,"EXP-03 (Cardinality audit), EXP-07 (Resolution scaling)",STRONG - Information-theoretic bottleneck quantified; 1392 unique tuples from 714K flows; entropy drop 17.84→5.84 bits,None,GREEN
D. Class-aware domain adaptation,PARTIAL,"D1→D2 Clean Class-aware CORAL, D1→D3 CORAL/DANN",MODERATE - Clean CORAL winner on D1→D2 (Bal Acc 71.09%); D1→D3 adaptation fails near-random,Multi-seed D1→D2; raw predictions for non-DANN D1→D2 models,YELLOW
E. Multi-model detection,YES,"EXP-04 (LightGBM native), NR-04 (FT-Transformer native), EXP-01 (LightGBM transfer)",MODERATE - LightGBM and FT-Transformer compared on same test set and split; XGBoost on D1→D2 only,"No ensemble or calibrated multi-model fusion; no model disagreement analysis; FT-Transformer only on D3 native, not cross-domain",YELLOW
F. Calibration,PARTIAL,"EXP-02 (threshold calibration), phase4 prior correction, NR-04 calibration curves",MODERATE - Demonstrated that calibration recovers F1 without improving ROC-AUC; calibration curves generated,No formal calibration error metrics (ECE/MCE) across all experiments; no isotonic/Platt comparison table,YELLOW
G. Risk-aware decision making,PARTIAL,"EXP-06 (SOC FPR budgets), operating_point analysis",WEAK - Threshold sweeps under FPR constraints exist; no true risk scores or cost-sensitive framework,"No calibrated probabilities usable as confidence; no model disagreement; no cost matrix; no risk level classification",RED
H. Explainability,PARTIAL,"EXP-08 (SHAP disconnect), SHAP feature importance, SHAP-driven vector retrieval",MODERATE - SHAP attribution before/after domain shift demonstrates feature utility disconnect; MITRE retrieval works,"No attribution stability analysis; no feature ranking stability across seeds; SHAP only on source model, not target adapted",YELLOW
I. External SCADA validation (native),YES,"D3 protocol-aware grouped (0% file overlap), volume-matched subsample, DoS exclusion, command-only, mixed-file tests",STRONG - Near-perfect detection survives all confound controls; genuine protocol semantics verified,Must disclose volume confound; separate dataset (47K vs 714K) from CICFlowMeter extraction; single seed,YELLOW (needs confound disclosure)
