Artifact,Path,Condition,Type,Description,Seed,Test_Set_Used,Status,SHA256
A1 Configuration,experiment_execution/neural_robustness/ablation/configs/A1_label_smoothing.json,A1,Config,A1 Configuration,42,"D3 Frozen Test Set (N=714,453)",EXISTS,cdf4bb02bd856d00f326eaa2c31b309caa1308e2db3433998d07a44308922898
A2 Configuration,experiment_execution/neural_robustness/ablation/configs/A2_feature_masking.json,A2,Config,A2 Configuration,42,"D3 Frozen Test Set (N=714,453)",EXISTS,92743443d2979fde4772f8dfc6ce2b726948d27e318028d17613e2b33f697c7d
A3 Configuration,experiment_execution/neural_robustness/ablation/configs/A3_combined.json,A3,Config,A3 Configuration,42,"D3 Frozen Test Set (N=714,453)",EXISTS,3422b358364528eb3380217771323d8c9492b0e4bf0e954cfba58beecf78dd8b
A1 Checkpoint,experiment_execution/neural_robustness/ablation/checkpoints/A1_LABEL_SMOOTHING_seed42/best_model.pt,A1,Model Checkpoint,A1 Checkpoint,42,"D3 Frozen Test Set (N=714,453)",EXISTS,f6ee1e46e439b70ce1a83ceb5828ddfed370349ad479ecf93af2475aeef54c3e
A2 Checkpoint,experiment_execution/neural_robustness/ablation/checkpoints/A2_FEATURE_MASKING_seed42/best_model.pt,A2,Model Checkpoint,A2 Checkpoint,42,"D3 Frozen Test Set (N=714,453)",EXISTS,a3d666844998cad40b50d74fbde8b7614fa38cef5a98c5dbfd61afd4d47ff2e9
A3 Checkpoint,experiment_execution/neural_robustness/ablation/checkpoints/A3_COMBINED_seed42/best_model.pt,A3,Model Checkpoint,A3 Checkpoint,42,"D3 Frozen Test Set (N=714,453)",EXISTS,a9121767a0ede85b31000ec473f75ede8139eb60c02c9de1fe0fc569c0c2194d
A1 Predictions,experiment_execution/neural_robustness/ablation/predictions/A1_LABEL_SMOOTHING_predictions.csv,A1,Predictions CSV,A1 Predictions,42,"D3 Frozen Test Set (N=714,453)",EXISTS,aa97abf32d5f4cc111e41e5016d467710a3855513c5922e83cc6babea9ebd4b8
A2 Predictions,experiment_execution/neural_robustness/ablation/predictions/A2_FEATURE_MASKING_predictions.csv,A2,Predictions CSV,A2 Predictions,42,"D3 Frozen Test Set (N=714,453)",EXISTS,2db6b253478372913f1e19a099a3efc0e0399c3d2bbada0134c7f40cf6ecc289
A3 Predictions,experiment_execution/neural_robustness/ablation/predictions/A3_COMBINED_predictions.csv,A3,Predictions CSV,A3 Predictions,42,"D3 Frozen Test Set (N=714,453)",EXISTS,863e632490cc34a1a866c984877abc2e40b5b9f78c5459bf2a2a9b69f5b86e0b
A1 Metrics,experiment_execution/neural_robustness/ablation/metrics/A1_LABEL_SMOOTHING_seed42.csv,A1,Metrics CSV,A1 Metrics,42,"D3 Frozen Test Set (N=714,453)",EXISTS,821df4459de5a5d33f0a6b3d879e9cf167c8cc976e17711e904fb16267069118
A2 Metrics,experiment_execution/neural_robustness/ablation/metrics/A2_FEATURE_MASKING_seed42.csv,A2,Metrics CSV,A2 Metrics,42,"D3 Frozen Test Set (N=714,453)",EXISTS,7f20ea2213f3e3f108feaa74a518b05b6ace7971997733a5c2796de2ab27cdbd
A3 Metrics,experiment_execution/neural_robustness/ablation/metrics/A3_COMBINED_seed42.csv,A3,Metrics CSV,A3 Metrics,42,"D3 Frozen Test Set (N=714,453)",EXISTS,37ec548e1e92166b3caca15cdd45e7319577cfe46c13e8699ebb457f2ea98575
Ablation Comparison Table,experiment_execution/neural_robustness/tables/REGULARIZATION_ABLATION_COMPARISON.csv,A0-A3,Table CSV,Ablation Comparison Table,42,"D3 Frozen Test Set (N=714,453)",EXISTS,62ff9767f6a160fc041477f13b5e8b09afe9c84de61513727be67c7335250edf
Effect Size Table,experiment_execution/neural_robustness/tables/REGULARIZATION_EFFECTS.csv,A0-A3,Table CSV,Effect Size Table,42,"D3 Frozen Test Set (N=714,453)",EXISTS,26130af7942aa24fea7a62aaef174ff852637ad08e2600b26b45e4a9939e2a4a
Combined ROC Figure,experiment_execution/neural_robustness/ablation/figures/REGULARIZATION_ABLATION_ROC.png,A0-A3,Figure PNG,Combined ROC Figure,42,"D3 Frozen Test Set (N=714,453)",EXISTS,3a7a1109b8234d213bb8225905378fc1036a3eb2b28cad7498acc3007ec3555e
Combined PR Figure,experiment_execution/neural_robustness/ablation/figures/REGULARIZATION_ABLATION_PR.png,A0-A3,Figure PNG,Combined PR Figure,42,"D3 Frozen Test Set (N=714,453)",EXISTS,e7c53aca72cbef5fb8ff65ec6b129b9e3014d91f98591c045a9841600870e0d7
Combined Loss Figure,experiment_execution/neural_robustness/ablation/figures/REGULARIZATION_ABLATION_LOSS.png,A0-A3,Figure PNG,Combined Loss Figure,42,"D3 Frozen Test Set (N=714,453)",EXISTS,d0dbf80d975a4e9a3bddae169580303e75c269f49233b45d56911fb050d6c95d
Combined Summary Figure,experiment_execution/neural_robustness/ablation/figures/REGULARIZATION_ABLATION_SUMMARY.png,A0-A3,Figure PNG,Combined Summary Figure,42,"D3 Frozen Test Set (N=714,453)",EXISTS,de8cb875d82ade1361a73dfb0c28a5d4742c7ae8a9ff755b84377e518d3993b6
