pkt_mean_to_max,tcp_flag_density,log_pkt_mean,log_pkt_max
0.9972060640058454,1.0,4.00749099871666,4.010238052925101
0.7716762903572238,0.0,3.950503102377384,4.205289456173828
0.6495844215136317,0.0,6.892104252308757,7.323170717943469
1.0,1.0,4.007333185232471,4.007333185232471
0.9948212339488932,0.0,6.3561192460844405,6.361302477572996
1.0,2.0,4.007333185232471,4.007333185232471
0.8848542827732739,0.0,6.239194901401172,6.361302477572996
1.0,2.0,4.007333185232471,4.007333185232471
1.0,2.0,4.007333185232471,4.007333185232471
1.0,0.0,3.7612001156935615,3.7612001156935615
1.0,1.0,4.007333185232471,4.007333185232471
1.0,1.0,4.007333185232471,4.007333185232471
0.537550155703693,0.0,7.670276887856598,8.290794347381356
1.0,1.0,4.007333185232471,4.007333185232471
1.0,0.0,3.9318256327243257,3.9318256327243257
1.0,0.0,3.9318256327243257,3.9318256327243257
0.6438721518647266,0.0,6.875650419942722,7.315537700045461
1.0,0.0,3.9318256327243257,3.9318256327243257
1.0,0.0,3.7612001156935615,3.7612001156935615
0.8668542070244858,0.0,3.999513417554197,4.139955073474153
0.948036683249907,0.0,3.765993102546781,3.818151789818076
1.0,2.0,4.007333185232471,4.007333185232471
1.0,0.0,4.007333185232471,4.007333185232471
1.0,0.0,3.7612001156935615,3.7612001156935615
1.0,2.0,4.007333185232471,4.007333185232471
1.0,1.0,3.970291913552122,3.970291913552122
0.92,3.0,4.028916756899646,4.110873864173311
0.9012345679012346,0.0,4.304065093204169,4.406719247264253
0.92,3.0,4.028916756899646,4.110873864173311
1.0,1.0,3.8918202981106265,3.8918202981106265
0.1725,4.0,5.5597196299793366,7.313886831633462
0.2829090909090909,4.0,6.052944418067845,7.313886831633462
1.0,1.0,3.8918202981106265,3.8918202981106265
1.0,0.0,4.290459441148391,4.290459441148391
0.2805555555555555,4.0,6.044610291317069,7.313886831633462
1.0,0.0,4.219507705176107,4.219507705176107
1.0,0.0,4.418840607796598,4.418840607796598
1.0,0.0,4.189654742026425,4.189654742026425
0.2116666666666666,4.0,4.566948973167894,6.111467339502679
0.194235588972431,3.0,5.613475630283835,7.249215057114389
0.2633333333333333,4.0,5.981414211254481,7.313886831633462
0.9407407407407408,2.0,4.05081829717221,4.110873864173311
0.194,4.0,5.676753802268282,7.313886831633462
1.0,0.0,4.219507705176107,4.219507705176107
0.9555555555555556,2.0,4.0661736852554045,4.110873864173311
0.9012345679012346,0.0,4.304065093204169,4.406719247264253
0.3093333333333333,4.0,6.142037405587356,7.313886831633462
1.0,0.0,4.276666119016055,4.276666119016055
0.9466666666666668,2.0,4.056988775678332,4.110873864173311
1.0,1.0,3.8918202981106265,3.8918202981106265
