source_domain,target_domain,model,f1
D1,D3,LightGBM (Baseline),0.3724131480647933
D2,D3,LightGBM (Baseline),0.3674189803802166
D1,D3,LightGBM (CORAL),0.3724326119081913
D2,D3,LightGBM (CORAL),0.3762674099083472
D1,D3,LightGBM (Prior Correction),0.3724135834656403
D2,D3,LightGBM (Prior Correction),0.15823006977202675
D1,D3,LightGBM (CORAL + Prior Correction),0.3732498461501694
D2,D3,LightGBM (CORAL + Prior Correction),0.37627381363831547
D1+D2,D3,LightGBM (Equal Fusion),0.3723886398307314
D1+D2,D3,LightGBM (Optimal Fusion),0.3723886398307314
D1+D2,D3,LightGBM (CORAL Fusion),0.38112828057928366
D1+D2,D3,LightGBM (CORAL + Prior Correction Fusion),0.3869257462883181
D1,D3,FT-Transformer Neural,0.3713
D1,D3,FT-Transformer Neural,0.3725
