source_domain,target_domain,model,mcc
D1,D3,LightGBM (Baseline),0.0650284358878135
D2,D3,LightGBM (Baseline),0.025604181051014398
D1,D3,LightGBM (CORAL),0.06520665616792198
D2,D3,LightGBM (CORAL),0.07550590058623544
D1,D3,LightGBM (Prior Correction),0.065031435502283
D2,D3,LightGBM (Prior Correction),0.07800446617782293
D1,D3,LightGBM (CORAL + Prior Correction),0.06313303695903083
D2,D3,LightGBM (CORAL + Prior Correction),0.0755293237031496
D1+D2,D3,LightGBM (Equal Fusion),0.06490357850984214
D1+D2,D3,LightGBM (Optimal Fusion),0.06490357850984214
D1+D2,D3,LightGBM (CORAL Fusion),0.09276775444162554
D1+D2,D3,LightGBM (CORAL + Prior Correction Fusion),0.12045002740363928
D1,D3,FT-Transformer Neural,0.0522
D1,D3,FT-Transformer Neural,0.0659
