condition,threshold,recall,precision
A1_LABEL_SMOOTHING,0.3670608,1.0,0.22465998463159928
A1_LABEL_SMOOTHING,0.37263587,0.9999750792790435,0.2246870927235847
A1_LABEL_SMOOTHING,0.37341875,0.9995950382844576,0.2247520910640718
A1_LABEL_SMOOTHING,0.37438726,0.9995701175635011,0.2247530993906283
A1_LABEL_SMOOTHING,0.37462327,0.999563887383262,0.22475201338098114
A1_LABEL_SMOOTHING,0.37521493,0.9979751914222879,0.22580972573078312
A1_LABEL_SMOOTHING,0.3755133,0.9979440405210923,0.22580617876551565
A1_LABEL_SMOOTHING,0.3757084,0.9969596720433123,0.22629611769247848
A1_LABEL_SMOOTHING,0.37571985,0.9969596720433123,0.22629739778003102
A1_LABEL_SMOOTHING,0.37575215,0.9961185977110317,0.2268636301075391
A1_LABEL_SMOOTHING,0.37578964,0.9961185977110317,0.22686395200676537
A1_LABEL_SMOOTHING,0.3816198,0.9961123675307927,0.22686317689325788
A1_LABEL_SMOOTHING,0.3818788,0.9961061373505535,0.22686272367511823
A1_LABEL_SMOOTHING,0.38204536,0.9961061373505535,0.22686304557579887
A1_LABEL_SMOOTHING,0.38245663,0.9953273648206643,0.22743599051869567
A1_LABEL_SMOOTHING,0.38296494,0.9943928377847971,0.2279477292202228
A1_LABEL_SMOOTHING,0.38332024,0.9943554567033625,0.2279411134628403
A1_LABEL_SMOOTHING,0.38386986,0.9926857683992798,0.22901745353461744
A1_LABEL_SMOOTHING,0.38523522,0.9926857683992798,0.22905827842940502
A1_LABEL_SMOOTHING,0.38541028,0.9926857683992798,0.22905893701472238
A1_LABEL_SMOOTHING,0.38545293,0.9923804895675632,0.22916804544055064
A1_LABEL_SMOOTHING,0.38949418,0.992368029207085,0.22920045182781618
A1_LABEL_SMOOTHING,0.3909648,0.992368029207085,0.2292007816344679
A1_LABEL_SMOOTHING,0.39100176,0.992368029207085,0.22920111144206876
A1_LABEL_SMOOTHING,0.39151508,0.9923617990268458,0.2292019811611262
A1_LABEL_SMOOTHING,0.39177814,0.9923617990268458,0.22920231097424976
A1_LABEL_SMOOTHING,0.39181027,0.9923617990268458,0.2292026407883225
A1_LABEL_SMOOTHING,0.39184183,0.9923617990268458,0.229204619692692
A1_LABEL_SMOOTHING,0.39185524,0.9923431084861285,0.2292319692822253
A1_LABEL_SMOOTHING,0.3918729,0.9923431084861285,0.22923229918787175
A1_LABEL_SMOOTHING,0.9490392,0.9923431084861285,0.22923328891050865
A1_LABEL_SMOOTHING,0.94979626,0.9923431084861285,0.22923361881995347
A1_LABEL_SMOOTHING,0.95253664,0.9923431084861285,0.2292339487303479
A1_LABEL_SMOOTHING,0.9531111,0.9923431084861285,0.2292342786416919
A1_LABEL_SMOOTHING,0.95455194,0.9923431084861285,0.22923460855398556
A1_LABEL_SMOOTHING,0.9551979,0.9899008778323957,0.22911856952305418
A1_LABEL_SMOOTHING,0.9582045,0.9882748007899869,0.22907980758260849
A1_LABEL_SMOOTHING,0.9583397,0.9847983602165611,0.22888746982683097
A1_LABEL_SMOOTHING,0.9583406,0.9847921300363219,0.2288863532369142
A1_LABEL_SMOOTHING,0.9583443,0.9847858998560829,0.2288852366437637
A1_LABEL_SMOOTHING,0.9583499,0.9847796696758437,0.2288841200473795
A1_LABEL_SMOOTHING,0.9583536,0.9847734394956046,0.22888300344776155
A1_LABEL_SMOOTHING,0.958356,0.9847672093153655,0.22888188684490987
A1_LABEL_SMOOTHING,0.9585611,0.9847609791351264,0.22888077023882442
A1_LABEL_SMOOTHING,0.9589144,0.9847609791351264,0.2288811016666908
A1_LABEL_SMOOTHING,0.95902324,0.9836644674130423,0.22884926737564085
A1_LABEL_SMOOTHING,0.9591486,0.9820820016323072,0.2287310839380524
A1_LABEL_SMOOTHING,0.9591503,0.9820757714520681,0.22872996479782692
A1_LABEL_SMOOTHING,0.95915145,0.982069541271829,0.22872884565435364
A1_LABEL_SMOOTHING,0.95919675,0.9820633110915898,0.22872772650763248
A1_LABEL_SMOOTHING,0.9594235,0.9820570809113508,0.22872660735766348
A1_LABEL_SMOOTHING,0.9597025,0.9820570809113508,0.2287269392505057
A1_LABEL_SMOOTHING,0.96053404,0.9796522313390527,0.2287876406979316
A1_LABEL_SMOOTHING,0.96060896,0.9796460011588135,0.22878685147085784
A1_LABEL_SMOOTHING,0.9608846,0.9790915151175323,0.22877052927013186
A1_LABEL_SMOOTHING,0.9611607,0.9790479038558586,0.22876566753526562
A1_LABEL_SMOOTHING,0.961194,0.9681263978966912,0.22844050723721543
A1_LABEL_SMOOTHING,0.9611998,0.9678211190649746,0.22843026248069995
A1_LABEL_SMOOTHING,0.9612346,0.9677961983440181,0.22843009089264785
A1_LABEL_SMOOTHING,0.9612985,0.965609405080089,0.22832557707860998
A1_LABEL_SMOOTHING,0.96132374,0.9655844843591325,0.22832271161671072
A1_LABEL_SMOOTHING,0.9613662,0.9655844843591325,0.22832372071096577
A1_LABEL_SMOOTHING,0.9614597,0.9655657938184151,0.22832300113143503
A1_LABEL_SMOOTHING,0.96153444,0.9655408730974587,0.22832518121279982
A1_LABEL_SMOOTHING,0.96166855,0.9655408730974587,0.22833190912573298
A1_LABEL_SMOOTHING,0.96167254,0.96419515416581,0.22827263743233475
A1_LABEL_SMOOTHING,0.9616771,0.944133973795862,0.22779809604552895
A1_LABEL_SMOOTHING,0.9616872,0.9441277436156228,0.22779693526905836
A1_LABEL_SMOOTHING,0.9616967,0.9439346080282103,0.22814850508594534
A1_LABEL_SMOOTHING,0.96174365,0.9439283778479711,0.22814871702204553
A1_LABEL_SMOOTHING,0.9617543,0.9434361936090812,0.22813831422011438
A1_LABEL_SMOOTHING,0.96176195,0.9420593237762368,0.22909066117205018
A1_LABEL_SMOOTHING,0.96176285,0.9420406332355195,0.22909201649033442
A1_LABEL_SMOOTHING,0.9617745,0.9420406332355195,0.2290923635878804
A1_LABEL_SMOOTHING,0.96180737,0.9420344030552804,0.2290918897789306
A1_LABEL_SMOOTHING,0.9618419,0.9419970219738457,0.22909286504340975
A1_LABEL_SMOOTHING,0.96187675,0.9419721012528892,0.22909478807273698
A1_LABEL_SMOOTHING,0.96189725,0.9419284899912155,0.22909841406460724
A1_LABEL_SMOOTHING,0.9619093,0.9418786485493025,0.22909497030615197
A1_LABEL_SMOOTHING,0.9619338,0.9418288071073896,0.22909326216790857
A1_LABEL_SMOOTHING,0.9619382,0.941305471967304,0.2290683711960411
A1_LABEL_SMOOTHING,0.96546805,0.9412743210661084,0.2290653053612771
A1_LABEL_SMOOTHING,0.96613485,0.9412556305253911,0.22947617521481115
A1_LABEL_SMOOTHING,0.966147,0.9028901806129251,0.22697934629221542
A1_LABEL_SMOOTHING,0.967128,0.8973453202001134,0.2503554605343206
A1_LABEL_SMOOTHING,0.9671289,0.8973328598396352,0.25035328963492537
A1_LABEL_SMOOTHING,0.96718305,0.8973141692989178,0.25034938050143923
A1_LABEL_SMOOTHING,0.9672015,0.8973017089384396,0.25034677438979874
A1_LABEL_SMOOTHING,0.96732396,0.8972954787582005,0.25034677680089273
A1_LABEL_SMOOTHING,0.96733016,0.8972830183977223,0.25034417065302034
A1_LABEL_SMOOTHING,0.96733475,0.8972830183977223,0.25034460581093176
A1_LABEL_SMOOTHING,0.9673378,0.8972830183977223,0.25034504097035604
A1_LABEL_SMOOTHING,0.96734035,0.8972767882174831,0.25034373788660735
A1_LABEL_SMOOTHING,0.9673414,0.8972767882174831,0.25034417304603573
A1_LABEL_SMOOTHING,0.9673427,0.8972767882174831,0.2503450433694311
A1_LABEL_SMOOTHING,0.9673428,0.8972767882174831,0.250345478533398
A1_LABEL_SMOOTHING,0.9673446,0.8972767882174831,0.25034591369887776
A1_LABEL_SMOOTHING,0.9673456,0.8972767882174831,0.25034678403437594
A1_LABEL_SMOOTHING,0.9673458,0.8972767882174831,0.25034721920439434
A1_LABEL_SMOOTHING,0.9673464,0.8972767882174831,0.25034765437592565
A1_LABEL_SMOOTHING,0.96734715,0.8972767882174831,0.2503485247235269
A1_LABEL_SMOOTHING,0.9673478,0.8972767882174831,0.2503493950771798
A1_LABEL_SMOOTHING,0.9673487,0.8972767882174831,0.25034983025627566
A1_LABEL_SMOOTHING,0.96734935,0.8972767882174831,0.25035026543688443
A1_LABEL_SMOOTHING,0.9673497,0.8972767882174831,0.25035070061900616
A1_LABEL_SMOOTHING,0.9673506,0.8972767882174831,0.25035157098778843
A1_LABEL_SMOOTHING,0.96735084,0.8972767882174831,0.25035244136262264
A1_LABEL_SMOOTHING,0.9673518,0.8972767882174831,0.2503541821304468
A1_LABEL_SMOOTHING,0.96735215,0.8972767882174831,0.2503550525234369
A1_LABEL_SMOOTHING,0.9673525,0.8972767882174831,0.25035548772220156
A1_LABEL_SMOOTHING,0.9673529,0.8972767882174831,0.2503559229224792
A1_LABEL_SMOOTHING,0.9673533,0.8972767882174831,0.2503637567862153
A1_LABEL_SMOOTHING,0.9673534,0.8972767882174831,0.250365497711402
A1_LABEL_SMOOTHING,0.9673536,0.8972767882174831,0.25036680342118073
A1_LABEL_SMOOTHING,0.9673538,0.8972767882174831,0.25036723866080013
A1_LABEL_SMOOTHING,0.9673543,0.8972767882174831,0.25036767390193276
A1_LABEL_SMOOTHING,0.9673547,0.8972767882174831,0.2503681091445787
A1_LABEL_SMOOTHING,0.96735483,0.8972767882174831,0.25036854438873785
A1_LABEL_SMOOTHING,0.9673554,0.8972767882174831,0.2503689796344103
A1_LABEL_SMOOTHING,0.9673557,0.8972767882174831,0.25036941488159603
A1_LABEL_SMOOTHING,0.96735585,0.8972767882174831,0.250369850130295
A1_LABEL_SMOOTHING,0.96735615,0.8972767882174831,0.2503702853805073
A1_LABEL_SMOOTHING,0.96735704,0.8972767882174831,0.25037159114022417
A1_LABEL_SMOOTHING,0.9673574,0.8972767882174831,0.2503728969135609
A1_LABEL_SMOOTHING,0.9673579,0.8972767882174831,0.2503733321743665
A1_LABEL_SMOOTHING,0.96735793,0.8972767882174831,0.2503742027005179
A1_LABEL_SMOOTHING,0.96735805,0.8972767882174831,0.2503807318396128
A1_LABEL_SMOOTHING,0.9673582,0.8972767882174831,0.2503950971443474
A1_LABEL_SMOOTHING,0.9673583,0.8972767882174831,0.2503955324823445
A1_LABEL_SMOOTHING,0.96735865,0.8972767882174831,0.25039596782185536
A1_LABEL_SMOOTHING,0.9673587,0.8972767882174831,0.25039640316288
A1_LABEL_SMOOTHING,0.9673588,0.8972767882174831,0.2504007566563855
A1_LABEL_SMOOTHING,0.96735895,0.8972767882174831,0.2504051103012769
A1_LABEL_SMOOTHING,0.9673592,0.8972767882174831,0.2504072871804947
A1_LABEL_SMOOTHING,0.9673593,0.8972767882174831,0.25041207644800534
A1_LABEL_SMOOTHING,0.96735954,0.8972767882174831,0.2504125118450451
A1_LABEL_SMOOTHING,0.9673596,0.8972767882174831,0.25041381804524876
A1_LABEL_SMOOTHING,0.9673597,0.8972767882174831,0.2504155596667177
A1_LABEL_SMOOTHING,0.96735996,0.8972767882174831,0.2504203492506742
A1_LABEL_SMOOTHING,0.96736044,0.8972767882174831,0.2504233972631323
A1_LABEL_SMOOTHING,0.96736085,0.8972767882174831,0.25042644534978953
A1_LABEL_SMOOTHING,0.967361,0.8972767882174831,0.2504268807967978
A1_LABEL_SMOOTHING,0.9673612,0.8972767882174831,0.2504277516953573
A1_LABEL_SMOOTHING,0.96736133,0.8972767882174831,0.2504281871469086
A1_LABEL_SMOOTHING,0.967362,0.8972767882174831,0.2504290580545543
A1_LABEL_SMOOTHING,0.9673629,0.8972767882174831,0.25043123535017003
A1_LABEL_SMOOTHING,0.96736306,0.8972767882174831,0.25043428362763764
A1_LABEL_SMOOTHING,0.9673634,0.8972767882174831,0.25043646101411976
A1_LABEL_SMOOTHING,0.96736354,0.8972767882174831,0.25044168689615837
A1_LABEL_SMOOTHING,0.96736366,0.8972767882174831,0.25044386441137756
A1_LABEL_SMOOTHING,0.9673639,0.8972767882174831,0.2504469129962995
A1_LABEL_SMOOTHING,0.96736395,0.8972767882174831,0.2504473485144899
A1_LABEL_SMOOTHING,0.9673641,0.8972767882174831,0.2504482195554149
A1_LABEL_SMOOTHING,0.9673642,0.8972767882174831,0.25044865507814945
A1_LABEL_SMOOTHING,0.96736443,0.8972767882174831,0.25045605919639674
A1_LABEL_SMOOTHING,0.96736455,0.8972767882174831,0.2504630281781993
A1_LABEL_SMOOTHING,0.9673648,0.8972767882174831,0.25046346375243905
A1_LABEL_SMOOTHING,0.96736485,0.8972767882174831,0.2504638993281938
A1_LABEL_SMOOTHING,0.96736497,0.8972767882174831,0.2504660772296926
A1_LABEL_SMOOTHING,0.9673651,0.8972767882174831,0.25047783855231004
A1_LABEL_SMOOTHING,0.96736556,0.8972767882174831,0.2504835018053053
A1_LABEL_SMOOTHING,0.9673657,0.897270558037244,0.2504835051689833
A1_LABEL_SMOOTHING,0.96736586,0.897270558037244,0.2504861190826524
A1_LABEL_SMOOTHING,0.9673661,0.897270558037244,0.25048873305087693
A1_LABEL_SMOOTHING,0.9673662,0.897270558037244,0.25048960438574214
A1_LABEL_SMOOTHING,0.96736634,0.897270558037244,0.250490040055448
A1_LABEL_SMOOTHING,0.96736646,0.897270558037244,0.2504909113994062
A1_LABEL_SMOOTHING,0.9673665,0.897270558037244,0.2504943968358603
A1_LABEL_SMOOTHING,0.96736676,0.897270558037244,0.25049570389953735
A1_LABEL_SMOOTHING,0.9673669,0.897270558037244,0.2504961395904609
A1_LABEL_SMOOTHING,0.96736753,0.897270558037244,0.2504978823693113
A1_LABEL_SMOOTHING,0.9673681,0.897270558037244,0.250499625172412
A1_LABEL_SMOOTHING,0.9673683,0.897270558037244,0.25050093229065207
A1_LABEL_SMOOTHING,0.9673684,0.897270558037244,0.2505026751361919
A1_LABEL_SMOOTHING,0.9673688,0.897270558037244,0.25050441800598344
A1_LABEL_SMOOTHING,0.967369,0.897270558037244,0.2505048537272207
A1_LABEL_SMOOTHING,0.9673692,0.897270558037244,0.2505083395516871
A1_LABEL_SMOOTHING,0.9673693,0.897270558037244,0.2505087752865666
A1_LABEL_SMOOTHING,0.96736956,0.897270558037244,0.25050964676087306
A1_LABEL_SMOOTHING,0.9673697,0.897270558037244,0.25051008250030005
A1_LABEL_SMOOTHING,0.9673698,0.897270558037244,0.2505118254731668
A1_LABEL_SMOOTHING,0.9673699,0.897270558037244,0.2505140042233579
A1_LABEL_SMOOTHING,0.9673701,0.897270558037244,0.2505153114916637
A1_LABEL_SMOOTHING,0.9673702,0.897270558037244,0.25051749030249265
A1_LABEL_SMOOTHING,0.96737045,0.897270558037244,0.2505205407013253
A1_LABEL_SMOOTHING,0.96737057,0.897270558037244,0.2505227196031158
A1_LABEL_SMOOTHING,0.967371,0.897270558037244,0.25052838492515633
A1_LABEL_SMOOTHING,0.9673711,0.897270558037244,0.25052969234355377
A1_LABEL_SMOOTHING,0.96737134,0.897270558037244,0.25053840881494394
A1_LABEL_SMOOTHING,0.9673717,0.8972643278570049,0.25053710504295973
A1_LABEL_SMOOTHING,0.96737224,0.8972643278570049,0.2505484373233127
A1_LABEL_SMOOTHING,0.96737236,0.8972643278570049,0.2505506167255267
A1_LABEL_SMOOTHING,0.9673725,0.8972643278570049,0.25056674548038965
A1_LABEL_SMOOTHING,0.9673726,0.8972643278570049,0.2505689252011246
A1_LABEL_SMOOTHING,0.9673728,0.8972643278570049,0.2505693611498224
A1_LABEL_SMOOTHING,0.9673729,0.8972643278570049,0.2505711049597834
A1_LABEL_SMOOTHING,0.967373,0.8972643278570049,0.25058069634844216
A1_LABEL_SMOOTHING,0.96737325,0.8972643278570049,0.2505815683292764
A1_LABEL_SMOOTHING,0.9673734,0.8972643278570049,0.2505824403161794
A1_LABEL_SMOOTHING,0.9673735,0.8972643278570049,0.25058462030998796
A1_LABEL_SMOOTHING,0.96737367,0.8972643278570049,0.25058505631330136
A1_LABEL_SMOOTHING,0.9673739,0.8972643278570049,0.2505907244944477
A1_LABEL_SMOOTHING,0.967374,0.8972643278570049,0.2505924686017741
A1_LABEL_SMOOTHING,0.96737415,0.8972643278570049,0.25059334066454153
A1_LABEL_SMOOTHING,0.96737427,0.8972643278570049,0.25059421273337856
A1_LABEL_SMOOTHING,0.96737444,0.8972643278570049,0.2505968289763078
A1_LABEL_SMOOTHING,0.96737456,0.8972643278570049,0.25059726502210705
A1_LABEL_SMOOTHING,0.9673747,0.8972643278570049,0.250598137118258
A1_LABEL_SMOOTHING,0.9673749,0.8972643278570049,0.2506020616260536
A1_LABEL_SMOOTHING,0.96737504,0.8972643278570049,0.2506046780328736
A1_LABEL_SMOOTHING,0.96737516,0.8972643278570049,0.2506051141059885
A1_LABEL_SMOOTHING,0.96737546,0.8972643278570049,0.2506107831945875
A1_LABEL_SMOOTHING,0.9673756,0.8972518674965266,0.2506099195010667
A1_LABEL_SMOOTHING,0.9673758,0.8972518674965266,0.2506164611216199
A1_LABEL_SMOOTHING,0.96737593,0.8972518674965266,0.25061820561144493
A1_LABEL_SMOOTHING,0.9673761,0.8972518674965266,0.25062125852707784
A1_LABEL_SMOOTHING,0.96737623,0.8972518674965266,0.25062213080234863
A1_LABEL_SMOOTHING,0.96737635,0.8972518674965266,0.25062300308369123
A1_LABEL_SMOOTHING,0.9673765,0.8972518674965266,0.2506238753711058
A1_LABEL_SMOOTHING,0.9673766,0.8972518674965266,0.2506247476645923
A1_LABEL_SMOOTHING,0.96737695,0.8972518674965266,0.25062518381361254
A1_LABEL_SMOOTHING,0.967377,0.8972518674965266,0.25063041772026334
A1_LABEL_SMOOTHING,0.9673771,0.8972518674965266,0.25063085388901846
A1_LABEL_SMOOTHING,0.96737736,0.8972518674965266,0.2506391413838172
A1_LABEL_SMOOTHING,0.9673777,0.8972518674965266,0.25064699320026246
A1_LABEL_SMOOTHING,0.96737784,0.8972518674965266,0.2506509192929694
A1_LABEL_SMOOTHING,0.9673779,0.8972518674965266,0.2506522280178708
A1_LABEL_SMOOTHING,0.96737814,0.8972518674965266,0.25065397300566516
A1_LABEL_SMOOTHING,0.96737826,0.8972518674965266,0.2506561542745753
A1_LABEL_SMOOTHING,0.9673784,0.8972518674965266,0.25065789931703786
A1_LABEL_SMOOTHING,0.9673787,0.8972518674965266,0.25065833558145
A1_LABEL_SMOOTHING,0.9673788,0.8972518674965266,0.2506592081148301
A1_LABEL_SMOOTHING,0.96737903,0.8972518674965266,0.2506618257514181
A1_LABEL_SMOOTHING,0.96737915,0.8972518674965266,0.2506688063829454
A1_LABEL_SMOOTHING,0.9673793,0.8972518674965266,0.25067011529464184
A1_LABEL_SMOOTHING,0.9673794,0.8972518674965266,0.250706770372743
A1_LABEL_SMOOTHING,0.9673795,0.8972518674965266,0.25070720680728986
A1_LABEL_SMOOTHING,0.9673797,0.8972518674965266,0.25070851612004735
A1_LABEL_SMOOTHING,0.9673798,0.8972518674965266,0.25071288059467645
A1_LABEL_SMOOTHING,0.96738017,0.8972518674965266,0.2507133170504971
A1_LABEL_SMOOTHING,0.9673803,0.8968032945193104,0.2506202609884131
A1_LABEL_SMOOTHING,0.9673804,0.8968032945193104,0.2506228791205347
A1_LABEL_SMOOTHING,0.9673807,0.8968032945193104,0.25062331548120653
A1_LABEL_SMOOTHING,0.9673808,0.8968032945193104,0.25062418820710863
A1_LABEL_SMOOTHING,0.9673812,0.8968032945193104,0.25062680642128354
A1_LABEL_SMOOTHING,0.96738136,0.8968032945193104,0.25063204301374825
A1_LABEL_SMOOTHING,0.9673815,0.8968032945193104,0.2506324794063312
A1_LABEL_SMOOTHING,0.9673816,0.8968032945193104,0.25063378859319824
A1_LABEL_SMOOTHING,0.96738183,0.8968032945193104,0.2506381526482029
A1_LABEL_SMOOTHING,0.96738195,0.8968032945193104,0.2506398983127579
A1_LABEL_SMOOTHING,0.9673821,0.8968032945193104,0.2506416440016298
A1_LABEL_SMOOTHING,0.9673822,0.8968032945193104,0.2506577927765559
A1_LABEL_SMOOTHING,0.96738225,0.8968032945193104,0.2506586657425901
A1_LABEL_SMOOTHING,0.9673824,0.8968032945193104,0.2506591022278874
A1_LABEL_SMOOTHING,0.9673825,0.8968032945193104,0.25065953871470487
A1_LABEL_SMOOTHING,0.9673826,0.8968032945193104,0.25066041169290026
A1_LABEL_SMOOTHING,0.96738285,0.8968032945193104,0.25066172117159474
A1_LABEL_SMOOTHING,0.967383,0.8968032945193104,0.2506643401700293
A1_LABEL_SMOOTHING,0.9673834,0.8968032945193104,0.2506647766750892
A1_LABEL_SMOOTHING,0.9673835,0.8968032945193104,0.2506678322530762
A1_LABEL_SMOOTHING,0.9673836,0.8968032945193104,0.2506691418093037
A1_LABEL_SMOOTHING,0.96738374,0.8968032945193104,0.2506704513792143
A1_LABEL_SMOOTHING,0.9673839,0.8968032945193104,0.25067132443342305
A1_LABEL_SMOOTHING,0.96738404,0.8968032945193104,0.25067263402613915
A1_LABEL_SMOOTHING,0.96738416,0.8968032945193104,0.2506735070955518
A1_LABEL_SMOOTHING,0.9673843,0.8968032945193104,0.25067438017104615
A1_LABEL_SMOOTHING,0.9673844,0.8968032945193104,0.25067481671107394
A1_LABEL_SMOOTHING,0.9673845,0.8968032945193104,0.25067568979569094
A1_LABEL_SMOOTHING,0.96738464,0.8968032945193104,0.2506800553100042
A1_LABEL_SMOOTHING,0.9673848,0.8968032945193104,0.250680928431113
A1_LABEL_SMOOTHING,0.96738493,0.8968032945193104,0.25068180155830405
A1_LABEL_SMOOTHING,0.96738505,0.8968032945193104,0.25068267469157735
A1_LABEL_SMOOTHING,0.9673852,0.8968032945193104,0.25068311126049486
A1_LABEL_SMOOTHING,0.9673853,0.8968032945193104,0.25068354783093294
A1_LABEL_SMOOTHING,0.9673854,0.8968032945193104,0.25068573070593253
A1_LABEL_SMOOTHING,0.96738565,0.8968032945193104,0.25068616728549437
A1_LABEL_SMOOTHING,0.96738595,0.8968032945193104,0.2506870404491799
A1_LABEL_SMOOTHING,0.9673862,0.8968032945193104,0.2506905331647492
A1_LABEL_SMOOTHING,0.9673863,0.8968032945193104,0.250692279559031
A1_LABEL_SMOOTHING,0.96738654,0.8968032945193104,0.25069358937071023
A1_LABEL_SMOOTHING,0.9673866,0.8968032945193104,0.25069620903513
A1_LABEL_SMOOTHING,0.9673867,0.8968032945193104,0.250697518887871
A1_LABEL_SMOOTHING,0.96738684,0.8968032945193104,0.2507027584357137
A1_LABEL_SMOOTHING,0.96738696,0.8968032945193104,0.2507036317149804
A1_LABEL_SMOOTHING,0.9673871,0.8968032945193104,0.2507066882403245
A1_LABEL_SMOOTHING,0.9673872,0.8968032945193104,0.25070712489288627
A1_LABEL_SMOOTHING,0.9673875,0.8968032945193104,0.2507114915021615
A1_LABEL_SMOOTHING,0.9673876,0.8968032945193104,0.2507158582635473
A1_LABEL_SMOOTHING,0.96738774,0.8968032945193104,0.2507167316340785
A1_LABEL_SMOOTHING,0.96738786,0.8968032945193104,0.2507180417012842
A1_LABEL_SMOOTHING,0.967388,0.8968032945193104,0.2507224086908509
A1_LABEL_SMOOTHING,0.9673881,0.8968032945193104,0.250723718817386
A1_LABEL_SMOOTHING,0.9673882,0.8968032945193104,0.25072546567406473
A1_LABEL_SMOOTHING,0.9673884,0.8968032945193104,0.25072764927914387
A1_LABEL_SMOOTHING,0.9673885,0.8968032945193104,0.25072808600472385
A1_LABEL_SMOOTHING,0.96738875,0.8968032945193104,0.25073070639015366
A1_LABEL_SMOOTHING,0.967389,0.8968032945193104,0.2507320166034081
A1_LABEL_SMOOTHING,0.9673893,0.8968032945193104,0.2507333268303559
A1_LABEL_SMOOTHING,0.9673895,0.8966724607342891,0.25070810179943215
A1_LABEL_SMOOTHING,0.96738976,0.8966724607342891,0.25070897524335095
A1_LABEL_SMOOTHING,0.9673899,0.8966724607342891,0.2507504708409629
A1_LABEL_SMOOTHING,0.96739,0.8966724607342891,0.2507535289546768
A1_LABEL_SMOOTHING,0.9673902,0.8966724607342891,0.2507548395976744
A1_LABEL_SMOOTHING,0.9673903,0.8966724607342891,0.2507675098530493
A1_LABEL_SMOOTHING,0.9673904,0.8966724607342891,0.2507683837109623
A1_LABEL_SMOOTHING,0.96739054,0.8966724607342891,0.25077013144505933
A1_LABEL_SMOOTHING,0.96739066,0.8966724607342891,0.25077231614693957
A1_LABEL_SMOOTHING,0.9673908,0.8966724607342891,0.25077319003835025
A1_LABEL_SMOOTHING,0.96739095,0.8966724607342891,0.2507745008868863
A1_LABEL_SMOOTHING,0.9673912,0.8966724607342891,0.25077493783944366
A1_LABEL_SMOOTHING,0.96739143,0.8966724607342891,0.2507753747935238
A1_LABEL_SMOOTHING,0.96739155,0.8966724607342891,0.25077624870625215
A1_LABEL_SMOOTHING,0.96739167,0.8966724607342891,0.25077712262507146
A1_LABEL_SMOOTHING,0.9673917,0.8966724607342891,0.2507793074487678
A1_LABEL_SMOOTHING,0.96739185,0.8966724607342891,0.25077974441807543
A1_LABEL_SMOOTHING,0.9673921,0.8966724607342891,0.25078018138890584
A1_LABEL_SMOOTHING,0.9673922,0.8966724607342891,0.2507819292874555
A1_LABEL_SMOOTHING,0.9673923,0.8966724607342891,0.2507832402273575
A1_LABEL_SMOOTHING,0.96739244,0.8966724607342891,0.25078411419490637
A1_LABEL_SMOOTHING,0.96739256,0.8966724607342891,0.25078717312929855
A1_LABEL_SMOOTHING,0.9673926,0.8966724607342891,0.25078761012601763
A1_LABEL_SMOOTHING,0.96739274,0.8966724607342891,0.25078848412402466
A1_LABEL_SMOOTHING,0.96739286,0.8966724607342891,0.25078892112531254
A1_LABEL_SMOOTHING,0.9673931,0.8966724607342891,0.2507893581281235
A1_LABEL_SMOOTHING,0.9673932,0.8966724607342891,0.2507897951324573
A1_LABEL_SMOOTHING,0.96739346,0.8966724607342891,0.25079547632739124
A1_LABEL_SMOOTHING,0.9673935,0.8966724607342891,0.25079591335304746
A1_LABEL_SMOOTHING,0.96739364,0.8966724607342891,0.2508007207357918
A1_LABEL_SMOOTHING,0.96739376,0.8966724607342891,0.2508059653635296
A1_LABEL_SMOOTHING,0.967394,0.8966724607342891,0.25080858775965426
A1_LABEL_SMOOTHING,0.96739423,0.8966724607342891,0.25080946190388226
A1_LABEL_SMOOTHING,0.96739465,0.8966724607342891,0.25080989897828126
A1_LABEL_SMOOTHING,0.967395,0.8966724607342891,0.25081033605420366
A1_LABEL_SMOOTHING,0.9673951,0.8966724607342891,0.2508112102106184
A1_LABEL_SMOOTHING,0.96739525,0.8966724607342891,0.25081208437312663
A1_LABEL_SMOOTHING,0.9673953,0.8966724607342891,0.2508138327164237
A1_LABEL_SMOOTHING,0.9673954,0.8966724607342891,0.25081558108409546
A1_LABEL_SMOOTHING,0.96739566,0.8966724607342891,0.2508168923758454
A1_LABEL_SMOOTHING,0.9673958,0.8966724607342891,0.2508173294761423
A1_LABEL_SMOOTHING,0.9673959,0.8966724607342891,0.25081995210991714
A1_LABEL_SMOOTHING,0.967396,0.8966724607342891,0.25082257479853887
A1_LABEL_SMOOTHING,0.9673963,0.8966724607342891,0.250823449040268
A1_LABEL_SMOOTHING,0.9673967,0.8966724607342891,0.25082519754200927
A1_LABEL_SMOOTHING,0.9673968,0.8966724607342891,0.2508553630347217
A1_LABEL_SMOOTHING,0.9673969,0.8966724607342891,0.2508558002691152
A1_LABEL_SMOOTHING,0.967397,0.8966724607342891,0.25085711198144073
A1_LABEL_SMOOTHING,0.9673971,0.8966724607342891,0.25085754922193093
A1_LABEL_SMOOTHING,0.9673972,0.8966724607342891,0.25085929819913405
A1_LABEL_SMOOTHING,0.96739733,0.8966724607342891,0.2508610472007251
A1_LABEL_SMOOTHING,0.96739745,0.8966724607342891,0.25086192171066624
A1_LABEL_SMOOTHING,0.9673978,0.8966724607342891,0.25087766393228306
A1_LABEL_SMOOTHING,0.96739787,0.8966724607342891,0.25087941318997764
A1_LABEL_SMOOTHING,0.967398,0.8966724607342891,0.25088072514925697
A1_LABEL_SMOOTHING,0.9673982,0.8966724607342891,0.25088116247206604
A1_LABEL_SMOOTHING,0.96739835,0.8966724607342891,0.2508815997963997
A1_LABEL_SMOOTHING,0.96739846,0.8966724607342891,0.25088291177854866
A1_LABEL_SMOOTHING,0.9673987,0.8966724607342891,0.25088334910898097
A1_LABEL_SMOOTHING,0.96739876,0.8966724607342891,0.25089165867689356
A1_LABEL_SMOOTHING,0.9673996,0.8966724607342891,0.25089253340027334
A1_LABEL_SMOOTHING,0.9673998,0.8966724607342891,0.25090521757473166
A1_LABEL_SMOOTHING,0.96740013,0.8965914683911805,0.2508952387593926
A1_LABEL_SMOOTHING,0.9674004,0.8965914683911805,0.2508961135867557
A1_LABEL_SMOOTHING,0.96740043,0.8965914683911805,0.25089698842021946
A1_LABEL_SMOOTHING,0.9674008,0.8965914683911805,0.25089917553057023
A1_LABEL_SMOOTHING,0.96740156,0.8965914683911805,0.25090311242529273
A1_LABEL_SMOOTHING,0.9674017,0.8965914683911805,0.2509105491190906
A1_LABEL_SMOOTHING,0.9674018,0.8965914683911805,0.2509118615225821
A1_LABEL_SMOOTHING,0.9674019,0.8965914683911805,0.2509122989934635
A1_LABEL_SMOOTHING,0.96740204,0.8965914683911805,0.25092061123006215
A1_LABEL_SMOOTHING,0.96740216,0.8965914683911805,0.2509210487314548
A1_LABEL_SMOOTHING,0.96740234,0.8965914683911805,0.2509223612447867
A1_LABEL_SMOOTHING,0.9674026,0.8965914683911805,0.25092411128392184
A1_LABEL_SMOOTHING,0.9674028,0.8965914683911805,0.2509245487975199
A1_LABEL_SMOOTHING,0.96740323,0.8965914683911805,0.25092498631264365
A1_LABEL_SMOOTHING,0.96740335,0.8965914683911805,0.2509297990797038
A1_LABEL_SMOOTHING,0.9674035,0.8965914683911805,0.2509464264228656
A1_LABEL_SMOOTHING,0.9674036,0.8965914683911805,0.2509468640142849
A1_LABEL_SMOOTHING,0.9674037,0.8965914683911805,0.25094730160723033
A1_LABEL_SMOOTHING,0.9674038,0.8965914683911805,0.25094773920170194
A1_LABEL_SMOOTHING,0.9674039,0.8965852382109415,0.2509477458123062
A1_LABEL_SMOOTHING,0.967404,0.8965852382109415,0.2509499338228755
A1_LABEL_SMOOTHING,0.96740425,0.8965852382109415,0.25095212187159954
A1_LABEL_SMOOTHING,0.9674045,0.8965852382109415,0.2509556228289226
A1_LABEL_SMOOTHING,0.9674046,0.8965852382109415,0.2509670016148665
A1_LABEL_SMOOTHING,0.9674047,0.8965852382109415,0.25097531753409036
A1_LABEL_SMOOTHING,0.9674048,0.8965852382109415,0.25097619292606743
A1_LABEL_SMOOTHING,0.9674049,0.8965852382109415,0.25097706832415123
A1_LABEL_SMOOTHING,0.967405,0.8965852382109415,0.2509775060254832
A1_LABEL_SMOOTHING,0.9674054,0.8965852382109415,0.2509783814327271
A1_LABEL_SMOOTHING,0.9674055,0.8965852382109415,0.2509788191386392
A1_LABEL_SMOOTHING,0.9674056,0.8965852382109415,0.2509792568460779
A1_LABEL_SMOOTHING,0.9674058,0.8965852382109415,0.2509805699775546
A1_LABEL_SMOOTHING,0.9674059,0.8965852382109415,0.2509810076911003
A1_LABEL_SMOOTHING,0.96740603,0.8965852382109415,0.2509814454061728
A1_LABEL_SMOOTHING,0.96740615,0.8965852382109415,0.25098275856055086
A1_LABEL_SMOOTHING,0.9674063,0.8965852382109415,0.2509853849105305
A1_LABEL_SMOOTHING,0.9674065,0.8965790080307023,0.25099458450698087
A1_LABEL_SMOOTHING,0.9674067,0.8965790080307023,0.25099502227245296
A1_LABEL_SMOOTHING,0.9674068,0.8965790080307023,0.2509958978079783
A1_LABEL_SMOOTHING,0.96740705,0.8965790080307023,0.2509963355780316
A1_LABEL_SMOOTHING,0.9674074,0.8965790080307023,0.2509994000111626
A1_LABEL_SMOOTHING,0.9674076,0.8965790080307023,0.25099983779343255
A1_LABEL_SMOOTHING,0.9674077,0.8965790080307023,0.25100071336255386
A1_LABEL_SMOOTHING,0.9674078,0.8965790080307023,0.2510024645191223
A1_LABEL_SMOOTHING,0.96740794,0.8965790080307023,0.2510072803256786
A1_LABEL_SMOOTHING,0.96740824,0.8965790080307023,0.25105106886289175
A1_LABEL_SMOOTHING,0.96740836,0.8965790080307023,0.2510536966609679
A1_LABEL_SMOOTHING,0.9674086,0.8965790080307023,0.251056762494919
A1_LABEL_SMOOTHING,0.9674087,0.8965790080307023,0.2510576384612298
A1_LABEL_SMOOTHING,0.96740884,0.8965790080307023,0.2510589524221574
A1_LABEL_SMOOTHING,0.96740896,0.8965790080307023,0.25105939041218966
A1_LABEL_SMOOTHING,0.9674091,0.8965790080307023,0.2510607043914557
A1_LABEL_SMOOTHING,0.9674096,0.8965790080307023,0.2510615803852743
A1_LABEL_SMOOTHING,0.96740985,0.8965790080307023,0.25106245638520586
A1_LABEL_SMOOTHING,0.96740997,0.8965790080307023,0.25106289438746404
A1_LABEL_SMOOTHING,0.96741015,0.8965790080307023,0.25106552243310715
A1_LABEL_SMOOTHING,0.9674104,0.8965790080307023,0.25107559711778354
A1_LABEL_SMOOTHING,0.9674105,0.8965790080307023,0.2510760351658935
A1_LABEL_SMOOTHING,0.96741074,0.8965790080307023,0.2510773493193944
A1_LABEL_SMOOTHING,0.96741086,0.8965790080307023,0.25107910154546187
A1_LABEL_SMOOTHING,0.9674109,0.8965790080307023,0.2510817299304203
A1_LABEL_SMOOTHING,0.96741104,0.8965790080307023,0.2510821679999302
A1_LABEL_SMOOTHING,0.96741116,0.8965790080307023,0.2510852345293013
A1_LABEL_SMOOTHING,0.9674114,0.8965790080307023,0.2510904916110661
A1_LABEL_SMOOTHING,0.96741194,0.8965790080307023,0.2510926821267738
A1_LABEL_SMOOTHING,0.9674122,0.8962301179373119,0.25101993808827483
A1_LABEL_SMOOTHING,0.9674123,0.8962301179373119,0.25102037611264183
A1_LABEL_SMOOTHING,0.9674124,0.8962301179373119,0.25102475644039135
A1_LABEL_SMOOTHING,0.96741253,0.8962301179373119,0.2510251944815744
A1_LABEL_SMOOTHING,0.9674126,0.8962301179373119,0.2510256325242862
A1_LABEL_SMOOTHING,0.9674127,0.8962301179373119,0.25103526985074315
A1_LABEL_SMOOTHING,0.96741295,0.8962301179373119,0.25103614600802393
A1_LABEL_SMOOTHING,0.96741307,0.8962301179373119,0.25103658408895774
A1_LABEL_SMOOTHING,0.9674136,0.8962301179373119,0.2510431554864481
A1_LABEL_SMOOTHING,0.96741384,0.8962301179373119,0.2510440316987744
A1_LABEL_SMOOTHING,0.9674141,0.8962301179373119,0.25104446980723116
A1_LABEL_SMOOTHING,0.9674146,0.8962301179373119,0.25104666037245227
A1_LABEL_SMOOTHING,0.96741474,0.8962301179373119,0.2510479747299349
A1_LABEL_SMOOTHING,0.96741486,0.8962301179373119,0.2510484128521542
A1_LABEL_SMOOTHING,0.9674151,0.8962301179373119,0.25105323229749493
A1_LABEL_SMOOTHING,0.9674152,0.8962301179373119,0.25105542301563893
A1_LABEL_SMOOTHING,0.9674153,0.8962301179373119,0.2510558611638557
A1_LABEL_SMOOTHING,0.9674154,0.8962301179373119,0.25105980456662763
A1_LABEL_SMOOTHING,0.96741563,0.8962301179373119,0.2510602427301381
A1_LABEL_SMOOTHING,0.96741587,0.8962301179373119,0.25106374809328175
A1_LABEL_SMOOTHING,0.9674161,0.8962301179373119,0.2510646244493623
A1_LABEL_SMOOTHING,0.96741617,0.8962301179373119,0.25108653533988917
A1_LABEL_SMOOTHING,0.9674163,0.8962301179373119,0.2510869735967088
A1_LABEL_SMOOTHING,0.96741664,0.8962301179373119,0.25108916490375555
A1_LABEL_SMOOTHING,0.96741676,0.8962301179373119,0.2510900414372838
A1_LABEL_SMOOTHING,0.96741694,0.8962301179373119,0.25109047970634285
A1_LABEL_SMOOTHING,0.96741706,0.8962301179373119,0.2510913562490509
A1_LABEL_SMOOTHING,0.96741754,0.8962301179373119,0.2510983688110387
A1_LABEL_SMOOTHING,0.9674178,0.8962301179373119,0.25110099862276986
A1_LABEL_SMOOTHING,0.96741796,0.8962301179373119,0.25110187523892147
A1_LABEL_SMOOTHING,0.9674181,0.8962301179373119,0.2511338759178372
A1_LABEL_SMOOTHING,0.96741843,0.8962301179373119,0.25113431433993294
A1_LABEL_SMOOTHING,0.96741855,0.8962301179373119,0.25113650647337327
A1_LABEL_SMOOTHING,0.9674187,0.8962301179373119,0.2511404524100077
A1_LABEL_SMOOTHING,0.96741897,0.8962301179373119,0.25114571385174594
A1_LABEL_SMOOTHING,0.9674192,0.8962301179373119,0.2511461523151753
A1_LABEL_SMOOTHING,0.96741956,0.8962301179373119,0.2511465907801356
A1_LABEL_SMOOTHING,0.96741974,0.8962301179373119,0.251147029246627
A1_LABEL_SMOOTHING,0.96742,0.8962301179373119,0.251150098554935
A1_LABEL_SMOOTHING,0.9674202,0.8962301179373119,0.25115053703367457
A1_LABEL_SMOOTHING,0.96742046,0.8962301179373119,0.2511698316140883
A1_LABEL_SMOOTHING,0.9674205,0.8962301179373119,0.2511702701617339
A1_LABEL_SMOOTHING,0.96742064,0.8962301179373119,0.2511715858138593
A1_LABEL_SMOOTHING,0.96742076,0.8962301179373119,0.251176409989576
A1_LABEL_SMOOTHING,0.9674211,0.8962301179373119,0.2511777257060243
A1_LABEL_SMOOTHING,0.96742123,0.8962301179373119,0.25117816428123685
A1_LABEL_SMOOTHING,0.9674213,0.8962301179373119,0.251179480016064
A1_LABEL_SMOOTHING,0.9674214,0.8962301179373119,0.2511807957646755
A1_LABEL_SMOOTHING,0.96742177,0.8962301179373119,0.2511851816929371
A1_LABEL_SMOOTHING,0.9674219,0.8962301179373119,0.2511908836286678
A1_LABEL_SMOOTHING,0.967422,0.8962301179373119,0.25119395400897887
A1_LABEL_SMOOTHING,0.9674222,0.8962301179373119,0.251194392640865
A1_LABEL_SMOOTHING,0.9674223,0.8962301179373119,0.25119526990923285
A1_LABEL_SMOOTHING,0.9674224,0.8962301179373119,0.2511970244643512
A1_LABEL_SMOOTHING,0.96742254,0.8962301179373119,0.25119790175110185
A1_LABEL_SMOOTHING,0.967423,0.8962301179373119,0.2512036042643476
A1_LABEL_SMOOTHING,0.9674233,0.8961865066756382,0.2511944510414775
A1_LABEL_SMOOTHING,0.9674237,0.8961865066756382,0.2511957670109754
A1_LABEL_SMOOTHING,0.9674238,0.8961865066756382,0.2511970829942617
A1_LABEL_SMOOTHING,0.967424,0.8961865066756382,0.2512027857478402
A1_LABEL_SMOOTHING,0.9674242,0.8961865066756382,0.251208488760356
A1_LABEL_SMOOTHING,0.96742445,0.8961865066756382,0.2512172631314225
A1_LABEL_SMOOTHING,0.9674246,0.8961865066756382,0.25122516058947425
A1_LABEL_SMOOTHING,0.9674247,0.8961865066756382,0.2512260381154641
A1_LABEL_SMOOTHING,0.96742535,0.8961865066756382,0.25122735441594346
A1_LABEL_SMOOTHING,0.9674256,0.8961865066756382,0.2512304258373707
A1_LABEL_SMOOTHING,0.96742564,0.8961865066756382,0.2512378853163659
A1_LABEL_SMOOTHING,0.9674259,0.8961865066756382,0.251239640552271
A1_LABEL_SMOOTHING,0.9674261,0.8961865066756382,0.25125105018348737
A1_LABEL_SMOOTHING,0.96742654,0.8961865066756382,0.25125192789035083
A1_LABEL_SMOOTHING,0.9674268,0.8961865066756382,0.25125499991266526
A1_LABEL_SMOOTHING,0.967427,0.8961865066756382,0.25127387255509925
A1_LABEL_SMOOTHING,0.96742713,0.8961865066756382,0.25127826194805897
A1_LABEL_SMOOTHING,0.96742725,0.8961865066756382,0.25127870089578935
A1_LABEL_SMOOTHING,0.96742743,0.8961865066756382,0.25127913984505335
A1_LABEL_SMOOTHING,0.9674278,0.8961865066756382,0.2512835294220405
A1_LABEL_SMOOTHING,0.96742857,0.8961865066756382,0.25128484632504255
A1_LABEL_SMOOTHING,0.9674289,0.8961865066756382,0.2512861632418476
A1_LABEL_SMOOTHING,0.96742904,0.8961865066756382,0.25128748017245595
A1_LABEL_SMOOTHING,0.96742916,0.8961865066756382,0.25128835813386347
A1_LABEL_SMOOTHING,0.9674292,0.8961865066756382,0.2512901140750834
A1_LABEL_SMOOTHING,0.96742934,0.8961865066756382,0.25130416248833853
A1_LABEL_SMOOTHING,0.96742946,0.8961865066756382,0.2513063576948006
A1_LABEL_SMOOTHING,0.9674297,0.8961865066756382,0.2513076748370866
A1_LABEL_SMOOTHING,0.96743,0.8961865066756382,0.25130811388758345
A1_LABEL_SMOOTHING,0.9674306,0.8961865066756382,0.25130943104827863
A1_LABEL_SMOOTHING,0.96743083,0.8961865066756382,0.2513116263467865
A1_LABEL_SMOOTHING,0.9674309,0.8961865066756382,0.25131338261320774
A1_LABEL_SMOOTHING,0.967431,0.8961865066756382,0.2513142607556235
A1_LABEL_SMOOTHING,0.9674311,0.8961865066756382,0.2513164561385118
A1_LABEL_SMOOTHING,0.96743125,0.8961865066756382,0.2513177733866558
A1_LABEL_SMOOTHING,0.96743137,0.8961865066756382,0.2513221643135316
A1_LABEL_SMOOTHING,0.9674315,0.8961865066756382,0.25132435983450746
A1_LABEL_SMOOTHING,0.967432,0.8961865066756382,0.25132655539384324
A1_LABEL_SMOOTHING,0.96743214,0.8961865066756382,0.2513269945103137
A1_LABEL_SMOOTHING,0.96743226,0.8961865066756382,0.2513274336283186
A1_LABEL_SMOOTHING,0.9674325,0.8961865066756382,0.25132831186893173
A1_LABEL_SMOOTHING,0.9674326,0.8961865066756382,0.25132875099154
A1_LABEL_SMOOTHING,0.9674327,0.8961865066756382,0.2513291901156828
A1_LABEL_SMOOTHING,0.96743304,0.8961865066756382,0.25132962924136004
A1_LABEL_SMOOTHING,0.9674333,0.8961865066756382,0.2513463171542298
A1_LABEL_SMOOTHING,0.9674334,0.8961865066756382,0.2513467563397583
A1_LABEL_SMOOTHING,0.9674338,0.8961865066756382,0.25134895229042314
A1_LABEL_SMOOTHING,0.9674339,0.8961865066756382,0.2513493914851606
A1_LABEL_SMOOTHING,0.96743405,0.8961865066756382,0.2513524658912995
A1_LABEL_SMOOTHING,0.96743447,0.8961865066756382,0.25135334430686757
A1_LABEL_SMOOTHING,0.9674346,0.8961865066756382,0.251353783516954
A1_LABEL_SMOOTHING,0.9674347,0.8961865066756382,0.25135729725290373
A1_LABEL_SMOOTHING,0.9674348,0.8961865066756382,0.25135817570224106
A1_LABEL_SMOOTHING,0.96743494,0.8961865066756382,0.25135861492921224
A1_LABEL_SMOOTHING,0.96743506,0.8961865066756382,0.2513612503232751
A1_LABEL_SMOOTHING,0.96743524,0.8961865066756382,0.25136256804102997
A1_LABEL_SMOOTHING,0.9674355,0.8961865066756382,0.2513669605333287
A1_LABEL_SMOOTHING,0.9674356,0.8961865066756382,0.2513678390502103
A1_LABEL_SMOOTHING,0.9674357,0.8961865066756382,0.25136827831095393
A1_LABEL_SMOOTHING,0.96743625,0.8961865066756382,0.25137003536928043
A1_LABEL_SMOOTHING,0.9674366,0.8961865066756382,0.2513704746377002
A1_LABEL_SMOOTHING,0.96743673,0.8961678161349208,0.2513696248232813
A1_LABEL_SMOOTHING,0.96743685,0.8961678161349208,0.2513700640994275
A1_LABEL_SMOOTHING,0.96743697,0.8961678161349208,0.25137050337710903
A1_LABEL_SMOOTHING,0.967437,0.8961678161349208,0.25137313907544007
A1_LABEL_SMOOTHING,0.96743715,0.8961678161349208,0.2513735783638689
A1_LABEL_SMOOTHING,0.96743727,0.8961678161349208,0.2513744569453328
A1_LABEL_SMOOTHING,0.9674376,0.8961678161349208,0.2513748962383678
A1_LABEL_SMOOTHING,0.96743786,0.8961678161349208,0.25137533553293817
A1_LABEL_SMOOTHING,0.96743804,0.8961678161349208,0.2513766534258617
A1_LABEL_SMOOTHING,0.9674383,0.8961615859546816,0.25137622374689367
A1_LABEL_SMOOTHING,0.9674384,0.8961615859546816,0.2513766630491579
A1_LABEL_SMOOTHING,0.96743876,0.8961615859546816,0.25137929889498806
A1_LABEL_SMOOTHING,0.9674388,0.8961615859546816,0.2513801775225486
A1_LABEL_SMOOTHING,0.96743906,0.8961615859546816,0.25138325276737933
A1_LABEL_SMOOTHING,0.9674394,0.8961615859546816,0.25138413142257954
A1_LABEL_SMOOTHING,0.96743983,0.8961615859546816,0.2513863280874527
A1_LABEL_SMOOTHING,0.9674402,0.8961615859546816,0.2513867674250342
A1_LABEL_SMOOTHING,0.9674404,0.8961615859546816,0.25138808544699237
A1_LABEL_SMOOTHING,0.9674407,0.8961615859546816,0.25138896413597606
A1_LABEL_SMOOTHING,0.96744084,0.8961615859546816,0.25139291831241917
A1_LABEL_SMOOTHING,0.96744096,0.8961615859546816,0.2513937970351883
A1_LABEL_SMOOTHING,0.9674413,0.8961615859546816,0.25139555449915585
A1_LABEL_SMOOTHING,0.9674415,0.8961615859546816,0.2513959938689872
A1_LABEL_SMOOTHING,0.9674416,0.8961615859546816,0.2513968726132572
A1_LABEL_SMOOTHING,0.96744174,0.8961615859546816,0.2513990695008092
A1_LABEL_SMOOTHING,0.9674421,0.8961615859546816,0.2514008270384961
A1_LABEL_SMOOTHING,0.9674423,0.8961615859546816,0.2514017058165548
A1_LABEL_SMOOTHING,0.96744275,0.8961615859546816,0.25140390278858
A1_LABEL_SMOOTHING,0.96744287,0.8961615859546816,0.2514052209902264
A1_LABEL_SMOOTHING,0.9674431,0.8961615859546816,0.2514056603938471
A1_LABEL_SMOOTHING,0.9674435,0.8961615859546816,0.25140653920569644
A1_LABEL_SMOOTHING,0.96744365,0.8961615859546816,0.2514069786139251
A1_LABEL_SMOOTHING,0.96744376,0.8961615859546816,0.2514109333571038
A1_LABEL_SMOOTHING,0.96744454,0.8961615859546816,0.25141269106067626
A1_LABEL_SMOOTHING,0.9674448,0.8961615859546816,0.2514148882247042
A1_LABEL_SMOOTHING,0.9674451,0.8961615859546816,0.25141532766211816
A1_LABEL_SMOOTHING,0.96744543,0.8961615859546816,0.2514157671010683
A1_LABEL_SMOOTHING,0.96744555,0.8961615859546816,0.2514162065415546
A1_LABEL_SMOOTHING,0.96744573,0.8961615859546816,0.25141664598357705
A1_LABEL_SMOOTHING,0.9674461,0.8961615859546816,0.25141884321673214
A1_LABEL_SMOOTHING,0.96744645,0.8961615859546816,0.25141928266797176
A1_LABEL_SMOOTHING,0.9674466,0.8961615859546816,0.2514201615750597
A1_LABEL_SMOOTHING,0.96744686,0.8961615859546816,0.251420601030908
A1_LABEL_SMOOTHING,0.96744734,0.8961615859546816,0.2514214799472134
A1_LABEL_SMOOTHING,0.96744746,0.8961615859546816,0.2514219194076705
A1_LABEL_SMOOTHING,0.96744764,0.8961615859546816,0.2514227983331935
A1_LABEL_SMOOTHING,0.96744776,0.8961615859546816,0.2514232377982594
A1_LABEL_SMOOTHING,0.9674479,0.8961615859546816,0.25142367726486164
A1_LABEL_SMOOTHING,0.967448,0.8961615859546816,0.25142499567388615
A1_LABEL_SMOOTHING,0.9674481,0.8961615859546816,0.2514254351466337
A1_LABEL_SMOOTHING,0.96744823,0.8961615859546816,0.25142675357409416
A1_LABEL_SMOOTHING,0.9674483,0.8961615859546816,0.25142719305298705
A1_LABEL_SMOOTHING,0.96744865,0.8961615859546816,0.2514276325334163
A1_LABEL_SMOOTHING,0.9674492,0.8961615859546816,0.2514289509839223
A1_LABEL_SMOOTHING,0.9674493,0.8961615859546816,0.2514346644292369
A1_LABEL_SMOOTHING,0.9674494,0.8961615859546816,0.2514355434438709
A1_LABEL_SMOOTHING,0.96744967,0.8961615859546816,0.2514359829534927
A1_LABEL_SMOOTHING,0.9674498,0.8961615859546816,0.25144433392825616
A1_LABEL_SMOOTHING,0.9674501,0.8961615859546816,0.2514456525539279
A1_LABEL_SMOOTHING,0.9674502,0.8961615859546816,0.2514460920988919
A1_LABEL_SMOOTHING,0.9674509,0.8961615859546816,0.25144697119343
A1_LABEL_SMOOTHING,0.9674511,0.8961615859546816,0.2514474107430042
A1_LABEL_SMOOTHING,0.9674516,0.8961615859546816,0.2514482898467627
A1_LABEL_SMOOTHING,0.967452,0.8961615859546816,0.2514487294009471
A1_LABEL_SMOOTHING,0.9674526,0.8961615859546816,0.2514491689566683
A1_LABEL_SMOOTHING,0.967453,0.8961615859546816,0.2514504876330524
A1_LABEL_SMOOTHING,0.9674531,0.8961615859546816,0.2514531250273144
A1_LABEL_SMOOTHING,0.96745336,0.8961615859546816,0.2514535645984036
A1_LABEL_SMOOTHING,0.96745354,0.8961615859546816,0.2514592791624201
A1_LABEL_SMOOTHING,0.967454,0.8960432125301385,0.2514344154822468
A1_LABEL_SMOOTHING,0.9674548,0.8960432125301385,0.25143485504598706
A1_LABEL_SMOOTHING,0.9674553,0.8960432125301385,0.2514352946112642
A1_LABEL_SMOOTHING,0.9674557,0.8960432125301385,0.25143573417807824
A1_LABEL_SMOOTHING,0.9674559,0.8960432125301385,0.25143617374642924
A1_LABEL_SMOOTHING,0.96745604,0.8960432125301385,0.25143705288774204
A1_LABEL_SMOOTHING,0.9674562,0.8960432125301385,0.25143793203520265
A1_LABEL_SMOOTHING,0.96745646,0.8960432125301385,0.2514388111888112
A1_LABEL_SMOOTHING,0.9674566,0.8960432125301385,0.2514392507679209
A1_LABEL_SMOOTHING,0.9674567,0.8960432125301385,0.2514401299307514
A1_LABEL_SMOOTHING,0.9674568,0.8959559900067909,0.25142180799079694
A1_LABEL_SMOOTHING,0.96745694,0.8959559900067909,0.25142224755324466
A1_LABEL_SMOOTHING,0.967457,0.8959559900067909,0.25142444538853836
A1_LABEL_SMOOTHING,0.96745723,0.8959559900067909,0.25142532453341493
A1_LABEL_SMOOTHING,0.9674579,0.8959559900067909,0.25142576410815876
A1_LABEL_SMOOTHING,0.967458,0.8959559900067909,0.25142620368443963
A1_LABEL_SMOOTHING,0.9674589,0.8959559900067909,0.2514266432622576
A1_LABEL_SMOOTHING,0.9674596,0.8959559900067909,0.25142752242250466
A1_LABEL_SMOOTHING,0.96746004,0.8959559900067909,0.25142796200493384
A1_LABEL_SMOOTHING,0.96746016,0.8959559900067909,0.25143059953178787
A1_LABEL_SMOOTHING,0.96746105,0.8959559900067909,0.2514314787197029
A1_LABEL_SMOOTHING,0.96746117,0.8959559900067909,0.25143235791376656
A1_LABEL_SMOOTHING,0.9674614,0.8959559900067909,0.2514327975131041
A1_LABEL_SMOOTHING,0.96746206,0.8959559900067909,0.25143323711397886
A1_LABEL_SMOOTHING,0.9674622,0.8959559900067909,0.2514345559258262
A1_LABEL_SMOOTHING,0.96746224,0.8959559900067909,0.2514349955328497
A1_LABEL_SMOOTHING,0.9674625,0.8959559900067909,0.2514358747515084
A1_LABEL_SMOOTHING,0.9674626,0.8959559900067909,0.2514363143631436
A1_LABEL_SMOOTHING,0.96746284,0.8959559900067909,0.25143719359102573
A1_LABEL_SMOOTHING,0.96746325,0.8959559900067909,0.25143895206523714
A1_LABEL_SMOOTHING,0.967464,0.8959559900067909,0.2514393916876332
A1_LABEL_SMOOTHING,0.96746427,0.8959559900067909,0.2514402709370372
A1_LABEL_SMOOTHING,0.9674677,0.8959559900067909,0.25144071056404516
A1_LABEL_SMOOTHING,0.9674681,0.8959559900067909,0.25144158982267306
A1_LABEL_SMOOTHING,0.96746874,0.8959559900067909,0.251442908722145
A1_LABEL_SMOOTHING,0.967469,0.8959559900067909,0.251443348358377
A1_LABEL_SMOOTHING,0.9674695,0.8959559900067909,0.2514437879961464
A1_LABEL_SMOOTHING,0.96747,0.8959559900067909,0.2514451069186789
A1_LABEL_SMOOTHING,0.96747065,0.8959559900067909,0.25144642585504795
A1_LABEL_SMOOTHING,0.9674714,0.8959559900067909,0.25144686550357914
A1_LABEL_SMOOTHING,0.96747196,0.8959435296463126,0.2514455667828249
A1_LABEL_SMOOTHING,0.9674723,0.8959372994660736,0.25144425793817315
A1_LABEL_SMOOTHING,0.967473,0.8959372994660736,0.25144469758829485
A1_LABEL_SMOOTHING,0.96747345,0.8958313864020087,0.2514224465030722
A1_LABEL_SMOOTHING,0.9674736,0.8958313864020087,0.25142288612889296
A1_LABEL_SMOOTHING,0.96747375,0.8958313864020087,0.25142376538514666
A1_LABEL_SMOOTHING,0.96747553,0.8958313864020087,0.2514242050155797
A1_LABEL_SMOOTHING,0.9674763,0.8958313864020087,0.25142464464755016
A1_LABEL_SMOOTHING,0.9674768,0.8958313864020087,0.2514268428304645
A1_LABEL_SMOOTHING,0.9674771,0.8958313864020087,0.2514272824716598
A1_LABEL_SMOOTHING,0.96747756,0.8958313864020087,0.2514277221143926
A1_LABEL_SMOOTHING,0.9674778,0.8958313864020087,0.25142816175866295
A1_LABEL_SMOOTHING,0.9674789,0.8958313864020087,0.2514286014044708
A1_LABEL_SMOOTHING,0.9674791,0.8958313864020087,0.25142992035111955
A1_LABEL_SMOOTHING,0.9674796,0.8958251562217695,0.2514286113967168
A1_LABEL_SMOOTHING,0.9674809,0.8958251562217695,0.25142949069913023
A1_LABEL_SMOOTHING,0.9674817,0.8958251562217695,0.25142993035264327
A1_LABEL_SMOOTHING,0.96748483,0.8958251562217695,0.2514303700076939
A1_LABEL_SMOOTHING,0.9674855,0.8958251562217695,0.2514308096642821
A1_LABEL_SMOOTHING,0.96748906,0.8958251562217695,0.2514312493224079
A1_LABEL_SMOOTHING,0.96748936,0.8958126958612913,0.2514286313816282
A1_LABEL_SMOOTHING,0.9674919,0.8958126958612913,0.2514295106964122
A1_LABEL_SMOOTHING,0.9674932,0.8958126958612913,0.25142995035611054
A1_LABEL_SMOOTHING,0.9674956,0.8958126958612913,0.2514303900173465
A1_LABEL_SMOOTHING,0.9674979,0.8958126958612913,0.25143082968012015
A1_LABEL_SMOOTHING,0.9674988,0.8958126958612913,0.25143126934443144
A1_LABEL_SMOOTHING,0.9675021,0.8958126958612913,0.2514321486776669
A1_LABEL_SMOOTHING,0.9675029,0.8957503940589001,0.25141905857747904
A1_LABEL_SMOOTHING,0.9675078,0.8957503940589001,0.25141949823120113
A1_LABEL_SMOOTHING,0.967508,0.895744163878661,0.2514181891944825
A1_LABEL_SMOOTHING,0.96751094,0.895744163878661,0.251418628848222
A1_LABEL_SMOOTHING,0.9675207,0.8957379336984219,0.2514173198054049
A1_LABEL_SMOOTHING,0.9675259,0.8957254733379436,0.2514147017060358
A1_LABEL_SMOOTHING,0.96752596,0.8957130129774654,0.2514120835883536
A1_LABEL_SMOOTHING,0.9675355,0.8957067827972264,0.251410774522645
A1_LABEL_SMOOTHING,0.96753603,0.8957067827972264,0.2514112141688001
A1_LABEL_SMOOTHING,0.96753883,0.8957005526169872,0.25140990509699274
A1_LABEL_SMOOTHING,0.96754116,0.8956943224367481,0.25140859602060694
A1_LABEL_SMOOTHING,0.9675414,0.895688092256509,0.25140728693964276
A1_LABEL_SMOOTHING,0.9675422,0.8956818620762699,0.25140597785410007
A1_LABEL_SMOOTHING,0.9675432,0.8956694017157917,0.2514033596692793
A1_LABEL_SMOOTHING,0.967545,0.8956631715355525,0.2514020505700011
A1_LABEL_SMOOTHING,0.96754515,0.8956569413553134,0.2514007414661444
A1_LABEL_SMOOTHING,0.9675453,0.8956507111750743,0.25139943235770906
A1_LABEL_SMOOTHING,0.9675528,0.8956444809948352,0.2513981232446952
A1_LABEL_SMOOTHING,0.9675533,0.895638250814596,0.25139681412710263
A1_LABEL_SMOOTHING,0.9675598,0.895632020634357,0.25139550500493146
A1_LABEL_SMOOTHING,0.96756,0.8956257904541178,0.2513941958781816
A1_LABEL_SMOOTHING,0.9675726,0.8956195602738787,0.2513928867468531
A1_LABEL_SMOOTHING,0.96757275,0.8956133300936396,0.2513915776109458
A1_LABEL_SMOOTHING,0.9675772,0.8956070999134005,0.25139026847045987
A1_LABEL_SMOOTHING,0.9675858,0.8956008697331613,0.25138895932539507
A1_LABEL_SMOOTHING,0.96758884,0.8955946395529223,0.25138765017575154
A1_LABEL_SMOOTHING,0.967599,0.8955884093726831,0.2513863410215292
A1_LABEL_SMOOTHING,0.96760535,0.895582179192444,0.2513850318627279
A1_LABEL_SMOOTHING,0.9676134,0.8955759490122049,0.2513837226993479
A1_LABEL_SMOOTHING,0.9676148,0.8955697188319658,0.2513824135313889
A1_LABEL_SMOOTHING,0.96761763,0.8955634886517267,0.251381104358851
A1_LABEL_SMOOTHING,0.9676193,0.8955572584714876,0.25137979518173426
A1_LABEL_SMOOTHING,0.96761984,0.8955510282912484,0.2513784860000385
A1_LABEL_SMOOTHING,0.9676202,0.8955510282912484,0.2513789256097177
A1_LABEL_SMOOTHING,0.9676205,0.8955447981110094,0.25137761642192225
A1_LABEL_SMOOTHING,0.96762174,0.8955385679307702,0.25137630722954774
A1_LABEL_SMOOTHING,0.96762186,0.8955323377505311,0.2513749980325942
A1_LABEL_SMOOTHING,0.9676224,0.8955198773900529,0.25137237962494996
A1_LABEL_SMOOTHING,0.9676233,0.8955074170295747,0.2513697611989892
A1_LABEL_SMOOTHING,0.96762353,0.8955011868493356,0.2513684519791401
A1_LABEL_SMOOTHING,0.9676238,0.8954887264888574,0.25136583352570424
A1_LABEL_SMOOTHING,0.9676242,0.8954824963086182,0.2513645242921175
A1_LABEL_SMOOTHING,0.96762455,0.8954638057679009,0.2513605965638816
A1_LABEL_SMOOTHING,0.96762466,0.8954513454074227,0.25135797805549437
A1_LABEL_SMOOTHING,0.96762496,0.8954451152271835,0.2513566687944317
A1_LABEL_SMOOTHING,0.9676252,0.8954388850469444,0.25135535952878957
A1_LABEL_SMOOTHING,0.96762544,0.8954326548667053,0.25135405025856805
A1_LABEL_SMOOTHING,0.96762633,0.8954201945062271,0.2513514317043867
A1_LABEL_SMOOTHING,0.967627,0.895413964325988,0.2513501224204267
A1_LABEL_SMOOTHING,0.96762764,0.8954077341457488,0.2513488131318872
A1_LABEL_SMOOTHING,0.9676279,0.8954015039655098,0.25134750383876825
A1_LABEL_SMOOTHING,0.96762854,0.8953890436050315,0.25134488523879145
A1_LABEL_SMOOTHING,0.9676288,0.8953828134247924,0.2513435759319336
A1_LABEL_SMOOTHING,0.967629,0.8953765832445533,0.2513422666204962
A1_LABEL_SMOOTHING,0.96762943,0.8953703530643141,0.2513409573044791
A1_LABEL_SMOOTHING,0.96762955,0.8953641228840751,0.25133964798388225
A1_LABEL_SMOOTHING,0.9676299,0.8953578927038359,0.2513383386587057
A1_LABEL_SMOOTHING,0.9676302,0.8953454323433577,0.2513357199946134
A1_LABEL_SMOOTHING,0.9676307,0.8953392021631186,0.25133441065569756
A1_LABEL_SMOOTHING,0.9676308,0.8953329719828794,0.25133310131220193
A1_LABEL_SMOOTHING,0.967631,0.8953267418026404,0.2513317919641264
A1_LABEL_SMOOTHING,0.9676311,0.8953205116224012,0.2513304826114711
A1_LABEL_SMOOTHING,0.9676312,0.8953142814421621,0.25132917325423587
A1_LABEL_SMOOTHING,0.9676316,0.895308051261923,0.25132786389242073
A1_LABEL_SMOOTHING,0.9676317,0.8952893607212057,0.25132393577949563
A1_LABEL_SMOOTHING,0.967632,0.8952831305409665,0.2513226263993606
A1_LABEL_SMOOTHING,0.96763235,0.8952769003607275,0.25132131701464555
A1_LABEL_SMOOTHING,0.9676331,0.8952706701804883,0.25132000762535045
A1_LABEL_SMOOTHING,0.96763355,0.8952644400002492,0.2513186982314753
A1_LABEL_SMOOTHING,0.96763414,0.8952582098200101,0.25131738883301996
A1_LABEL_SMOOTHING,0.96763444,0.8952395192792928,0.2513134606101733
A1_LABEL_SMOOTHING,0.96763515,0.8952332890990536,0.25131215119339734
A1_LABEL_SMOOTHING,0.96763533,0.8952270589188145,0.2513108417720412
A1_LABEL_SMOOTHING,0.9676357,0.8952083683780971,0.25130691348049117
A1_LABEL_SMOOTHING,0.9676362,0.8952021381978581,0.2513056040408139
A1_LABEL_SMOOTHING,0.96763635,0.8951896778373798,0.2513029851477183
A1_LABEL_SMOOTHING,0.9676366,0.8951834476571408,0.2513016756942999
A1_LABEL_SMOOTHING,0.96763724,0.8951772174769016,0.25130036623630114
A1_LABEL_SMOOTHING,0.9676377,0.8951709872966624,0.2512990567737219
A1_LABEL_SMOOTHING,0.96763784,0.8951585269361843,0.25129643783482203
A1_LABEL_SMOOTHING,0.9676379,0.8951522967559451,0.2512951283585013
A1_LABEL_SMOOTHING,0.96763915,0.8951460665757061,0.2512938188776001
A1_LABEL_SMOOTHING,0.9676399,0.8951336062152279,0.25129119990205595
A1_LABEL_SMOOTHING,0.9676403,0.8951211458547496,0.2512885809081894
A1_LABEL_SMOOTHING,0.9676404,0.8951149156745105,0.2512872714043851
A1_LABEL_SMOOTHING,0.9676407,0.8951086854942714,0.25128596189600017
A1_LABEL_SMOOTHING,0.9676435,0.8951024553140322,0.25128509188472564
A1_LABEL_SMOOTHING,0.9676444,0.8950962251337932,0.25128378236565757
A1_LABEL_SMOOTHING,0.9676453,0.895089994953554,0.2512824728420088
A1_LABEL_SMOOTHING,0.96764654,0.895089994953554,0.2512833518439164
A1_LABEL_SMOOTHING,0.96764696,0.8950837647733149,0.2512820423126434
A1_LABEL_SMOOTHING,0.9676486,0.8950775345930758,0.2512807327767896
A1_LABEL_SMOOTHING,0.9676514,0.8950775345930758,0.2512811722770061
A1_LABEL_SMOOTHING,0.9676541,0.8950713044128367,0.2512798627350496
A1_LABEL_SMOOTHING,0.9676551,0.8950713044128367,0.25128074173705134
A1_LABEL_SMOOTHING,0.9676563,0.8950650742325975,0.2512794321874705
A1_LABEL_SMOOTHING,0.96765894,0.8950588440523585,0.2512781226333087
A1_LABEL_SMOOTHING,0.96765983,0.8950588440523585,0.25127856213357214
A1_LABEL_SMOOTHING,0.9676628,0.8950526138721193,0.2512776920735867
A1_LABEL_SMOOTHING,0.96766603,0.8950526138721193,0.2512781315754032
A1_LABEL_SMOOTHING,0.96767366,0.8950526138721193,0.2512785710787572
A1_LABEL_SMOOTHING,0.967676,0.8950526138721193,0.25127945009007746
A1_LABEL_SMOOTHING,0.9676765,0.8950526138721193,0.2512798895980438
A1_LABEL_SMOOTHING,0.96767724,0.8950526138721193,0.25128428476226955
A1_LABEL_SMOOTHING,0.9676779,0.8950526138721193,0.25128472428714854
A1_LABEL_SMOOTHING,0.967678,0.8950526138721193,0.2512856033415192
A1_LABEL_SMOOTHING,0.9676793,0.8950526138721193,0.2512860428710109
A1_LABEL_SMOOTHING,0.9676798,0.8950526138721193,0.25128648240204016
A1_LABEL_SMOOTHING,0.9676801,0.8950526138721193,0.2512891196205056
A1_LABEL_SMOOTHING,0.96768034,0.8950526138721193,0.2512899987056284
A1_LABEL_SMOOTHING,0.967681,0.8950526138721193,0.251299229470775
A1_LABEL_SMOOTHING,0.9676816,0.8950463836918802,0.25129791982983607
A1_LABEL_SMOOTHING,0.9676825,0.8950463836918802,0.2513001177234077
A1_LABEL_SMOOTHING,0.96768266,0.8950463836918802,0.2513005573067356
A1_LABEL_SMOOTHING,0.96768355,0.8950463836918802,0.2513009968916014
A1_LABEL_SMOOTHING,0.9676847,0.8950463836918802,0.2513036344330918
A1_LABEL_SMOOTHING,0.9676856,0.8950463836918802,0.25130803045861094
A1_LABEL_SMOOTHING,0.96768606,0.8950463836918802,0.25131066814774644
A1_LABEL_SMOOTHING,0.9676862,0.8950463836918802,0.25131110776798554
A1_LABEL_SMOOTHING,0.9676865,0.8950463836918802,0.2513115473897627
A1_LABEL_SMOOTHING,0.96768713,0.8950463836918802,0.2513119870130779
A1_LABEL_SMOOTHING,0.96768737,0.8950463836918802,0.2513128662643226
A1_LABEL_SMOOTHING,0.9676875,0.8950463836918802,0.25131374552171964
A1_LABEL_SMOOTHING,0.9676877,0.8950463836918802,0.2513146247852692
A1_LABEL_SMOOTHING,0.96768814,0.8950463836918802,0.2513150644193512
A1_LABEL_SMOOTHING,0.9676884,0.8950463836918802,0.2513159436921295
A1_LABEL_SMOOTHING,0.9676888,0.8950463836918802,0.25131638333082595
A1_LABEL_SMOOTHING,0.9676895,0.8950463836918802,0.2513177022561442
A1_LABEL_SMOOTHING,0.9676897,0.8950463836918802,0.25131858154738057
A1_LABEL_SMOOTHING,0.96769005,0.8950401535116411,0.251319470077725
A1_LABEL_SMOOTHING,0.96769017,0.8950401535116411,0.25131990973181956
A1_LABEL_SMOOTHING,0.9676905,0.8950401535116411,0.25132254768869045
A1_LABEL_SMOOTHING,0.9676908,0.8950401535116411,0.25132386668789286
A1_LABEL_SMOOTHING,0.96769106,0.8950401535116411,0.2513243063573703
A1_LABEL_SMOOTHING,0.9676912,0.8950401535116411,0.25132518570094015
A1_LABEL_SMOOTHING,0.9676914,0.8950401535116411,0.2513260650506634
A1_LABEL_SMOOTHING,0.9676915,0.8950401535116411,0.251327384086786
A1_LABEL_SMOOTHING,0.9676917,0.8950401535116411,0.25132826345189296
A1_LABEL_SMOOTHING,0.96769184,0.8950401535116411,0.2513287031367541
A1_LABEL_SMOOTHING,0.9676924,0.8950401535116411,0.2513291428231536
A1_LABEL_SMOOTHING,0.9676931,0.8950401535116411,0.2513295825110915
A1_LABEL_SMOOTHING,0.96769327,0.895033923331402,0.251328712434789
A1_LABEL_SMOOTHING,0.96769416,0.895033923331402,0.2513295918153127
A1_LABEL_SMOOTHING,0.9676943,0.895033923331402,0.25133003150788225
A1_LABEL_SMOOTHING,0.96769464,0.895033923331402,0.25133091089763665
A1_LABEL_SMOOTHING,0.9676949,0.8950276931511628,0.25133004081532684
A1_LABEL_SMOOTHING,0.96769565,0.8950276931511628,0.2513313599115459
A1_LABEL_SMOOTHING,0.9676964,0.8950276931511628,0.25133223931671783
A1_LABEL_SMOOTHING,0.9676971,0.8950276931511628,0.25133267902161155
A1_LABEL_SMOOTHING,0.9676981,0.8950276931511628,0.25133311872804376
A1_LABEL_SMOOTHING,0.9676982,0.8950152327906846,0.25133049913399463
A1_LABEL_SMOOTHING,0.9676992,0.8950152327906846,0.251330938838921
A1_LABEL_SMOOTHING,0.96769935,0.8950152327906846,0.25133181825338924
A1_LABEL_SMOOTHING,0.96769965,0.8950152327906846,0.25133225796293124
A1_LABEL_SMOOTHING,0.9677,0.8950152327906846,0.2513344565337196
A1_LABEL_SMOOTHING,0.9677003,0.8950152327906846,0.2513348962524931
A1_LABEL_SMOOTHING,0.967701,0.8950152327906846,0.25133577569465587
A1_LABEL_SMOOTHING,0.967702,0.8950152327906846,0.2513362154180452
A1_LABEL_SMOOTHING,0.96770245,0.8950152327906846,0.2513366551429731
A1_LABEL_SMOOTHING,0.9677036,0.8950152327906846,0.2513370948694397
A1_LABEL_SMOOTHING,0.9677037,0.8950152327906846,0.25133797432698884
A1_LABEL_SMOOTHING,0.96770376,0.8950152327906846,0.25133841405807145
A1_LABEL_SMOOTHING,0.96770436,0.8949840818894891,0.2513318648557387
A1_LABEL_SMOOTHING,0.96770465,0.8949840818894891,0.25133230458074834
A1_LABEL_SMOOTHING,0.9677048,0.8949840818894891,0.2513336237650093
A1_LABEL_SMOOTHING,0.96770513,0.8949840818894891,0.2513345032288767
A1_LABEL_SMOOTHING,0.96770537,0.8948781688254241,0.25131223492854443
A1_LABEL_SMOOTHING,0.9677055,0.8948781688254241,0.251312674636904
A1_LABEL_SMOOTHING,0.96770793,0.8945604296332292,0.25124586170935026
A1_LABEL_SMOOTHING,0.9677091,0.8945604296332292,0.25124630134157844
A1_LABEL_SMOOTHING,0.96771026,0.8945604296332292,0.25124674097534516
A1_LABEL_SMOOTHING,0.9677104,0.894547969272751,0.2512441206114564
A1_LABEL_SMOOTHING,0.96771073,0.8945355089122728,0.25124193985843896
A1_LABEL_SMOOTHING,0.96771103,0.8945355089122728,0.25124281912147867
A1_LABEL_SMOOTHING,0.96771127,0.8945292787320337,0.25124150891891606
A1_LABEL_SMOOTHING,0.96771204,0.8944669769296426,0.2512284066410953
A1_LABEL_SMOOTHING,0.9677124,0.8944295958482079,0.2512205450542989
A1_LABEL_SMOOTHING,0.9677125,0.8944295958482079,0.25122142427169514
A1_LABEL_SMOOTHING,0.9677145,0.8944295958482079,0.25122186388270107
A1_LABEL_SMOOTHING,0.9677151,0.894329912964382,0.25120089877101465
A1_LABEL_SMOOTHING,0.9677155,0.894217769720078,0.2511773116170163
A1_LABEL_SMOOTHING,0.96771574,0.8942053093595997,0.2511746907303995
A1_LABEL_SMOOTHING,0.96771616,0.8938501890859702,0.25109998774874426
A1_LABEL_SMOOTHING,0.9677178,0.8937567363823835,0.2510807660399682
A1_LABEL_SMOOTHING,0.96771955,0.8937131251207098,0.25107159046953953
A1_LABEL_SMOOTHING,0.96771973,0.8937068949404706,0.25107027965541023
A1_LABEL_SMOOTHING,0.9677203,0.8937006647602315,0.2510689688366924
A1_LABEL_SMOOTHING,0.9677215,0.8936944345799924,0.2510680974475928
A1_LABEL_SMOOTHING,0.96772164,0.8936819742195141,0.2510659152168586
A1_LABEL_SMOOTHING,0.9677219,0.8936508233183186,0.2510593609703589
A1_LABEL_SMOOTHING,0.9677231,0.8935262197135363,0.2510331428371389
A1_LABEL_SMOOTHING,0.96772367,0.8934265368297105,0.25101216700886925
A1_LABEL_SMOOTHING,0.967726,0.8934140764692322,0.2510095449477242
A1_LABEL_SMOOTHING,0.9677261,0.8933704652075585,0.25100036758914035
A1_LABEL_SMOOTHING,0.96772635,0.8933393143063629,0.2509938121953141
A1_LABEL_SMOOTHING,0.96772766,0.8931960201608633,0.2509636559056965
A1_LABEL_SMOOTHING,0.967728,0.8931897899806241,0.2509623447075855
A1_LABEL_SMOOTHING,0.96773005,0.8931897899806241,0.2509627840212863
A1_LABEL_SMOOTHING,0.9677329,0.8931710994399068,0.25095885039483107
A1_LABEL_SMOOTHING,0.9677336,0.8886604489467881,0.25000832554821545
A1_LABEL_SMOOTHING,0.96773714,0.8886168376851142,0.24999912361575108
A1_LABEL_SMOOTHING,0.9677383,0.887296039474422,0.24972032950269502
A1_LABEL_SMOOTHING,0.9677404,0.8872835791139437,0.24971769838263969
A1_LABEL_SMOOTHING,0.9677407,0.8872773489337047,0.24971638281569178
A1_LABEL_SMOOTHING,0.9677426,0.8872524282127482,0.24971112050176483
A1_LABEL_SMOOTHING,0.96774364,0.887246198032509,0.24970980491174913
A1_LABEL_SMOOTHING,0.9677472,0.88723996785227,0.24970848931711978
A1_LABEL_SMOOTHING,0.96774733,0.8872275074917917,0.2497058581140201
A1_LABEL_SMOOTHING,0.96775067,0.8872275074917917,0.2497067338124955
A1_LABEL_SMOOTHING,0.9677512,0.8872212773115526,0.24970541820094688
A1_LABEL_SMOOTHING,0.96775144,0.8872150471313135,0.24970410258478448
A1_LABEL_SMOOTHING,0.9677518,0.8872150471313135,0.24971417348792516
A1_LABEL_SMOOTHING,0.96775615,0.8872150471313135,0.24971723870664547
A1_LABEL_SMOOTHING,0.9677563,0.8872150471313135,0.24971899029398614
A1_LABEL_SMOOTHING,0.96775794,0.8872150471313135,0.24971942819466073
A1_LABEL_SMOOTHING,0.9677582,0.8872150471313135,0.24972074190589924
A1_LABEL_SMOOTHING,0.9677585,0.8868973079391187,0.24965363637957946
A1_LABEL_SMOOTHING,0.9677604,0.8857571849553607,0.2494127471154875
A1_LABEL_SMOOTHING,0.9677605,0.8857571849553607,0.2494149348621632
A1_LABEL_SMOOTHING,0.96776104,0.8845298394482553,0.2491554424604045
A1_LABEL_SMOOTHING,0.9677613,0.8845298394482553,0.24915587971022632
A1_LABEL_SMOOTHING,0.9677614,0.8837759876393224,0.24899640689973548
A1_LABEL_SMOOTHING,0.96776175,0.8837759876393224,0.24899815516614915
A1_LABEL_SMOOTHING,0.96776265,0.8834208673656929,0.24892300778383616
A1_LABEL_SMOOTHING,0.96776384,0.8834208673656929,0.24892344476608952
A1_LABEL_SMOOTHING,0.9677646,0.8834208673656929,0.24892388174987712
A1_LABEL_SMOOTHING,0.9677656,0.8834208673656929,0.24892475572205505
A1_LABEL_SMOOTHING,0.96776587,0.8834208673656929,0.24892606669182898
A1_LABEL_SMOOTHING,0.9677663,0.8834208673656929,0.2489265036848222
A1_LABEL_SMOOTHING,0.9677664,0.8834208673656929,0.24892737767541148
A1_LABEL_SMOOTHING,0.96776706,0.8834208673656929,0.24892825167213806
A1_LABEL_SMOOTHING,0.96776754,0.8834208673656929,0.2489295626787354
A1_LABEL_SMOOTHING,0.96776766,0.8834208673656929,0.2489313107090128
A1_LABEL_SMOOTHING,0.9677679,0.8834208673656929,0.2489326217478319
A1_LABEL_SMOOTHING,0.96776795,0.8730040060058938,0.24672153084437307
A1_LABEL_SMOOTHING,0.9677682,0.8706614582359867,0.24622250569090795
A1_LABEL_SMOOTHING,0.96776897,0.8706614582359867,0.24622293950888963
A1_LABEL_SMOOTHING,0.9677692,0.8706614582359867,0.2462281454439098
A1_LABEL_SMOOTHING,0.96777,0.8706614582359867,0.24622857928176503
A1_LABEL_SMOOTHING,0.96777135,0.8706614582359867,0.2462294469620619
A1_LABEL_SMOOTHING,0.967772,0.8706552280557477,0.24622811886072715
A1_LABEL_SMOOTHING,0.9677721,0.8692783582229033,0.24593492710630266
A1_LABEL_SMOOTHING,0.9677724,0.8690852226354908,0.24589372150988362
A1_LABEL_SMOOTHING,0.9677732,0.8690852226354908,0.2458941549547771
A1_LABEL_SMOOTHING,0.96777344,0.8690852226354908,0.24589458840119865
A1_LABEL_SMOOTHING,0.9677738,0.8690852226354908,0.24589502184914833
A1_LABEL_SMOOTHING,0.96777403,0.8690852226354908,0.2458980560275837
A1_LABEL_SMOOTHING,0.96777445,0.8690665320947735,0.2458940681028541
A1_LABEL_SMOOTHING,0.96777546,0.8690665320947735,0.24589493501525683
A1_LABEL_SMOOTHING,0.9677757,0.8690665320947735,0.24589666885840047
A1_LABEL_SMOOTHING,0.9677759,0.8690665320947735,0.2458979692568044
A1_LABEL_SMOOTHING,0.967776,0.8690665320947735,0.2458984027259955
A1_LABEL_SMOOTHING,0.9677776,0.8690665320947735,0.24590187053454168
A1_LABEL_SMOOTHING,0.9677778,0.8690665320947735,0.24590317098796335
A1_LABEL_SMOOTHING,0.967778,0.8690665320947735,0.2459040379645528
A1_LABEL_SMOOTHING,0.96777827,0.8690665320947735,0.24590447145514002
A1_LABEL_SMOOTHING,0.96777856,0.8690665320947735,0.2459049049472556
A1_LABEL_SMOOTHING,0.96777916,0.8690665320947735,0.24590533844089954
A1_LABEL_SMOOTHING,0.96777934,0.8690353811935779,0.2458986916006473
A1_LABEL_SMOOTHING,0.9677798,0.8690353811935779,0.2458991250879231
A1_LABEL_SMOOTHING,0.96778005,0.8690353811935779,0.2459021595416483
A1_LABEL_SMOOTHING,0.9677802,0.8690353811935779,0.24590389354883066
A1_LABEL_SMOOTHING,0.96778095,0.8690291510133388,0.24590256414776684
A1_LABEL_SMOOTHING,0.9677815,0.8690291510133388,0.24590299765180415
A1_LABEL_SMOOTHING,0.96778196,0.8690291510133388,0.24590343115736996
A1_LABEL_SMOOTHING,0.96778214,0.8690291510133388,0.24590429817308693
A1_LABEL_SMOOTHING,0.96778226,0.8690229208330997,0.24590383577969036
A1_LABEL_SMOOTHING,0.96778274,0.8690166906528606,0.24590250635977554
A1_LABEL_SMOOTHING,0.96778375,0.8670915649589742,0.24549149098298195
A1_LABEL_SMOOTHING,0.96778405,0.8670853347787352,0.24549016010879707
A1_LABEL_SMOOTHING,0.9677844,0.8670354933368223,0.24547951294629392
A1_LABEL_SMOOTHING,0.9677847,0.8670292631565831,0.24547818202985264
A1_LABEL_SMOOTHING,0.96778506,0.867023032976344,0.2454768511087161
A1_LABEL_SMOOTHING,0.9677861,0.8670168027961049,0.24547595318522178
A1_LABEL_SMOOTHING,0.96778697,0.8670168027961049,0.24547681919447958
A1_LABEL_SMOOTHING,0.96778727,0.8670105726158658,0.24547592126453713
A1_LABEL_SMOOTHING,0.9677875,0.8667177541446274,0.24541336193513788
A1_LABEL_SMOOTHING,0.967788,0.8667177541446274,0.24541422780147548
A1_LABEL_SMOOTHING,0.9677884,0.8667177541446274,0.24541466073693552
A1_LABEL_SMOOTHING,0.9677885,0.8667115239643883,0.24541332956991144
A1_LABEL_SMOOTHING,0.96778876,0.8667115239643883,0.24541376250531438
A1_LABEL_SMOOTHING,0.9677889,0.8667052937841492,0.24541243133200907
A1_LABEL_SMOOTHING,0.96778905,0.8667052937841492,0.2454128642673549
A1_LABEL_SMOOTHING,0.96778953,0.8667052937841492,0.24541373014262907
A1_LABEL_SMOOTHING,0.96778965,0.86669906360391,0.24541239895987327
A1_LABEL_SMOOTHING,0.9677902,0.866692833423671,0.24541106777242072
A1_LABEL_SMOOTHING,0.9677911,0.8666866032434318,0.2454097365802714
A1_LABEL_SMOOTHING,0.96779144,0.8666866032434318,0.24541016951544586
A1_LABEL_SMOOTHING,0.96779174,0.8666866032434318,0.24541060245214782
A1_LABEL_SMOOTHING,0.96779186,0.8666803730631927,0.2454092712521324
A1_LABEL_SMOOTHING,0.96779233,0.8666803730631927,0.24540970418877725
A1_LABEL_SMOOTHING,0.96779287,0.8666554523422363,0.24540437933540798
A1_LABEL_SMOOTHING,0.96779335,0.8666554523422363,0.24540567813549125
A1_LABEL_SMOOTHING,0.96779424,0.8661881888243027,0.24530582286163954
A1_LABEL_SMOOTHING,0.96779466,0.8661881888243027,0.24530625567916156
A1_LABEL_SMOOTHING,0.9677959,0.8661881888243027,0.24530668849821088
A1_LABEL_SMOOTHING,0.96779644,0.8661881888243027,0.24530971827432216
A1_LABEL_SMOOTHING,0.9677979,0.8661819586440636,0.24530881950754735
A1_LABEL_SMOOTHING,0.96779823,0.8661819586440636,0.2453092523387572
A1_LABEL_SMOOTHING,0.9677989,0.8629609554604415,0.2446201855406835
A1_LABEL_SMOOTHING,0.9677998,0.8629609554604415,0.24462061755169223
A1_LABEL_SMOOTHING,0.9678005,0.8629609554604415,0.2446219135938739
A1_LABEL_SMOOTHING,0.9678013,0.8629547252802023,0.24462057955043162
A1_LABEL_SMOOTHING,0.9678022,0.8629484950999632,0.24462010953165592
A1_LABEL_SMOOTHING,0.96780306,0.862936034739485,0.24461744141483893
A1_LABEL_SMOOTHING,0.96780413,0.862936034739485,0.24461830544394897
A1_LABEL_SMOOTHING,0.9678046,0.862936034739485,0.2446187374607929
A1_LABEL_SMOOTHING,0.96780515,0.862929804559246,0.24461740339053695
A1_LABEL_SMOOTHING,0.96780664,0.8629235743790068,0.24461650133075247
A1_LABEL_SMOOTHING,0.9678068,0.8629111140185286,0.24461383316349328
A1_LABEL_SMOOTHING,0.9678072,0.8628861932975721,0.24460849677242744
A1_LABEL_SMOOTHING,0.96780753,0.8628861932975721,0.24460892877957804
A1_LABEL_SMOOTHING,0.9678086,0.8628550423963766,0.244602258176751
A1_LABEL_SMOOTHING,0.9678095,0.8628488122161374,0.24460092404204814
A1_LABEL_SMOOTHING,0.9678103,0.8628488122161374,0.2446017880418081
A1_LABEL_SMOOTHING,0.9678124,0.8627865104137463,0.24458844640371885
A1_LABEL_SMOOTHING,0.96781355,0.8627615896927898,0.24458310961652585
A1_LABEL_SMOOTHING,0.9678142,0.8627491293323116,0.24458044119465197
A1_LABEL_SMOOTHING,0.9678143,0.8626930577101596,0.2445684330629251
A1_LABEL_SMOOTHING,0.96781474,0.8626307559077684,0.24455509024658628
A1_LABEL_SMOOTHING,0.9678151,0.8626307559077684,0.2445555221929809
A1_LABEL_SMOOTHING,0.9678159,0.8626182955472902,0.2445528535699651
A1_LABEL_SMOOTHING,0.9678211,0.8624500806808341,0.24451682531383526
A1_LABEL_SMOOTHING,0.9678216,0.862443850500595,0.2445154908679832
A1_LABEL_SMOOTHING,0.9678229,0.8621261113084001,0.24444742787794851
A1_LABEL_SMOOTHING,0.9678237,0.8621261113084001,0.2444478596967256
A1_LABEL_SMOOTHING,0.96782416,0.8621074207676828,0.24444385560472368
A1_LABEL_SMOOTHING,0.96782506,0.8620700396862481,0.24443584729339898
A1_LABEL_SMOOTHING,0.9678255,0.8619952775233788,0.24441983016144733
A1_LABEL_SMOOTHING,0.967827,0.8619267455407484,0.2444051471939172
A1_LABEL_SMOOTHING,0.9678275,0.8619142851802702,0.24440247750214644
A1_LABEL_SMOOTHING,0.9678296,0.8619142851802702,0.2444029092682134
A1_LABEL_SMOOTHING,0.9678307,0.8619080550000312,0.24440157441365812
A1_LABEL_SMOOTHING,0.9678314,0.8618519833778792,0.24438956051042057
A1_LABEL_SMOOTHING,0.9678325,0.86184575319764,0.2443882256087004
A1_LABEL_SMOOTHING,0.9678331,0.8618332928371618,0.24438555579111018
A1_LABEL_SMOOTHING,0.96783316,0.8614968631042496,0.2443134635839049
A1_LABEL_SMOOTHING,0.96783364,0.8614906329240105,0.24431212841329716
A1_LABEL_SMOOTHING,0.96783584,0.8614781725635323,0.24430945805792753
A1_LABEL_SMOOTHING,0.96783686,0.8614283311216193,0.24429877644772297
A1_LABEL_SMOOTHING,0.9678371,0.8614221009413803,0.2442974412252153
A1_LABEL_SMOOTHING,0.9678382,0.8614158707611411,0.24429610599798932
A1_LABEL_SMOOTHING,0.96784,0.8613286482377935,0.24427741232138725
A1_LABEL_SMOOTHING,0.9678403,0.8613286482377935,0.24427784393894952
A1_LABEL_SMOOTHING,0.9678413,0.8613224180575544,0.24427650863934894
A1_LABEL_SMOOTHING,0.9678445,0.8613224180575544,0.24427694025683974
A1_LABEL_SMOOTHING,0.96784836,0.861297497336598,0.24427159900486262
A1_LABEL_SMOOTHING,0.96784985,0.861247655894685,0.24426091627440172
A1_LABEL_SMOOTHING,0.96785015,0.8611417428306201,0.24423821446935737
A1_LABEL_SMOOTHING,0.9678621,0.861135512650381,0.24423687902658653
A1_LABEL_SMOOTHING,0.96788466,0.8611105919294245,0.24423153720830787
A1_LABEL_SMOOTHING,0.96789294,0.8611105919294245,0.24423498976876346
A1_LABEL_SMOOTHING,0.9678982,0.8611043617491854,0.24423365428961696
A1_LABEL_SMOOTHING,0.96789986,0.8610981315689463,0.24423231880575072
A1_LABEL_SMOOTHING,0.9679005,0.8610919013887072,0.24423098331716472
A1_LABEL_SMOOTHING,0.96790856,0.861079441028229,0.2442283123258333
A1_LABEL_SMOOTHING,0.9679091,0.8610732108479898,0.24422697682308786
A1_LABEL_SMOOTHING,0.9679092,0.8610669806677507,0.24422564131562252
A1_LABEL_SMOOTHING,0.96791023,0.8610607504875116,0.24422430580343732
A1_LABEL_SMOOTHING,0.96791136,0.8610482901270333,0.24422163476490713
A1_LABEL_SMOOTHING,0.9679115,0.8610420599467943,0.2442202992385621
A1_LABEL_SMOOTHING,0.9679118,0.8610358297665551,0.24421896370749704
A1_LABEL_SMOOTHING,0.96791226,0.8610295995863161,0.24421762817171203
A1_LABEL_SMOOTHING,0.9679125,0.8610233694060769,0.24421629263120692
A1_LABEL_SMOOTHING,0.96791303,0.8610171392258378,0.2442149570859818
A1_LABEL_SMOOTHING,0.96791345,0.8610109090455987,0.24421362153603654
A1_LABEL_SMOOTHING,0.96791357,0.8610046788653596,0.24421228598137118
A1_LABEL_SMOOTHING,0.9679137,0.8609922185048814,0.24420961485788
A1_LABEL_SMOOTHING,0.9679138,0.8609859883246422,0.24420827928905414
A1_LABEL_SMOOTHING,0.9679139,0.8609797581444031,0.24420694371550805
A1_LABEL_SMOOTHING,0.96791404,0.8609672977839249,0.24420427255425514
A1_LABEL_SMOOTHING,0.96791434,0.8609610676036857,0.24420293696654827
A1_LABEL_SMOOTHING,0.9679146,0.8609486072432075,0.24420026577697354
A1_LABEL_SMOOTHING,0.9679148,0.8609423770629684,0.24419893017510563
A1_LABEL_SMOOTHING,0.9679152,0.8609361468827293,0.24419759456851733
A1_LABEL_SMOOTHING,0.96791524,0.8609112261617728,0.24419225209495973
A1_LABEL_SMOOTHING,0.96791583,0.8609049959815337,0.2441909164647691
A1_LABEL_SMOOTHING,0.9679161,0.8608925356210555,0.24418824519022617
A1_LABEL_SMOOTHING,0.96791625,0.8608738450803382,0.2441842382430073
A1_LABEL_SMOOTHING,0.96791637,0.86086138471986,0.2441815669212581
A1_LABEL_SMOOTHING,0.9679166,0.8608489243593818,0.244178895580626
A1_LABEL_SMOOTHING,0.96791726,0.8608364639989035,0.24417622422111085
A1_LABEL_SMOOTHING,0.9679175,0.8608240036384253,0.24417355284271244
A1_LABEL_SMOOTHING,0.9679176,0.8608177734581861,0.24417221714643195
A1_LABEL_SMOOTHING,0.96791816,0.8608053130977079,0.24416954573970823
A1_LABEL_SMOOTHING,0.9679184,0.8607990829174688,0.24416821002926498
A1_LABEL_SMOOTHING,0.9679185,0.8607928527372297,0.24416687431410075
A1_LABEL_SMOOTHING,0.96791863,0.8607866225569906,0.24416553859421555
A1_LABEL_SMOOTHING,0.96791905,0.8607803923767514,0.24416420286960933
A1_LABEL_SMOOTHING,0.9679194,0.8607741621965124,0.24416286714028204
A1_LABEL_SMOOTHING,0.96791965,0.8607679320162732,0.2441615314062337
A1_LABEL_SMOOTHING,0.9679197,0.860755471655795,0.24415885992397374
A1_LABEL_SMOOTHING,0.96791995,0.8607492414755559,0.24415752417576203
A1_LABEL_SMOOTHING,0.9679202,0.8607305509348385,0.24415351690279985
A1_LABEL_SMOOTHING,0.96792054,0.8607243207545995,0.24415218113570333
A1_LABEL_SMOOTHING,0.9679206,0.8607180905743603,0.24415084536388554
A1_LABEL_SMOOTHING,0.9679207,0.8607118603941212,0.24414950958734646
A1_LABEL_SMOOTHING,0.96792084,0.8607056302138821,0.24414817380608608
A1_LABEL_SMOOTHING,0.9679212,0.860699400033643,0.24414683802010434
A1_LABEL_SMOOTHING,0.9679215,0.8606931698534038,0.24414550222940123
A1_LABEL_SMOOTHING,0.9679216,0.8606807094929256,0.24414283063383083
A1_LABEL_SMOOTHING,0.96792173,0.8606744793126865,0.24414149482896347
A1_LABEL_SMOOTHING,0.96792185,0.8606682491324474,0.24414015901937464
A1_LABEL_SMOOTHING,0.9679221,0.8606620189522083,0.2441388232050643
A1_LABEL_SMOOTHING,0.9679224,0.8606557887719691,0.24413748738603247
A1_LABEL_SMOOTHING,0.9679225,0.8606495585917301,0.24413615156227908
A1_LABEL_SMOOTHING,0.96792275,0.8606433284114909,0.24413481573380413
A1_LABEL_SMOOTHING,0.967923,0.8606370982312518,0.2441334799006076
A1_LABEL_SMOOTHING,0.9679231,0.8606308680510127,0.24413214406268943
A1_LABEL_SMOOTHING,0.96792364,0.8606184076905344,0.24412947237268814
A1_LABEL_SMOOTHING,0.967924,0.8606121775102954,0.24412813652060497
A1_LABEL_SMOOTHING,0.96792454,0.8606059473300562,0.2441268006638001
A1_LABEL_SMOOTHING,0.96792465,0.860593486969578,0.24412412893602506
A1_LABEL_SMOOTHING,0.9679248,0.8605810266090999,0.24412145718936287
A1_LABEL_SMOOTHING,0.9679249,0.8605685662486215,0.2441187854238133
A1_LABEL_SMOOTHING,0.9679251,0.8605623360683825,0.24411744953395567
A1_LABEL_SMOOTHING,0.9679252,0.8605561058881434,0.24411611363937613
A1_LABEL_SMOOTHING,0.9679254,0.8605498757079042,0.24411477774007465
A1_LABEL_SMOOTHING,0.9679258,0.8605436455276652,0.24411344183605121
A1_LABEL_SMOOTHING,0.96792656,0.8605249549869478,0.24410943409564878
A1_LABEL_SMOOTHING,0.9679267,0.8605124946264695,0.24410676224510355
A1_LABEL_SMOOTHING,0.96792686,0.8605062644462305,0.24410542631274776
A1_LABEL_SMOOTHING,0.9679272,0.8605000342659913,0.24410409037566982
A1_LABEL_SMOOTHING,0.96792734,0.8604938040857522,0.24410275443386972
A1_LABEL_SMOOTHING,0.9679279,0.8604875739055131,0.24410141848734743
A1_LABEL_SMOOTHING,0.96792835,0.860481343725274,0.2441000825361029
A1_LABEL_SMOOTHING,0.9679289,0.8604688833647958,0.24409741061944712
A1_LABEL_SMOOTHING,0.96792936,0.8604564230043175,0.24409473868390216
A1_LABEL_SMOOTHING,0.96792966,0.8604501928240784,0.24409340270904617
A1_LABEL_SMOOTHING,0.9679299,0.8604439626438393,0.24409206672946782
A1_LABEL_SMOOTHING,0.96793,0.8604377324636002,0.24409073074516707
A1_LABEL_SMOOTHING,0.96793014,0.8604315022833611,0.2440893947561439
A1_LABEL_SMOOTHING,0.96793884,0.8604252721031219,0.24408805876239828
A1_LABEL_SMOOTHING,0.96793973,0.8604190419228829,0.2440867227639302
A1_LABEL_SMOOTHING,0.96794015,0.8604128117426437,0.24408538676073963
A1_LABEL_SMOOTHING,0.96796644,0.8604065815624046,0.24408405075282652
A1_LABEL_SMOOTHING,0.9679813,0.8604065815624046,0.24408620774978967
A1_LABEL_SMOOTHING,0.9679814,0.8337601006797126,0.2434984179316845
A1_LABEL_SMOOTHING,0.96799254,0.8337601006797126,0.24349886098152096
A1_LABEL_SMOOTHING,0.9679932,0.8337538704994736,0.24349748451132197
A1_LABEL_SMOOTHING,0.96799403,0.8337476403192344,0.24349610803611393
A1_LABEL_SMOOTHING,0.96799433,0.8337414101389953,0.24349473155589682
A1_LABEL_SMOOTHING,0.9679969,0.8337351799587562,0.24351683865931262
A1_LABEL_SMOOTHING,0.96799946,0.8337289497785171,0.2435154620790555
A1_LABEL_SMOOTHING,0.9680038,0.8215614077715269,0.25853986577760174
A1_LABEL_SMOOTHING,0.96801376,0.8215551775912877,0.25853841207102074
A1_LABEL_SMOOTHING,0.9680163,0.8190132640537291,0.26193156572348536
A1_LABEL_SMOOTHING,0.9680207,0.8189634226118162,0.26199862872814533
A1_LABEL_SMOOTHING,0.96802425,0.8189385018908597,0.26202512468653943
A1_LABEL_SMOOTHING,0.9680287,0.8189385018908597,0.26202616932718836
A1_LABEL_SMOOTHING,0.9680301,0.8189260415303815,0.26213452828946976
A1_LABEL_SMOOTHING,0.968038,0.8189260415303815,0.26214602956808575
A1_LABEL_SMOOTHING,0.9680475,0.8189260415303815,0.2621470751889146
