threshold,fpr,tpr
inf,0.0,0.0
0.9680475,0.6678870066288289,0.8189260415303815
0.968038,0.6678906171020897,0.8189260415303815
0.9680301,0.667930332307959,0.8189260415303815
0.9680287,0.6683148477102379,0.8189385018908597
0.96802425,0.6683184581834987,0.8189385018908597
0.9680207,0.6684303828545846,0.8189634226118162
0.9680163,0.6687029735857776,0.8190132640537291
0.96801376,0.6827061941279263,0.8215551775912877
0.9680038,0.6827061941279263,0.8215614077715269
0.96799946,0.7504675562872781,0.8337289497785171
0.9679969,0.7504675562872781,0.8337351799587562
0.96799433,0.7505632338286903,0.8337414101389953
0.96799254,0.7505632338286903,0.8337601006797126
0.9679814,0.7505650390653207,0.8337601006797126
0.9679813,0.7720870701731583,0.8604065815624046
0.96796644,0.7720960963563104,0.8604065815624046
0.96792936,0.7720960963563104,0.8604564230043175
0.96792835,0.7720960963563104,0.860481343725274
0.9679267,0.7720960963563104,0.8605124946264695
0.96792656,0.7720960963563104,0.8605249549869478
0.9679258,0.7720960963563104,0.8605436455276652
0.9679249,0.7720960963563104,0.8605685662486215
0.96792454,0.7720960963563104,0.8606059473300562
0.96792364,0.7720960963563104,0.8606184076905344
0.9679231,0.7720960963563104,0.8606308680510127
0.9679216,0.7720960963563104,0.8606807094929256
0.9679215,0.7720960963563104,0.8606931698534038
0.9679202,0.7720960963563104,0.8607305509348385
0.96791995,0.7720960963563104,0.8607492414755559
0.9679197,0.7720960963563104,0.860755471655795
0.96791965,0.7720960963563104,0.8607679320162732
0.96791816,0.7720960963563104,0.8608053130977079
0.9679176,0.7720960963563104,0.8608177734581861
0.9679175,0.7720960963563104,0.8608240036384253
0.96791625,0.7720960963563104,0.8608738450803382
0.9679161,0.7720960963563104,0.8608925356210555
0.96791583,0.7720960963563104,0.8609049959815337
0.96791524,0.7720960963563104,0.8609112261617728
0.9679152,0.7720960963563104,0.8609361468827293
0.9679146,0.7720960963563104,0.8609486072432075
0.96791434,0.7720960963563104,0.8609610676036857
0.96791404,0.7720960963563104,0.8609672977839249
0.9679139,0.7720960963563104,0.8609797581444031
0.9679137,0.7720960963563104,0.8609922185048814
0.96791357,0.7720960963563104,0.8610046788653596
0.96791136,0.7720960963563104,0.8610482901270333
0.96791023,0.7720960963563104,0.8610607504875116
0.96790856,0.7720960963563104,0.861079441028229
0.9679005,0.7720960963563104,0.8610919013887072
0.96789294,0.7720960963563104,0.8611105919294245
0.96788466,0.7721105382493537,0.8611105919294245
0.9678621,0.7721105382493537,0.861135512650381
0.96785015,0.7721105382493537,0.8611417428306201
0.96784985,0.7721105382493537,0.861247655894685
0.96784836,0.7721105382493537,0.861297497336598
0.9678445,0.7721105382493537,0.8613224180575544
0.9678413,0.7721123434859841,0.8613224180575544
0.9678403,0.7721123434859841,0.8613286482377935
0.96784,0.7721141487226145,0.8613286482377935
0.9678382,0.7721141487226145,0.8614158707611411
0.96783686,0.7721141487226145,0.8614283311216193
0.96783584,0.7721141487226145,0.8614781725635323
0.96783364,0.7721141487226145,0.8614906329240105
0.96783316,0.7721141487226145,0.8614968631042496
0.9678331,0.7721141487226145,0.8618332928371618
0.9678325,0.7721141487226145,0.86184575319764
0.9678314,0.7721141487226145,0.8618519833778792
0.9678307,0.7721141487226145,0.8619080550000312
0.9678296,0.7721141487226145,0.8619142851802702
0.9678275,0.7721159539592449,0.8619142851802702
0.967827,0.7721159539592449,0.8619267455407484
0.9678255,0.7721159539592449,0.8619952775233788
0.96782506,0.7721159539592449,0.8620700396862481
0.96782416,0.7721159539592449,0.8621074207676828
0.9678237,0.7721159539592449,0.8621261113084001
0.9678229,0.7721177591958754,0.8621261113084001
0.9678216,0.7721177591958754,0.862443850500595
0.9678211,0.7721177591958754,0.8624500806808341
0.9678159,0.7721177591958754,0.8626182955472902
0.9678151,0.7721177591958754,0.8626307559077684
0.96781474,0.7721195644325058,0.8626307559077684
0.9678143,0.7721195644325058,0.8626930577101596
0.9678142,0.7721195644325058,0.8627491293323116
0.96781355,0.7721195644325058,0.8627615896927898
0.9678124,0.7721195644325058,0.8627865104137463
0.9678103,0.7721195644325058,0.8628488122161374
0.9678095,0.7721231749057667,0.8628488122161374
0.9678086,0.7721231749057667,0.8628550423963766
0.96780753,0.7721231749057667,0.8628861932975721
0.9678072,0.772124980142397,0.8628861932975721
0.9678068,0.772124980142397,0.8629111140185286
0.96780664,0.772124980142397,0.8629235743790068
0.96780515,0.7721267853790275,0.862929804559246
0.9678046,0.7721267853790275,0.862936034739485
0.96780413,0.7721285906156579,0.862936034739485
0.96780306,0.7721322010889188,0.862936034739485
0.9678022,0.7721322010889188,0.8629484950999632
0.9678013,0.7721358115621796,0.8629547252802023
0.9678005,0.7721358115621796,0.8629609554604415
0.9677998,0.7721412272720708,0.8629609554604415
0.9677989,0.7721430325087012,0.8629609554604415
0.96779823,0.7721430325087012,0.8661819586440636
0.9677979,0.7721448377453317,0.8661819586440636
0.96779644,0.7721466429819621,0.8661881888243027
0.9677959,0.772159279638375,0.8661881888243027
0.96779424,0.7721628901116359,0.8661881888243027
0.96779335,0.7721628901116359,0.8666554523422363
0.96779287,0.7721683058215271,0.8666554523422363
0.96779233,0.7721683058215271,0.8666803730631927
0.96779186,0.7721701110581575,0.8666803730631927
0.96779174,0.7721701110581575,0.8666866032434318
0.9677911,0.7721737215314184,0.8666866032434318
0.96778953,0.7721737215314184,0.8667052937841492
0.96778905,0.7721773320046792,0.8667052937841492
0.9677889,0.7721791372413096,0.8667052937841492
0.96778876,0.7721791372413096,0.8667115239643883
0.9677885,0.77218094247794,0.8667115239643883
0.9677884,0.77218094247794,0.8667177541446274
0.967788,0.7721827477145704,0.8667177541446274
0.9677875,0.7721863581878312,0.8667177541446274
0.96778727,0.7721863581878312,0.8670105726158658
0.96778697,0.7721881634244617,0.8670168027961049
0.9677861,0.7721917738977225,0.8670168027961049
0.96778506,0.7721935791343529,0.867023032976344
0.9677844,0.7721935791343529,0.8670354933368223
0.96778405,0.7721935791343529,0.8670853347787352
0.96778375,0.7721935791343529,0.8670915649589742
0.96778274,0.7721935791343529,0.8690166906528606
0.96778226,0.7721935791343529,0.8690229208330997
0.96778214,0.7721971896076137,0.8690291510133388
0.96778196,0.7722008000808745,0.8690291510133388
0.96778095,0.7722044105541355,0.8690291510133388
0.9677802,0.7722044105541355,0.8690353811935779
0.96778005,0.7722116315006571,0.8690353811935779
0.9677798,0.77222426815707,0.8690353811935779
0.96777934,0.7722260733937004,0.8690353811935779
0.96777916,0.7722260733937004,0.8690665320947735
0.967778,0.7722314891035917,0.8690665320947735
0.9677778,0.7722350995768525,0.8690665320947735
0.9677776,0.7722405152867438,0.8690665320947735
0.967776,0.7722549571797871,0.8690665320947735
0.9677759,0.7722567624164175,0.8690665320947735
0.9677757,0.7722621781263088,0.8690665320947735
0.96777546,0.7722693990728304,0.8690665320947735
0.96777445,0.7722730095460913,0.8690665320947735
0.96777403,0.7722730095460913,0.8690852226354908
0.9677738,0.7722856462025042,0.8690852226354908
0.9677724,0.7722910619123955,0.8690852226354908
0.9677721,0.7722910619123955,0.8692783582229033
0.967772,0.7722928671490259,0.8706552280557477
0.96777135,0.7722928671490259,0.8706614582359867
0.96777,0.7722964776222867,0.8706614582359867
0.9677692,0.7722982828589171,0.8706614582359867
0.96776897,0.7723199456984822,0.8706614582359867
0.9677682,0.7723217509351126,0.8706614582359867
0.96776795,0.7723217509351126,0.8730040060058938
0.9677679,0.7723217509351126,0.8834208673656929
0.96776766,0.7723271666450038,0.8834208673656929
0.96776754,0.7723343875915255,0.8834208673656929
0.96776706,0.7723398033014167,0.8834208673656929
0.9677663,0.7723470242479384,0.8834208673656929
0.96776587,0.7723488294845688,0.8834208673656929
0.9677656,0.77235424519446,0.8834208673656929
0.9677646,0.772357855667721,0.8834208673656929
0.96776265,0.7723614661409818,0.8834208673656929
0.96776175,0.7723614661409818,0.8837759876393224
0.9677614,0.7723686870875034,0.8837759876393224
0.9677613,0.7723686870875034,0.8845298394482553
0.96776104,0.7723704923241338,0.8845298394482553
0.9677605,0.7723704923241338,0.8857571849553607
0.9677604,0.7723795185072859,0.8857571849553607
0.9677585,0.7723795185072859,0.8868973079391187
0.9677582,0.7723795185072859,0.8872150471313135
0.96775794,0.7723849342171771,0.8872150471313135
0.9677563,0.7723867394538076,0.8872150471313135
0.96775615,0.7723939604003293,0.8872150471313135
0.9677518,0.7724065970567422,0.8872150471313135
0.96775144,0.7724481174992418,0.8872150471313135
0.96775067,0.7724481174992418,0.8872275074917917
0.96774733,0.7724517279725026,0.8872275074917917
0.9677472,0.7724517279725026,0.88723996785227
0.9677426,0.7724517279725026,0.8872524282127482
0.9677407,0.7724517279725026,0.8872773489337047
0.9677404,0.7724517279725026,0.8872835791139437
0.9677383,0.7724517279725026,0.887296039474422
0.96773714,0.7724517279725026,0.8886168376851142
0.9677336,0.7724517279725026,0.8886604489467881
0.9677329,0.7724517279725026,0.8931710994399068
0.96773005,0.7724517279725026,0.8931897899806241
0.967728,0.772453533209133,0.8931897899806241
0.96772766,0.772453533209133,0.8931960201608633
0.96772635,0.772453533209133,0.8933393143063629
0.9677261,0.772453533209133,0.8933704652075585
0.967726,0.772453533209133,0.8934140764692322
0.96772367,0.772453533209133,0.8934265368297105
0.9677231,0.772453533209133,0.8935262197135363
0.9677219,0.772453533209133,0.8936508233183186
0.96772164,0.772453533209133,0.8936819742195141
0.9677215,0.7724553384457634,0.8936944345799924
0.9677203,0.7724571436823939,0.8937006647602315
0.96771955,0.7724571436823939,0.8937131251207098
0.9677178,0.7724571436823939,0.8937567363823835
0.96771616,0.7724589489190243,0.8938501890859702
0.96771574,0.7724589489190243,0.8942053093595997
0.9677155,0.7724589489190243,0.894217769720078
0.9677151,0.7724589489190243,0.894329912964382
0.9677145,0.7724589489190243,0.8944295958482079
0.9677125,0.7724607541556547,0.8944295958482079
0.9677124,0.7724643646289155,0.8944295958482079
0.96771204,0.7724643646289155,0.8944669769296426
0.96771127,0.7724643646289155,0.8945292787320337
0.96771103,0.7724643646289155,0.8945355089122728
0.96771073,0.7724679751021764,0.8945355089122728
0.9677104,0.7724697803388069,0.894547969272751
0.96771026,0.7724697803388069,0.8945604296332292
0.96770793,0.7724733908120677,0.8945604296332292
0.9677055,0.7724733908120677,0.8948781688254241
0.96770537,0.7724751960486981,0.8948781688254241
0.96770513,0.7724751960486981,0.8949840818894891
0.9677048,0.7724788065219589,0.8949840818894891
0.96770465,0.7724842222318502,0.8949840818894891
0.96770436,0.7724860274684806,0.8949840818894891
0.96770376,0.7724860274684806,0.8950152327906846
0.9677037,0.772487832705111,0.8950152327906846
0.9677036,0.7724914431783718,0.8950152327906846
0.967701,0.772496858888263,0.8950152327906846
0.9677003,0.772500469361524,0.8950152327906846
0.9677,0.7725022745981543,0.8950152327906846
0.96769965,0.7725113007813064,0.8950152327906846
0.96769935,0.7725131060179369,0.8950152327906846
0.9676992,0.7725167164911977,0.8950152327906846
0.9676982,0.7725185217278281,0.8950152327906846
0.9676981,0.7725185217278281,0.8950276931511628
0.9676964,0.7725221322010889,0.8950276931511628
0.96769565,0.7725257426743497,0.8950276931511628
0.9676949,0.772531158384241,0.8950276931511628
0.96769464,0.7725329636208714,0.895033923331402
0.9676943,0.7725365740941322,0.895033923331402
0.96769416,0.7725383793307626,0.895033923331402
0.96769327,0.7725419898040236,0.895033923331402
0.9676931,0.772543795040654,0.8950401535116411
0.9676917,0.7725492107505452,0.8950401535116411
0.9676915,0.772552821223806,0.8950401535116411
0.9676914,0.7725582369336973,0.8950401535116411
0.96769106,0.7725654578802189,0.8950401535116411
0.9676908,0.7725672631168493,0.8950401535116411
0.9676905,0.7725726788267406,0.8950401535116411
0.96769017,0.7725835102465232,0.8950401535116411
0.96769005,0.7725853154831536,0.8950401535116411
0.9676897,0.7725943416663056,0.8950463836918802
0.9676895,0.7725979521395665,0.8950463836918802
0.9676888,0.7726033678494577,0.8950463836918802
0.9676884,0.7726051730860881,0.8950463836918802
0.96768814,0.7726087835593489,0.8950463836918802
0.9676877,0.7726105887959793,0.8950463836918802
0.96768713,0.7726214202157619,0.8950463836918802
0.96768606,0.7726268359256532,0.8950463836918802
0.9676856,0.7726376673454356,0.8950463836918802
0.9676847,0.7726557197117399,0.8950463836918802
0.96768355,0.7726665511315223,0.8950463836918802
0.9676825,0.7726701616047832,0.8950463836918802
0.9676816,0.7726791877879352,0.8950463836918802
0.967681,0.7726791877879352,0.8950526138721193
0.96768034,0.772717097757174,0.8950526138721193
0.9676801,0.7727207082304348,0.8950526138721193
0.9676798,0.7727315396502173,0.8950526138721193
0.967678,0.7727351501234782,0.8950526138721193
0.9676779,0.7727387605967391,0.8950526138721193
0.96767724,0.7727405658333695,0.8950526138721193
0.9676765,0.7727586181996736,0.8950526138721193
0.967676,0.772760423436304,0.8950526138721193
0.96767366,0.7727640339095648,0.8950526138721193
0.9676628,0.7727676443828257,0.8950526138721193
0.96765983,0.7727694496194562,0.8950588440523585
0.96765894,0.7727712548560866,0.8950588440523585
0.9676551,0.7727712548560866,0.8950713044128367
0.9676541,0.7727748653293474,0.8950713044128367
0.9676514,0.7727748653293474,0.8950775345930758
0.9676486,0.7727766705659778,0.8950775345930758
0.96764654,0.7727766705659778,0.895089994953554
0.9676453,0.7727802810392386,0.895089994953554
0.9676435,0.7727802810392386,0.8951024553140322
0.9676407,0.7727820862758691,0.8951086854942714
0.9676403,0.7727820862758691,0.8951211458547496
0.96763915,0.7727820862758691,0.8951460665757061
0.96763784,0.7727820862758691,0.8951585269361843
0.9676377,0.7727820862758691,0.8951709872966624
0.96763635,0.7727820862758691,0.8951896778373798
0.9676362,0.7727820862758691,0.8952021381978581
0.9676357,0.7727820862758691,0.8952083683780971
0.96763533,0.7727820862758691,0.8952270589188145
0.96763444,0.7727820862758691,0.8952395192792928
0.96763414,0.7727820862758691,0.8952582098200101
0.9676317,0.7727820862758691,0.8952893607212057
0.9676316,0.7727820862758691,0.895308051261923
0.9676302,0.7727820862758691,0.8953454323433577
0.9676299,0.7727820862758691,0.8953578927038359
0.96762854,0.7727820862758691,0.8953890436050315
0.9676279,0.7727820862758691,0.8954015039655098
0.96762633,0.7727820862758691,0.8954201945062271
0.96762544,0.7727820862758691,0.8954326548667053
0.96762466,0.7727820862758691,0.8954513454074227
0.96762455,0.7727820862758691,0.8954638057679009
0.9676242,0.7727820862758691,0.8954824963086182
0.9676238,0.7727820862758691,0.8954887264888574
0.96762353,0.7727820862758691,0.8955011868493356
0.9676233,0.7727820862758691,0.8955074170295747
0.96762186,0.7727820862758691,0.8955323377505311
0.9676202,0.7727820862758691,0.8955510282912484
0.96761984,0.7727838915124995,0.8955510282912484
0.9675432,0.7727838915124995,0.8956694017157917
0.9675422,0.7727838915124995,0.8956818620762699
0.96753603,0.7727838915124995,0.8957067827972264
0.9675355,0.7727856967491299,0.8957067827972264
0.96752596,0.7727856967491299,0.8957130129774654
0.9675207,0.7727856967491299,0.8957379336984219
0.96751094,0.7727856967491299,0.895744163878661
0.967508,0.7727875019857603,0.895744163878661
0.9675078,0.7727875019857603,0.8957503940589001
0.9675029,0.7727893072223907,0.8957503940589001
0.9675021,0.7727893072223907,0.8958126958612913
0.9674988,0.7727929176956515,0.8958126958612913
0.9674919,0.7728001386421732,0.8958126958612913
0.96748936,0.772803749115434,0.8958126958612913
0.96748906,0.772803749115434,0.8958251562217695
0.9674809,0.7728109700619558,0.8958251562217695
0.9674796,0.7728145805352166,0.8958251562217695
0.9674791,0.7728145805352166,0.8958313864020087
0.9674789,0.7728199962451078,0.8958313864020087
0.9674768,0.7728272171916295,0.8958313864020087
0.9674763,0.7728362433747815,0.8958313864020087
0.96747375,0.7728398538480424,0.8958313864020087
0.9674736,0.7728434643213032,0.8958313864020087
0.96747345,0.7728452695579336,0.8958313864020087
0.967473,0.7728452695579336,0.8959372994660736
0.9674723,0.772847074794564,0.8959372994660736
0.96747196,0.772847074794564,0.8959435296463126
0.9674714,0.7728524905044554,0.8959559900067909
0.96747065,0.7728542957410858,0.8959559900067909
0.9674695,0.7728651271608682,0.8959559900067909
0.96746874,0.7728687376341291,0.8959559900067909
0.9674681,0.7728741533440203,0.8959559900067909
0.9674677,0.7728777638172811,0.8959559900067909
0.96746427,0.7728795690539116,0.8959559900067909
0.967464,0.7728831795271724,0.8959559900067909
0.96746325,0.7728849847638029,0.8959559900067909
0.96746284,0.7728922057103245,0.8959559900067909
0.9674626,0.7728958161835854,0.8959559900067909
0.9674625,0.7728976214202158,0.8959559900067909
0.96746224,0.7729012318934766,0.8959559900067909
0.9674622,0.772903037130107,0.8959559900067909
0.96746206,0.7729084528399983,0.8959559900067909
0.96746117,0.7729120633132591,0.8959559900067909
0.96746016,0.7729192842597807,0.8959559900067909
0.96746004,0.7729301156795633,0.8959559900067909
0.9674596,0.7729319209161937,0.8959559900067909
0.9674589,0.7729355313894545,0.8959559900067909
0.96745723,0.7729409470993458,0.8959559900067909
0.967457,0.7729445575726066,0.8959559900067909
0.96745694,0.7729535837557587,0.8959559900067909
0.9674568,0.7729553889923891,0.8959559900067909
0.9674567,0.7729553889923891,0.8960432125301385
0.9674566,0.7729589994656499,0.8960432125301385
0.96745646,0.7729608047022803,0.8960432125301385
0.9674559,0.7729716361220629,0.8960432125301385
0.967454,0.7729788570685846,0.8960432125301385
0.96745354,0.7729788570685846,0.8961615859546816
0.96745336,0.77300232514478,0.8961615859546816
0.9674531,0.7730041303814104,0.8961615859546816
0.967453,0.7730149618011929,0.8961615859546816
0.9674526,0.7730203775110841,0.8961615859546816
0.9674516,0.773023987984345,0.8961615859546816
0.9674511,0.7730275984576058,0.8961615859546816
0.9674509,0.7730294036942362,0.8961615859546816
0.9674502,0.773033014167497,0.8961615859546816
0.9674501,0.7730348194041274,0.8961615859546816
0.9674498,0.7730402351140188,0.8961615859546816
0.96744967,0.7730745346099966,0.8961615859546816
0.9674494,0.773076339846627,0.8961615859546816
0.9674493,0.773079950319888,0.8961615859546816
0.9674492,0.7731034183960833,0.8961615859546816
0.96744865,0.7731088341059746,0.8961615859546816
0.96744823,0.7731124445792354,0.8961615859546816
0.9674481,0.7731178602891267,0.8961615859546816
0.967448,0.7731196655257572,0.8961615859546816
0.9674479,0.7731250812356484,0.8961615859546816
0.96744764,0.7731286917089092,0.8961615859546816
0.96744746,0.77313230218217,0.8961615859546816
0.96744734,0.7731341074188005,0.8961615859546816
0.96744686,0.7731377178920613,0.8961615859546816
0.9674466,0.7731395231286917,0.8961615859546816
0.96744645,0.7731431336019525,0.8961615859546816
0.9674461,0.7731449388385829,0.8961615859546816
0.96744573,0.7731539650217351,0.8961615859546816
0.9674448,0.7731611859682567,0.8961615859546816
0.96744454,0.7731702121514088,0.8961615859546816
0.96744376,0.7731774330979305,0.8961615859546816
0.96744365,0.7731936802276043,0.8961615859546816
0.9674435,0.7731954854642347,0.8961615859546816
0.9674431,0.7731990959374955,0.8961615859546816
0.96744287,0.7732009011741259,0.8961615859546816
0.96744275,0.7732063168840172,0.8961615859546816
0.9674423,0.7732153430671692,0.8961615859546816
0.9674421,0.7732189535404301,0.8961615859546816
0.96744174,0.7732261744869517,0.8961615859546816
0.9674416,0.7732352006701039,0.8961615859546816
0.9674415,0.7732388111433647,0.8961615859546816
0.9674413,0.7732406163799951,0.8961615859546816
0.96744096,0.7732478373265168,0.8961615859546816
0.96744084,0.7732514477997776,0.8961615859546816
0.9674407,0.7732676949294514,0.8961615859546816
0.9674404,0.7732713054027122,0.8961615859546816
0.9674402,0.7732767211126035,0.8961615859546816
0.96743983,0.7732785263492339,0.8961615859546816
0.9674394,0.7732875525323859,0.8961615859546816
0.96743906,0.7732911630056468,0.8961615859546816
0.9674388,0.7733037996620598,0.8961615859546816
0.96743876,0.7733074101353206,0.8961615859546816
0.9674384,0.7733182415551031,0.8961615859546816
0.9674383,0.7733200467917335,0.8961615859546816
0.96743804,0.7733236572649943,0.8961678161349208
0.96743786,0.7733290729748855,0.8961678161349208
0.96743727,0.7733326834481464,0.8961678161349208
0.96743715,0.7733362939214072,0.8961678161349208
0.967437,0.7733380991580376,0.8961678161349208
0.96743697,0.7733489305778202,0.8961678161349208
0.96743673,0.773352541051081,0.8961678161349208
0.9674366,0.7733651777074939,0.8961865066756382
0.96743625,0.7733669829441243,0.8961865066756382
0.9674357,0.773374203890646,0.8961865066756382
0.9674356,0.7733760091272764,0.8961865066756382
0.9674355,0.7733796196005372,0.8961865066756382
0.96743524,0.7733976719668414,0.8961865066756382
0.96743506,0.7734030876767327,0.8961865066756382
0.96743494,0.7734139190965151,0.8961865066756382
0.9674348,0.7734157243331455,0.8961865066756382
0.9674347,0.7734193348064065,0.8961865066756382
0.9674346,0.7734337766994498,0.8961865066756382
0.96743447,0.7734355819360802,0.8961865066756382
0.96743405,0.773439192409341,0.8961865066756382
0.9674339,0.7734518290657539,0.8961865066756382
0.9674338,0.7734536343023843,0.8961865066756382
0.9674334,0.7734626604855365,0.8961865066756382
0.9674333,0.7734644657221669,0.8961865066756382
0.96743304,0.7735330647141228,0.8961865066756382
0.9674325,0.773538480424014,0.8961865066756382
0.96743226,0.7735420908972748,0.8961865066756382
0.967432,0.7735457013705357,0.8961865066756382
0.96743137,0.7735637537368398,0.8961865066756382
0.96743125,0.773581806103144,0.8961865066756382
0.9674311,0.7735872218130353,0.8961865066756382
0.967431,0.7735962479961873,0.8961865066756382
0.9674309,0.7735998584694481,0.8961865066756382
0.96743083,0.7736070794159698,0.8961865066756382
0.9674306,0.773616105599122,0.8961865066756382
0.96743,0.7736215213090132,0.8961865066756382
0.9674297,0.7736233265456436,0.8961865066756382
0.96742946,0.7736287422555349,0.8961865066756382
0.96742934,0.7736377684386869,0.8961865066756382
0.9674292,0.7736955360108603,0.8961865066756382
0.96742916,0.773702756957382,0.8961865066756382
0.96742904,0.7737063674306428,0.8961865066756382
0.9674278,0.7737226145603165,0.8961865066756382
0.96742743,0.7737406669266207,0.8961865066756382
0.96742713,0.7737442773998816,0.8961865066756382
0.967427,0.7737623297661858,0.8961865066756382
0.9674268,0.7738399549412937,0.8961865066756382
0.96742654,0.7738525915977066,0.8961865066756382
0.9674261,0.7738562020709675,0.8961865066756382
0.9674259,0.7739031382233583,0.8961865066756382
0.96742564,0.7739103591698799,0.8961865066756382
0.9674256,0.7739410481925971,0.8961865066756382
0.96742535,0.7739536848490101,0.8961865066756382
0.9674247,0.7739591005589013,0.8961865066756382
0.9674246,0.7739627110321621,0.8961865066756382
0.96742445,0.7739952052915096,0.8961865066756382
0.9674242,0.774031310024118,0.8961865066756382
0.9674238,0.7740782461765088,0.8961865066756382
0.9674233,0.7740890775962913,0.8961865066756382
0.967423,0.7740890775962913,0.8962301179373119
0.96742254,0.7741125456724868,0.8962301179373119
0.9674224,0.7741161561457476,0.8962301179373119
0.9674223,0.7741233770922693,0.8962301179373119
0.9674222,0.7741269875655301,0.8962301179373119
0.967422,0.7741287928021605,0.8962301179373119
0.9674219,0.7741414294585734,0.8962301179373119
0.96742177,0.7741648975347688,0.8962301179373119
0.9674214,0.7741829499010731,0.8962301179373119
0.96742123,0.7741937813208556,0.8962301179373119
0.9674211,0.774195586557486,0.8962301179373119
0.96742076,0.7742010022673772,0.8962301179373119
0.96742064,0.7742208598703118,0.8962301179373119
0.9674205,0.7742262755802031,0.8962301179373119
0.96742046,0.7742280808168335,0.8962301179373119
0.9674202,0.7743075112285719,0.8962301179373119
0.96742,0.7743093164652023,0.8962301179373119
0.96741974,0.7743219531216152,0.8962301179373119
0.96741897,0.7743273688315064,0.8962301179373119
0.9674187,0.7743490316710715,0.8962301179373119
0.96741855,0.7743652788007452,0.8962301179373119
0.96741843,0.7743743049838973,0.8962301179373119
0.9674181,0.7743761102205277,0.8962301179373119
0.96741796,0.7745078924945482,0.8962301179373119
0.9674178,0.774511502967809,0.8962301179373119
0.96741754,0.7745223343875915,0.8962301179373119
0.96741706,0.7745512181736782,0.8962301179373119
0.96741694,0.774554828646939,0.8962301179373119
0.96741676,0.7745566338835694,0.8962301179373119
0.96741664,0.7745602443568302,0.8962301179373119
0.9674163,0.7745692705399824,0.8962301179373119
0.96741617,0.7745710757766128,0.8962301179373119
0.9674161,0.7746613376081337,0.8962301179373119
0.96741587,0.7746649480813945,0.8962301179373119
0.96741563,0.7746793899744379,0.8962301179373119
0.9674154,0.7746811952110683,0.8962301179373119
0.9674153,0.774697442340742,0.8962301179373119
0.9674152,0.7746992475773724,0.8962301179373119
0.9674151,0.7747082737605245,0.8962301179373119
0.96741486,0.7747281313634591,0.8962301179373119
0.96741474,0.7747299366000895,0.8962301179373119
0.9674146,0.7747353523099808,0.8962301179373119
0.9674141,0.7747443784931329,0.8962301179373119
0.96741384,0.7747461837297633,0.8962301179373119
0.9674136,0.7747497942030241,0.8962301179373119
0.96741307,0.7747768727524804,0.8962301179373119
0.96741295,0.7747786779891108,0.8962301179373119
0.9674127,0.7747822884623716,0.8962301179373119
0.9674126,0.7748220036682408,0.8962301179373119
0.9674124,0.7748256141415016,0.8962301179373119
0.9674123,0.7748436665078059,0.8962301179373119
0.9674122,0.7748454717444363,0.8962301179373119
0.96741194,0.7748472769810667,0.8965790080307023
0.9674114,0.7748563031642187,0.8965790080307023
0.96741116,0.7748779660037838,0.8965790080307023
0.96741104,0.7748906026601967,0.8965790080307023
0.9674109,0.7748924078968271,0.8965790080307023
0.96741086,0.7749032393166096,0.8965790080307023
0.96741074,0.7749104602631313,0.8965790080307023
0.9674105,0.7749158759730226,0.8965790080307023
0.9674104,0.774917681209653,0.8965790080307023
0.96741015,0.7749592016521526,0.8965790080307023
0.96740997,0.774970033071935,0.8965790080307023
0.96740985,0.7749718383085655,0.8965790080307023
0.9674091,0.7749790592550871,0.8965790080307023
0.96740896,0.7749844749649785,0.8965790080307023
0.96740884,0.7749862802016089,0.8965790080307023
0.9674087,0.7749916959115001,0.8965790080307023
0.9674086,0.7749953063847609,0.8965790080307023
0.96740836,0.7750079430411738,0.8965790080307023
0.96740824,0.7750187744609564,0.8965790080307023
0.96740794,0.7751992981239981,0.8965790080307023
0.9674078,0.7752191557269327,0.8965790080307023
0.9674077,0.7752263766734544,0.8965790080307023
0.9674076,0.7752299871467152,0.8965790080307023
0.9674074,0.7752317923833456,0.8965790080307023
0.96740705,0.7752444290397585,0.8965790080307023
0.9674068,0.775246234276389,0.8965790080307023
0.9674067,0.7752498447496498,0.8965790080307023
0.9674065,0.7752516499862802,0.8965790080307023
0.9674063,0.7752949756654102,0.8965852382109415
0.96740615,0.7753058070851927,0.8965852382109415
0.96740603,0.775311222795084,0.8965852382109415
0.9674058,0.7753148332683448,0.8965852382109415
0.9674056,0.775320248978236,0.8965852382109415
0.9674054,0.775323859451497,0.8965852382109415
0.967405,0.7753274699247578,0.8965852382109415
0.9674049,0.7753292751613882,0.8965852382109415
0.9674047,0.7753364961079098,0.8965852382109415
0.9674046,0.7753707956038878,0.8965852382109415
0.9674045,0.7754177317562786,0.8965852382109415
0.96740425,0.7754321736493219,0.8965852382109415
0.9674039,0.7754502260156261,0.8965852382109415
0.9674038,0.7754556417255174,0.8965914683911805
0.9674035,0.7754610574354086,0.8965914683911805
0.96740335,0.7755296564273645,0.8965914683911805
0.96740323,0.775549514030299,0.8965914683911805
0.9674026,0.77555312450356,0.8965914683911805
0.96740234,0.7755603454500816,0.8965914683911805
0.96740216,0.7755657611599729,0.8965914683911805
0.96740204,0.7755675663966033,0.8965914683911805
0.9674019,0.7756018658925812,0.8965914683911805
0.9674018,0.7756036711292116,0.8965914683911805
0.9674017,0.7756090868391029,0.8965914683911805
0.96740156,0.77563977586182,0.8965914683911805
0.9674008,0.7756560229914937,0.8965914683911805
0.96740043,0.7756650491746458,0.8965914683911805
0.96740013,0.7756722701211675,0.8965914683911805
0.9673998,0.7757011539072541,0.8966724607342891
0.9673996,0.7757535057695363,0.8966724607342891
0.96739876,0.7757571162427971,0.8966724607342891
0.9673987,0.7757914157387751,0.8966724607342891
0.96739846,0.7757932209754055,0.8966724607342891
0.96739835,0.7757986366852967,0.8966724607342891
0.967398,0.7758022471585575,0.8966724607342891
0.96739787,0.7758076628684488,0.8966724607342891
0.9673978,0.7758148838149704,0.8966724607342891
0.96739745,0.7758798723336655,0.8966724607342891
0.96739733,0.7758834828069263,0.8966724607342891
0.9673971,0.7758979246999697,0.8966724607342891
0.967397,0.7758997299366001,0.8966724607342891
0.9673969,0.7759051456464914,0.8966724607342891
0.9673968,0.7759069508831218,0.8966724607342891
0.9673967,0.7760315122106206,0.8966724607342891
0.9673963,0.7760387331571422,0.8966724607342891
0.967396,0.776042343630403,0.8966724607342891
0.9673958,0.7760640064699681,0.8966724607342891
0.96739566,0.7760658117065985,0.8966724607342891
0.9673954,0.7760712274164897,0.8966724607342891
0.96739525,0.776085669309533,0.8966724607342891
0.967395,0.7760928902560548,0.8966724607342891
0.96739423,0.7760965007293156,0.8966724607342891
0.967394,0.7761001112025764,0.8966724607342891
0.96739376,0.7761109426223589,0.8966724607342891
0.96739364,0.776132605461924,0.8966724607342891
0.9673935,0.7761524630648585,0.8966724607342891
0.96739346,0.7761542683014889,0.8966724607342891
0.9673932,0.7761777363776844,0.8966724607342891
0.96739274,0.7761831520875756,0.8966724607342891
0.9673926,0.7761867625608365,0.8966724607342891
0.96739256,0.7761885677974669,0.8966724607342891
0.96739244,0.7762012044538799,0.8966724607342891
0.9673923,0.7762048149271407,0.8966724607342891
0.9673922,0.7762102306370319,0.8966724607342891
0.9673921,0.7762174515835536,0.8966724607342891
0.9673917,0.7762210620568144,0.8966724607342891
0.96739167,0.7762300882399665,0.8966724607342891
0.96739143,0.7762373091864881,0.8966724607342891
0.96739095,0.776240919659749,0.8966724607342891
0.9673908,0.7762463353696403,0.8966724607342891
0.96739066,0.7762499458429011,0.8966724607342891
0.96739054,0.7762589720260532,0.8966724607342891
0.9673904,0.7762661929725748,0.8966724607342891
0.9673903,0.7762698034458356,0.8966724607342891
0.9673902,0.7763221553081178,0.8966724607342891
0.96739,0.7763275710180091,0.8966724607342891
0.9673899,0.7763402076744219,0.8966724607342891
0.96738976,0.7765117051543117,0.8966724607342891
0.9673895,0.7765153156275725,0.8966724607342891
0.9673893,0.7765243418107245,0.8968032945193104
0.96738875,0.776535173230507,0.8968032945193104
0.9673885,0.7765460046502896,0.8968032945193104
0.9673884,0.77654780988692,0.8968032945193104
0.9673882,0.7765568360700721,0.8968032945193104
0.9673881,0.7765640570165937,0.8968032945193104
0.967388,0.776569472726485,0.8968032945193104
0.96738786,0.7765875250927892,0.8968032945193104
0.96738774,0.7765929408026804,0.8968032945193104
0.9673876,0.7765965512759413,0.8968032945193104
0.9673872,0.7766326560085496,0.8968032945193104
0.9673871,0.77663446124518,0.8968032945193104
0.96738696,0.7766470979015929,0.8968032945193104
0.96738684,0.7766507083748537,0.8968032945193104
0.9673867,0.7766723712144188,0.8968032945193104
0.9673866,0.77667778692431,0.8968032945193104
0.96738654,0.7766886183440925,0.8968032945193104
0.9673863,0.7766940340539839,0.8968032945193104
0.9673862,0.7767012550005055,0.8968032945193104
0.96738595,0.7767156968935488,0.8968032945193104
0.96738565,0.7767193073668096,0.8968032945193104
0.9673854,0.77672111260344,0.8968032945193104
0.9673853,0.7767301387865921,0.8968032945193104
0.96738505,0.776733749259853,0.8968032945193104
0.96738464,0.7767445806796355,0.8968032945193104
0.9673845,0.7767626330459396,0.8968032945193104
0.9673844,0.7767662435192005,0.8968032945193104
0.9673843,0.7767680487558309,0.8968032945193104
0.96738404,0.7767752697023526,0.8968032945193104
0.9673839,0.7767806854122439,0.8968032945193104
0.96738374,0.7767842958855047,0.8968032945193104
0.9673835,0.7767951273052872,0.8968032945193104
0.9673834,0.7768077639617001,0.8968032945193104
0.967383,0.7768095691983306,0.8968032945193104
0.96738285,0.776820400618113,0.8968032945193104
0.9673826,0.7768258163280043,0.8968032945193104
0.9673825,0.7768294268012651,0.8968032945193104
0.96738225,0.7768330372745259,0.8968032945193104
0.9673822,0.7768366477477868,0.8968032945193104
0.9673821,0.7769034415031122,0.8968032945193104
0.96738183,0.7769178833961555,0.8968032945193104
0.9673816,0.7769359357624598,0.8968032945193104
0.9673815,0.776941351472351,0.8968032945193104
0.96738136,0.7769431567089814,0.8968032945193104
0.9673812,0.7769648195485465,0.8968032945193104
0.9673808,0.7769756509683289,0.8968032945193104
0.9673807,0.7769792614415898,0.8968032945193104
0.9673804,0.7769810666782202,0.8968032945193104
0.9673803,0.7769918980980027,0.8968032945193104
0.96738017,0.7769955085712635,0.8972518674965266
0.9673798,0.7769973138078939,0.8972518674965266
0.9673797,0.7770153661741981,0.8972518674965266
0.9673795,0.7770207818840894,0.8972518674965266
0.9673794,0.7770225871207198,0.8972518674965266
0.9673793,0.7771742269976749,0.8972518674965266
0.96737915,0.7771796427075661,0.8972518674965266
0.96737903,0.7772085264936528,0.8972518674965266
0.9673788,0.7772193579134353,0.8972518674965266
0.9673787,0.7772229683866961,0.8972518674965266
0.9673784,0.7772247736233265,0.8972518674965266
0.96737826,0.7772319945698483,0.8972518674965266
0.96737814,0.7772410207530003,0.8972518674965266
0.9673779,0.777248241699522,0.8972518674965266
0.96737784,0.7772536574094132,0.8972518674965266
0.9673777,0.777269904539087,0.8972518674965266
0.96737736,0.7773023987984345,0.8972518674965266
0.9673771,0.7773366982944124,0.8972518674965266
0.967377,0.7773385035310428,0.8972518674965266
0.96737695,0.7773601663706079,0.8972518674965266
0.9673766,0.7773619716072383,0.8972518674965266
0.9673761,0.7773764135002816,0.8972518674965266
0.96737593,0.7773890501566946,0.8972518674965266
0.9673758,0.7773962711032162,0.8972518674965266
0.9673756,0.7774233496526725,0.8972518674965266
0.96737546,0.7774305705991942,0.8972643278570049
0.96737516,0.7774540386753895,0.8972643278570049
0.96737504,0.7774558439120199,0.8972643278570049
0.9673749,0.7774666753318025,0.8972643278570049
0.9673747,0.7774829224614762,0.8972643278570049
0.96737456,0.7774865329347371,0.8972643278570049
0.96737444,0.7774883381713675,0.8972643278570049
0.96737427,0.7774991695911501,0.8972643278570049
0.967374,0.7775063905376717,0.8972643278570049
0.9673739,0.7775136114841934,0.8972643278570049
0.96737367,0.7775370795603888,0.8972643278570049
0.9673735,0.7775388847970192,0.8972643278570049
0.9673734,0.7775479109801713,0.8972643278570049
0.967373,0.7775551319266929,0.8972643278570049
0.9673729,0.7775948471325621,0.8972643278570049
0.9673728,0.7776020680790838,0.8972643278570049
0.9673726,0.7776038733157142,0.8972643278570049
0.9673725,0.7776128994988664,0.8972643278570049
0.96737236,0.7776796932541917,0.8972643278570049
0.96737224,0.7776887194373439,0.8972643278570049
0.9673717,0.7777356555897347,0.8972643278570049
0.96737134,0.7777356555897347,0.897270558037244
0.9673711,0.7777717603223431,0.897270558037244
0.967371,0.7777771760322343,0.897270558037244
0.96737057,0.7778006441084298,0.897270558037244
0.96737045,0.7778096702915818,0.897270558037244
0.9673702,0.7778223069479947,0.897270558037244
0.9673701,0.7778313331311468,0.897270558037244
0.9673699,0.777836748841038,0.897270558037244
0.9673698,0.7778457750241902,0.897270558037244
0.9673697,0.7778529959707119,0.897270558037244
0.96736956,0.7778548012073423,0.897270558037244
0.9673693,0.7778584116806031,0.897270558037244
0.9673692,0.7778602169172335,0.897270558037244
0.967369,0.7778746588102768,0.897270558037244
0.9673688,0.7778764640469072,0.897270558037244
0.9673683,0.7778909059399506,0.897270558037244
0.9673681,0.7778963216498419,0.897270558037244
0.9673669,0.7779107635428852,0.897270558037244
0.96736676,0.7779125687795156,0.897270558037244
0.9673665,0.7779179844894069,0.897270558037244
0.96736646,0.7779324263824502,0.897270558037244
0.96736634,0.777936036855711,0.897270558037244
0.9673662,0.7779378420923415,0.897270558037244
0.9673661,0.7779414525656023,0.897270558037244
0.9673657,0.7779631154051673,0.897270558037244
0.96736556,0.7779685311150586,0.8972767882174831
0.9673651,0.777991999191254,0.8972767882174831
0.96736497,0.7780407405802753,0.8972767882174831
0.96736485,0.7780497667634273,0.8972767882174831
0.96736455,0.7780533772366882,0.8972767882174831
0.96736443,0.7780822610227749,0.8972767882174831
0.9673642,0.778112950045492,0.8972767882174831
0.9673641,0.7781147552821224,0.8972767882174831
0.96736395,0.7781183657553832,0.8972767882174831
0.9673639,0.7781201709920136,0.8972767882174831
0.96736366,0.7781328076484265,0.8972767882174831
0.96736354,0.7781418338315786,0.8972767882174831
0.9673634,0.7781634966711437,0.8972767882174831
0.96736306,0.7781725228542957,0.8972767882174831
0.9673629,0.7781851595107087,0.8972767882174831
0.967362,0.7781941856938608,0.8972767882174831
0.96736133,0.7781977961671216,0.8972767882174831
0.9673612,0.778199601403752,0.8972767882174831
0.967361,0.7782032118770128,0.8972767882174831
0.96736085,0.7782050171136432,0.8972767882174831
0.96735996,0.7782302904264691,0.8972767882174831
0.9673597,0.7782501480294037,0.8972767882174831
0.9673596,0.7782573689759253,0.8972767882174831
0.96735954,0.7782627846858167,0.8972767882174831
0.9673593,0.7782645899224471,0.8972767882174831
0.9673592,0.7782844475253816,0.8972767882174831
0.96735895,0.7782934737085337,0.8972767882174831
0.9673587,0.778329578441142,0.8972767882174831
0.9673582,0.7783349941510334,0.8972767882174831
0.96735805,0.7783945669598371,0.8972767882174831
0.96735793,0.7784216455092934,0.8972767882174831
0.9673579,0.7784252559825542,0.8972767882174831
0.9673574,0.7784270612191846,0.8972767882174831
0.96735615,0.7784378926389671,0.8972767882174831
0.9673536,0.7784523345320105,0.8972767882174831
0.9673534,0.7784577502419017,0.8972767882174831
0.9673533,0.7784649711884234,0.8972767882174831
0.9673529,0.7784974654477709,0.8972767882174831
0.96735215,0.7785010759210317,0.8972767882174831
0.9673518,0.7785046863942926,0.8972767882174831
0.96735084,0.7785119073408142,0.8972767882174831
0.9673497,0.7785191282873359,0.8972767882174831
0.9673478,0.7785245439972271,0.8972767882174831
0.9673464,0.7785317649437489,0.8972767882174831
0.9673456,0.7785353754170097,0.8972767882174831
0.9673446,0.7785389858902705,0.8972767882174831
0.9673427,0.7785425963635313,0.8972767882174831
0.9673414,0.7785462068367922,0.8972767882174831
0.96734035,0.7785480120734226,0.8972767882174831
0.9673378,0.7785480120734226,0.8972830183977223
0.96733016,0.7785516225466834,0.8972830183977223
0.96732396,0.7785516225466834,0.8972954787582005
0.9672015,0.7785570382565746,0.8973017089384396
0.96718305,0.7785570382565746,0.8973141692989178
0.9671289,0.7785570382565746,0.8973328598396352
0.967128,0.7785588434932051,0.8973453202001134
0.966147,0.8909907860722384,0.9028901806129251
0.96613485,0.9157766850078708,0.9412556305253911
0.96546805,0.9179267218346981,0.9412743210661084
0.9619382,0.9179411637277415,0.941305471967304
0.9619338,0.9183220686567596,0.9418288071073896
0.9619093,0.9183617838626287,0.9418786485493025
0.96189725,0.9183924728853458,0.9419284899912155
0.96187675,0.91845385093078,0.9419721012528892
0.9618419,0.9184881504267579,0.9419970219738457
0.96180737,0.9185296708692575,0.9420344030552804
0.9617745,0.9185332813425183,0.9420406332355195
0.96176285,0.9185350865791488,0.9420406332355195
0.96176195,0.9185603598919746,0.9420593237762368
0.9617543,0.9248841038083272,0.9434361936090812
0.96174365,0.9253119448897361,0.9439283778479711
0.9616967,0.9253191658362578,0.9439346080282103
0.9616872,0.9273590832286296,0.9441277436156228
0.9616771,0.9273590832286296,0.944133973795862
0.96167254,0.9445142469274872,0.96419515416581
0.96166855,0.9455143480207385,0.9655408730974587
0.96153444,0.9455504527533469,0.9655408730974587
0.9614597,0.9455865574859552,0.9655657938184151
0.9613662,0.9456009993789986,0.9655844843591325
0.96132374,0.9456064150888899,0.9655844843591325
0.9612985,0.9456154412720419,0.965609405080089
0.9612346,0.9471950233236572,0.9677961983440181
0.9611998,0.9472184913998527,0.9678211190649746
0.961194,0.947462198344959,0.9681263978966912
0.9611607,0.9563854830091129,0.9790479038558586
0.9608846,0.9564017301387866,0.9790915151175323
0.96060896,0.9568548445330214,0.9796460011588135
0.96053404,0.9568566497696518,0.9796522313390527
0.9597025,0.9595356209291914,0.9820570809113508
0.9594235,0.9595374261658218,0.9820570809113508
0.9591486,0.9595374261658218,0.9820820016323072
0.95902324,0.9604400444810306,0.9836644674130423
0.9589144,0.961337247086348,0.9847609791351264
0.9585611,0.9613390523229784,0.9847609791351264
0.9583397,0.9613390523229784,0.9847983602165611
0.9582045,0.9636822494692604,0.9882748007899869
0.9551979,0.9650560345450082,0.9899008778323957
0.95455194,0.9668016983666219,0.9923431084861285
0.9490392,0.9668089193131436,0.9923431084861285
0.3918729,0.9668143350230348,0.9923431084861285
0.39185524,0.9668161402596652,0.9923431084861285
0.39184183,0.9669840272662941,0.9923617990268458
0.39181027,0.9669948586860766,0.9923617990268458
0.39151508,0.9669984691593374,0.9923617990268458
0.39100176,0.9670093005791199,0.992368029207085
0.38949418,0.9670129110523807,0.992368029207085
0.38545293,0.9672024608985745,0.9923804895675632
0.38541028,0.9680978582672617,0.9926857683992798
0.38523522,0.9681014687405225,0.9926857683992798
0.38386986,0.9683253180826943,0.9926857683992798
0.38332024,0.975894675274035,0.9943554567033625
0.38296494,0.975894675274035,0.9943928377847971
0.38245663,0.9796585936484554,0.9953273648206643
0.38204536,0.9836301142353739,0.9961061373505535
0.3818788,0.9836319194720043,0.9961061373505535
0.3816198,0.9836355299452653,0.9961123675307927
0.37578964,0.9836373351818957,0.9961185977110317
0.37575215,0.9836391404185261,0.9961185977110317
0.37571985,0.987655791921205,0.9969596720433123
0.3757084,0.9876630128677267,0.9969596720433123
0.3755133,0.9914106841124735,0.9979440405210923
0.37521493,0.991421515532256,0.9979751914222879
0.37462327,0.9990360036393571,0.999563887383262
0.37438726,0.9990360036393571,0.9995701175635011
0.37341875,0.9990666926620742,0.9995950382844576
0.37263587,0.9998194763369582,0.9999750792790435
0.3670608,1.0,1.0
