Threshold,TP,TN,FP,FN,FPR,FNR,Recall,Precision,F1
0.45,156585,26115,527829,3924,0.9528562453966466,0.024447227258284583,0.9755527727417154,0.22878696227721818,0.37064915974591767
0.48,156168,34036,519908,4341,0.9385569660471095,0.027045212417995252,0.9729547875820047,0.23099178198900716,0.37334640233807687
0.49,156168,34036,519908,4341,0.9385569660471095,0.027045212417995252,0.9729547875820047,0.23099178198900716,0.37334640233807687
0.5,154214,71572,482372,6295,0.8707956038877576,0.039218984605224626,0.9607810153947753,0.24225163607116712,0.3869400761515252
0.501,154214,71572,482372,6295,0.8707956038877576,0.039218984605224626,0.9607810153947753,0.24225163607116712,0.3869400761515252
0.502,149936,83548,470396,10573,0.8491760900018774,0.06587169566815568,0.9341283043318444,0.2417028300974317,0.38403721116078693
0.503,149936,83548,470396,10573,0.8491760900018774,0.06587169566815568,0.9341283043318444,0.2417028300974317,0.38403721116078693
0.504,149936,83548,470396,10573,0.8491760900018774,0.06587169566815568,0.9341283043318444,0.2417028300974317,0.38403721116078693
0.5041,149936,83548,470396,10573,0.8491760900018774,0.06587169566815568,0.9341283043318444,0.2417028300974317,0.38403721116078693
0.505,18491,453520,100424,142018,0.18128908337304853,0.8847977371985372,0.11520226280146284,0.15549762435352985,0.132350836005497
0.51,18491,453520,100424,142018,0.18128908337304853,0.8847977371985372,0.11520226280146284,0.15549762435352985,0.132350836005497
0.52,18491,453522,100422,142018,0.1812854728997877,0.8847977371985372,0.11520226280146284,0.15550023967102,0.1323517833241477
0.55,18491,453522,100422,142018,0.1812854728997877,0.8847977371985372,0.11520226280146284,0.15550023967102,0.1323517833241477
0.6,18489,453522,100422,142020,0.1812854728997877,0.8848101975590154,0.11518980244098462,0.155486035774655,0.13233841528881254
