feature,mean_abs_gradient,normalized_importance
i_msg_ratio,3.2501152,0.3220769
seq_to_single_ioa_ratio,1.4929795,0.14794989
Fwd Header Len,0.6223097,0.061669067
Subflow Bwd Pkts,0.57904977,0.057382133
Fwd Act Data Pkts,0.44399127,0.043998234
Pkt Len Var,0.42264682,0.04188306
Bwd Pkt Len Min,0.33887422,0.033581443
apdu_len_mean,0.29428658,0.029162938
Subflow Fwd Pkts,0.20552975,0.020367395
TotLen Fwd Pkts,0.16665812,0.016515331
Flow IAT Std,0.16155694,0.016009819
Tot Fwd Pkts,0.16119201,0.015973656
cot_activation,0.14187855,0.014059748
Idle Min,0.11245793,0.011144252
Fwd IAT Mean,0.09107674,0.009025438
Pkt Size Avg,0.07945709,0.0078739645
RST Flag Cnt,0.07737042,0.0076671815
Down/Up Ratio,0.06643646,0.0065836585
Bwd IAT Max,0.058218814,0.005769314
Bwd PSH Flags,0.057761677,0.005724013
Bwd IAT Mean,0.057461534,0.0056942697
Fwd Pkt Len Max,0.056739967,0.0056227646
Bwd Pkt Len Mean,0.05639732,0.005588809
Flow Byts/s,0.05170686,0.0051239985
Fwd Pkt Len Std,0.04767903,0.004724852
Bwd IAT Std,0.043475576,0.004308302
Active Min,0.04271038,0.004232473
FIN Flag Cnt,0.04106724,0.004069643
s_msg_ratio,0.038892202,0.0038541032
Active Mean,0.038465574,0.0038118255
burstiness_index,0.038108572,0.0037764478
Fwd Pkt Len Min,0.03747043,0.0037132096
Active Std,0.03300097,0.0032702992
Pkt Len Mean,0.032765497,0.0032469647
Tot Bwd Pkts,0.032005325,0.003171634
Fwd IAT Std,0.030967629,0.0030688012
Idle Max,0.030322298,0.0030048508
Bwd IAT Min,0.029531289,0.0029264642
Fwd Pkt Len Mean,0.029388996,0.0029123633
Flow Pkts/s,0.028124897,0.0027870948
cmd_to_mon_ratio,0.027157428,0.0026912214
Idle Std,0.02698071,0.002673709
SYN Flag Cnt,0.026444534,0.0026205757
Bwd Pkt Len Max,0.025161827,0.0024934632
Fwd Seg Size Avg,0.02316086,0.0022951732
Fwd IAT Min,0.022694595,0.0022489678
Init Bwd Win Byts,0.019759165,0.0019580752
PSH Flag Cnt,0.019347722,0.0019173025
Active Max,0.015924394,0.0015780608
Fwd IAT Max,0.015652224,0.0015510896
Pkt Len Std,0.015648589,0.0015507293
iat_change_rate,0.015064689,0.0014928665
TotLen Bwd Pkts,0.015033405,0.0014897664
Flow Duration,0.014521051,0.0014389936
Flow IAT Min,0.013424509,0.0013303295
Bwd Seg Size Avg,0.012865625,0.0012749458
rolling_byt_rate_10,0.012810224,0.0012694556
Bwd Header Len,0.012215536,0.0012105238
Fwd Pkts/s,0.012040224,0.0011931509
cot_spontaneous,0.011940158,0.0011832346
Pkt Len Min,0.011060691,0.001096082
ACK Flag Cnt,0.0108589195,0.0010760871
Pkt Len Max,0.010713014,0.0010616282
Idle Mean,0.009545458,0.0009459269
Bwd Pkts/s,0.009280194,0.00091963995
apdu_len_std,0.008463683,0.0008387261
Bwd IAT Tot,0.008276699,0.0008201966
Flow IAT Max,0.007441005,0.0007373818
Subflow Fwd Byts,0.006693459,0.0006633022
u_msg_ratio,0.006377535,0.00063199503
rolling_pkt_rate_10,0.005603417,0.00055528217
Fwd IAT Tot,0.005408253,0.00053594203
Flow IAT Mean,0.004861228,0.00048173347
Bwd Pkt Len Std,0.004354536,0.00043152177
Subflow Bwd Byts,0.004202175,0.00041642322
