experiment_id,source_domain,target_domain,model,samples,classes,accuracy,precision,recall,f1,mcc,fpr,fnr,roc_auc,pr_auc,training_time,inference_time,source_file
A1_D1_baseline,D1,D3,LightGBM (Baseline),714453,2,0.24866016378964045,0.2292214165848716,0.9922745765034983,0.3724131480647933,0.0650284358878135,0.9668071140765131,0.007725423496501754,0.5393606160804267,0.5668110013975769,[DATA NOT AVAILABLE],[DATA NOT AVAILABLE],phase4_results/metrics/all_results.json
A2_D2_baseline,D2,D3,LightGBM (Baseline),714453,2,0.25556474673631435,0.22705523501525118,0.9623136397335975,0.3674189803802166,0.025604181051014398,0.9492204988229858,0.037686360266402506,0.4497587324597737,0.20319711734346924,[DATA NOT AVAILABLE],[DATA NOT AVAILABLE],phase4_results/metrics/all_results.json
A5_D1_CORAL,D1,D3,LightGBM (CORAL),714453,2,0.24867556018380496,0.2292328394510927,0.9923368783058893,0.3724326119081913,0.06520665616792198,0.9668053088398827,0.00766312169411061,0.456310179884839,0.18867259939032918,[DATA NOT AVAILABLE],[DATA NOT AVAILABLE],phase4_results/metrics/all_results.json
A6_D2_CORAL,D2,D3,LightGBM (CORAL),714453,2,0.333133180209195,0.23818268606054177,0.8953267418026404,0.3762674099083472,0.07550590058623544,0.8297661857516283,0.10467325819735965,0.4804194224800674,0.14529344834199293,[DATA NOT AVAILABLE],[DATA NOT AVAILABLE],phase4_results/metrics/all_results.json
B1_D1_prior,D1,D3,LightGBM (Prior Correction),714453,2,0.24866156346183724,0.22922174648292737,0.9922745765034983,0.3724135834656403,0.065031435502283,0.9668053088398827,0.007725423496501754,0.5393606160804267,0.5668110013975769,[DATA NOT AVAILABLE],[DATA NOT AVAILABLE],phase4_results/metrics/all_results.json
B2_D2_prior,D2,D3,LightGBM (Prior Correction),714453,2,0.7549775842497687,0.3467147131959371,0.10250515547414786,0.15823006977202675,0.07800446617782293,0.05596414077957339,0.8974948445258522,0.4497587324597737,0.20319711734346924,[DATA NOT AVAILABLE],[DATA NOT AVAILABLE],phase4_results/metrics/all_results.json
C1_D1_CORAL_prior,D1,D3,LightGBM (CORAL + Prior Correction),714453,2,0.26587333246553657,0.23091435448720035,0.9730170893843959,0.3732498461501694,0.06313303695903083,0.939026327571018,0.026982910615604108,0.456310179884839,0.18867259939032918,[DATA NOT AVAILABLE],[DATA NOT AVAILABLE],phase4_results/metrics/all_results.json
C4_D2_CORAL_prior,D2,D3,LightGBM (CORAL + Prior Correction),714453,2,0.333151375947753,0.2381878181254651,0.8953267418026404,0.37627381363831547,0.0755293237031496,0.829742717675433,0.10467325819735965,0.4804194224800674,0.14529344834199293,[DATA NOT AVAILABLE],[DATA NOT AVAILABLE],phase4_results/metrics/all_results.json
D3_fusion_equal,D1+D2,D3,LightGBM (Equal Fusion),714453,2,0.24853419329193102,0.22919952340934993,0.9923368783058893,0.3723886398307314,0.06490357850984214,0.9669876377395549,0.00766312169411061,0.4610621068966239,0.20590929091419252,[DATA NOT AVAILABLE],[DATA NOT AVAILABLE],phase4_results/metrics/all_results.json
D4_fusion_optimal,D1+D2,D3,LightGBM (Optimal Fusion),714453,2,0.24853419329193102,0.22919952340934993,0.9923368783058893,0.3723886398307314,0.06490357850984214,0.9669876377395549,0.00766312169411061,0.4610621068966239,0.20590929091419252,[DATA NOT AVAILABLE],[DATA NOT AVAILABLE],phase4_results/metrics/all_results.json
E3_fusion_CORAL,D1+D2,D3,LightGBM (CORAL Fusion),714453,2,0.335896133125622,0.24102467657160956,0.9102293329346018,0.38112828057928366,0.09276775444162554,0.8305207746631429,0.0897706670653982,0.4880002681717261,0.17062033591934087,[DATA NOT AVAILABLE],[DATA NOT AVAILABLE],phase4_results/metrics/all_results.json
E5_fusion_CORAL_prior,D1+D2,D3,LightGBM (CORAL + Prior Correction Fusion),714453,2,0.31602498694805675,0.2422439672682773,0.9607249437726233,0.3869257462883181,0.12045002740363928,0.8707811619947142,0.039275056227376655,0.5072635983735567,0.18786939357027388,[DATA NOT AVAILABLE],[DATA NOT AVAILABLE],phase4_results/metrics/all_results.json
FTT_Default Threshold (theta=0.50),D1,D3,FT-Transformer Neural,714453,2,0.2439,0.2283,0.9939,0.3713,0.0522,0.9734,0.0061,0.5543,0.2071,[DATA NOT AVAILABLE],[DATA NOT AVAILABLE],experiment_execution/neural_robustness/tables/N1_LightGBM_vs_FTTransformer.csv
FTT_Calibrated Threshold (theta=0.43-0.87),D1,D3,FT-Transformer Neural,714453,2,0.249,0.2293,0.9923,0.3725,0.0659,0.9664,0.0077,0.5543,0.2071,[DATA NOT AVAILABLE],[DATA NOT AVAILABLE],experiment_execution/neural_robustness/tables/N1_LightGBM_vs_FTTransformer.csv
