Method,F1,MCC,Balanced_Accuracy,Precision,Recall,FPR,FNR,ROC_AUC,PR_AUC,Log_Loss,Brier,ECE,Threshold
D1 baseline,0.3696826558368968,0.046268793400255984,0.5064921973306092,0.2269536162517707,0.9961559787924664,0.9831715841312479,0.0038440212075335337,0.5396850606645979,0.13668739930097382,9.84255575974284,0.7564886019454199,0.7607671223915424,0.5
D2 baseline,0.10906181663022028,0.07322905517346426,0.5167235062743992,0.37893332344983505,0.06369736276470478,0.030250350215906302,0.9363026372352952,0.44839319482276563,0.20272137345631958,0.9197762671004793,0.22218788390798386,0.20621852687639644,0.5
D1 + calibration,0.3724131480647933,0.0650284358878135,0.5127337312134925,0.2292214165848716,0.9922745765034983,0.9668071140765131,0.007725423496501754,0.5396850606645979,0.13668739930097382,9.84255575974284,0.7564886019454199,0.7607671223915424,0.65
D2 + calibration,0.15799852463995911,0.07920347799528914,0.5234991589569792,0.34937523988229774,0.10208150321788809,0.05508318530392964,0.8979184967821119,0.44839319482276563,0.20272137345631958,0.9197762671004793,0.22218788390798386,0.20621852687639644,0.33
D1 + CORAL + calibration,0.3724226623331073,0.06511603683632564,0.5127493066640904,0.2292269631032582,0.9923057274046938,0.9668071140765131,0.007694272595306182,0.5036362562516751,0.2028175008368136,4.386945151255766,0.7538737456275106,0.7612208649967448,0.9
D2 + CORAL + calibration,0.3819174554731647,0.09524297368519129,0.5426583808814975,0.24252181505276493,0.8981552436311983,0.8128384818682033,0.10184475636880175,0.5042033505114573,0.18638234713577584,1.294466282125475,0.4864536850181577,0.539556764193481,0.76
D1 + prior correction,0.3724131480647933,0.0650284358878135,0.5127337312134925,0.2292214165848716,0.9922745765034983,0.9668071140765131,0.007725423496501754,0.5396850606645979,0.13668739930097382,6.1145732705159705,0.7487425409876349,0.7494316071092101,0.5
D2 + prior correction,0.04934966650288315,0.014489131119489846,0.5026114245615265,0.26392412709919055,0.027219657464690454,0.021996808341637423,0.9727803425353095,0.44839319482276563,0.20272137345631958,1.3172640969385592,0.2214352232412585,0.2195606009991106,0.5
D1 + prior correction + calibration,0.3724131480647933,0.0650284358878135,0.5127337312134925,0.2292214165848716,0.9922745765034983,0.9668071140765131,0.007725423496501754,0.5396850606645979,0.13668739930097382,6.1145732705159705,0.7487425409876349,0.7494316071092101,0.02
D2 + prior correction + calibration,0.15796703958816355,0.07901046061194246,0.5234544352763927,0.3489947180098824,0.10208773339812721,0.055178862845341764,0.8979122666018728,0.44839319482276563,0.20272137345631958,1.3172640969385592,0.2214352232412585,0.2195606009991106,0.04
D2 + CORAL + prior correction,0.007957796852646639,-0.15713192607175408,0.4465564589168893,0.014088743252441785,0.005544860412811743,0.11243194257903326,0.9944551395871882,0.5042033505114573,0.18638234713577584,0.5918971522087149,0.1980339165492427,0.09929666211963385,0.5
D2 + CORAL + prior correction + calib,0.3819174554731647,0.09524297368519129,0.5426583808814975,0.24252181505276493,0.8981552436311983,0.8128384818682033,0.10184475636880175,0.5042033505114573,0.18638234713577584,0.5918971522087149,0.1980339165492427,0.09929666211963385,0.26
D1+D2 fusion (equal),0.3723886398307314,0.06490357850984214,0.5126746202831672,0.22919952340934993,0.9923368783058893,0.9669876377395549,0.00766312169411061,0.4606473319757619,0.20477916761359927,0.7639279096243263,0.2735639823282895,0.3064180798400493,0.5
D1+D2 fusion (optimal),0.1579188510082133,0.07925712898640193,0.5235010858462398,0.3495452410435971,0.10200051087477961,0.054998339182300016,0.8979994891252204,0.4606473319757619,0.20477916761359927,0.7639279096243263,0.2735639823282895,0.3064180798400493,0.63
D1+D2 CORAL fusion,0.381919984952307,0.09525146664492634,0.5426628939730735,0.242523855026042,0.8981552436311983,0.8128294556850512,0.10184475636880175,0.5040731091088937,0.1868442796018102,1.767363572378014,0.6027969716204663,0.6493183399945834,0.88
D1+D2 CORAL + prior fusion,0.384079204574694,0.10504560603740475,0.5424992525605719,0.24170316019450325,0.9346204885707343,0.8496219834495906,0.06537951142926565,0.5036362562516751,0.2028175008368136,1.2240649539919881,0.324912224587465,0.32813143204847905,0.48000000000000004
