fpr,tpr,threshold
0.0,0.0,inf
1.8052366304175152e-06,0.0,0.930107
0.00045491963086521383,0.0005544860412811743,0.8439418
0.00045491963086521383,0.0006915500065416893,0.76357436
0.00045491963086521383,0.0007040103670199179,0.762808
0.00045491963086521383,0.0007227009077372608,0.75665075
0.0004567248674956313,0.0007227009077372608,0.7565227
0.0004567248674956313,0.0007289310879763751,0.75400275
0.00046033534075646637,0.0007289310879763751,0.7496909
0.00046033534075646637,0.0008348441520413185,0.74614125
0.00046033534075646637,0.0008473045125195472,0.74613786
0.00046033534075646637,0.0008909157741933474,0.7460747
0.00046033534075646637,0.0009033761346715761,0.7460733
0.00046033534075646637,0.0009158364951498047,0.74604034
0.00046033534075646637,0.0009282968556280333,0.7460386
0.00046033534075646637,0.0009594477568236049,0.7459685
0.00046033534075646637,0.0009719081173018336,0.74596804
0.00046033534075646637,0.001059130640649434,0.7458802
0.00046033534075646637,0.0010715910011276626,0.74586105
0.00046033534075646637,0.00114012298375792,0.7457523
0.00046033534075646637,0.0011525833442361487,0.74575156
0.00046033534075646637,0.001177504065192606,0.745725
0.00046033534075646637,0.0011899644256708347,0.74569887
0.00046033534075646637,0.0012148851466272919,0.74560577
0.0004621405773868839,0.0012148851466272919,0.7456042
0.0004621405773868839,0.0012522662280619779,0.7435778
0.00047116676053897145,0.0012522662280619779,0.7423239
0.00047116676053897145,0.0012647265885402065,0.74204695
0.000480192943691059,0.0012647265885402065,0.7418195
0.00048741389021272907,0.0012647265885402065,0.7417186
0.0004982453099952342,0.0012647265885402065,0.7412926
0.0005018557832560692,0.0012647265885402065,0.741213
0.0005090767297777392,0.0012647265885402065,0.74101055
0.0005126872030385743,0.0012647265885402065,0.74098915
0.0005144924396689918,0.0012647265885402065,0.7409792
0.0005181029129298269,0.0012647265885402065,0.7409449
0.0005199081495602443,0.0012647265885402065,0.74090856
0.0005235186228210794,0.0012647265885402065,0.7408369
0.000528934332712332,0.0012647265885402065,0.74066687
0.000536155279234002,0.0012647265885402065,0.7402628
0.0005379605158644195,0.0012647265885402065,0.7402343
0.0005451814623860895,0.0012647265885402065,0.7401559
0.0005542076455381772,0.0012647265885402065,0.73968893
0.0005578181187990121,0.0012647265885402065,0.73950714
0.0005632338286902647,0.0012647265885402065,0.7391517
0.0005686495385815172,0.0012647265885402065,0.73906827
0.0005722600118423523,0.0012647265885402065,0.73891884
0.0005794809583640223,0.0012647265885402065,0.7377272
0.0005794809583640223,0.0013083378502140067,0.73769176
0.0005921176147769449,0.0013083378502140067,0.73721135
0.00059572808803778,0.0013083378502140067,0.7372005
0.0006101699810811201,0.0013083378502140067,0.73702127
0.0006137804543419552,0.0013083378502140067,0.73699737
0.0006300275840157128,0.0013083378502140067,0.7367964
0.0006372485305373829,0.0013083378502140067,0.7367868
0.0006426642404286354,0.0013083378502140067,0.73678225
0.0006444694770590529,0.0013083378502140067,0.7367752
0.0006516904235807229,0.0013083378502140067,0.7367698
0.0006607166067328106,0.0013083378502140067,0.7366833
0.0006643270799936455,0.0013083378502140067,0.73668075
0.0006751584997761506,0.0013083378502140067,0.73665506
0.0006968213393411609,0.0013893301933224928,0.73656404
0.0007022370492324134,0.0013893301933224928,0.7364694
0.000707652759123666,0.0013893301933224928,0.73646593
0.0007112632323845009,0.0013893301933224928,0.7364441
0.000714873705645336,0.0013893301933224928,0.7364413
0.0007202894155365886,0.0013893301933224928,0.7364355
0.0007238998887974235,0.0013893301933224928,0.736429
0.0007275103620582586,0.0013893301933224928,0.7364254
0.0007293155986886761,0.0013893301933224928,0.736418
0.0007347313085799286,0.0013893301933224928,0.7364139
0.0007383417818407637,0.0013893301933224928,0.7364096
0.0007437574917320163,0.0013893301933224928,0.73637414
0.0007527836748841038,0.0013893301933224928,0.73636717
0.0007563941481449389,0.0013893301933224928,0.73636097
0.0007618098580361914,0.0013893301933224928,0.7363516
0.0007690308045578615,0.0013893301933224928,0.73634285
0.0007762517510795315,0.0013893301933224928,0.7363382
0.0007798622243403666,0.0013893301933224928,0.7363317
0.0007834726976012015,0.0013893301933224928,0.73632824
0.0007870831708620366,0.0013893301933224928,0.7362927
0.0007906936441228717,0.0013893301933224928,0.73627824
0.0007979145906445417,0.0013893301933224928,0.73626214
0.0008051355371662117,0.0013893301933224928,0.7362167
0.0008087460104270468,0.0013893301933224928,0.736213
0.0008213826668399694,0.0013893301933224928,0.7362011
0.0008249931401008044,0.0013893301933224928,0.7361949
0.000826798376731222,0.0013893301933224928,0.7361928
0.0008304088499920569,0.0013893301933224928,0.7361884
0.000837629796513727,0.0013893301933224928,0.7361842
0.000841240269774562,0.0013893301933224928,0.73616767
0.0008502664529266497,0.0013893301933224928,0.7361652
0.0008574873994483197,0.0013893301933224928,0.73615265
0.0008610978727091547,0.0013893301933224928,0.7361302
0.0008647083459699897,0.0013893301933224928,0.73611975
0.0008683188192308248,0.0013893301933224928,0.7361091
0.0008737345291220774,0.0013893301933224928,0.7360993
0.0008773450023829123,0.0013893301933224928,0.7360979
0.0008791502390133298,0.0013893301933224928,0.7360932
0.000886371185535,0.0013893301933224928,0.73608893
0.0008917868954262524,0.0013893301933224928,0.7360761
0.0009044235518391751,0.0013893301933224928,0.7360671
0.0009080340251000101,0.0013893301933224928,0.7360553
0.0009098392617304277,0.0013893301933224928,0.736048
0.0009134497349912626,0.0015201639783438935,0.73604304
0.0009242811547737678,0.0015201639783438935,0.73601645
0.0009351125745562729,0.0015201639783438935,0.7360052
0.0009369178111866903,0.0015201639783438935,0.7360038
0.0009441387577083604,0.0015201639783438935,0.7359933
0.000945943994338778,0.0015201639783438935,0.7359906
0.000953164940860448,0.0015201639783438935,0.73598725
0.0009549701774908655,0.0015201639783438935,0.735981
0.0009585806507517006,0.0015201639783438935,0.7359766
0.000960385887382118,0.0015201639783438935,0.7359728
0.0009748277804254581,0.0015201639783438935,0.73597133
0.0009766330170558758,0.0015201639783438935,0.73596805
0.0009802434903167106,0.0015201639783438935,0.7359657
0.0009838539635775457,0.0015201639783438935,0.7359608
0.0010001010932513034,0.0015201639783438935,0.7359544
0.0010055168031425559,0.0015201639783438935,0.7359404
0.0010073220397729735,0.0015201639783438935,0.735934
0.0010181534595554785,0.0015201639783438935,0.7359306
0.001019958696185896,0.0015201639783438935,0.73592556
0.0010398162991204886,0.0015201639783438935,0.7359179
0.0010434267723813237,0.0015201639783438935,0.7359124
0.0010488424822725764,0.0015201639783438935,0.7358956
0.0010524529555334112,0.0015201639783438935,0.73589385
0.001057868665424664,0.0015201639783438935,0.735889
0.001072310558468004,0.0015201639783438935,0.7358767
0.001075921031728839,0.0015201639783438935,0.7358602
0.0010777262683592565,0.0015201639783438935,0.7358506
0.0010849472148809266,0.0015201639783438935,0.73584604
0.001090362924772179,0.0015201639783438935,0.73583674
0.0010939733980330141,0.0015201639783438935,0.7358297
0.0010975838712938492,0.0015201639783438935,0.7358226
0.0011011943445546843,0.0015201639783438935,0.7358126
0.0011084152910763544,0.0015201639783438935,0.73580766
0.0011192467108588594,0.0015201639783438935,0.7358063
0.0011228571841196944,0.0015201639783438935,0.7358018
0.0011246624207501118,0.0015201639783438935,0.7357948
0.001131883367271782,0.0015201639783438935,0.7357847
0.0011372990771630345,0.0015201639783438935,0.73577595
0.0011409095504238695,0.0015201639783438935,0.735767
0.0011427147870542872,0.0015201639783438935,0.7357613
0.001146325260315122,0.0015201639783438935,0.735759
0.0011517409702063747,0.0015201639783438935,0.73575634
0.0011643776266192973,0.0015201639783438935,0.73574847
0.0011752090464018023,0.0015201639783438935,0.7357232
0.001180624756293055,0.0015201639783438935,0.7357137
0.0011842352295538898,0.0015201639783438935,0.73570406
0.001187845702814725,0.0015201639783438935,0.7356966
0.00119145617607556,0.0015201639783438935,0.7356907
0.0011968718859668125,0.0015201639783438935,0.7356839
0.0012113137790101527,0.0015201639783438935,0.7356714
0.0012149242522709878,0.0015201639783438935,0.7356629
0.0012203399621622403,0.0015201639783438935,0.7356614
0.0012293661453143278,0.0015201639783438935,0.7356602
0.0012347818552055803,0.0015201639783438935,0.735655
0.001254639458140173,0.0015201639783438935,0.7356408
0.0012564446947705905,0.0015201639783438935,0.7356229
0.0012600551680314255,0.0015201639783438935,0.73562056
0.001265470877922678,0.0015201639783438935,0.73561925
0.0012708865878139307,0.0015201639783438935,0.7355994
0.0012817180075964357,0.0015201639783438935,0.7355932
0.0012853284808572707,0.0015201639783438935,0.7355848
0.0012871337174876884,0.0015201639783438935,0.7355689
0.0013015756105310284,0.0015201639783438935,0.7355676
0.0013051860837918635,0.0015201639783438935,0.73556465
0.001310601793683116,0.0015201639783438935,0.7355543
0.0013124070303135334,0.0015201639783438935,0.73554784
0.001317822740204786,0.0015201639783438935,0.7355436
0.0013503169995523012,0.0015201639783438935,0.73554057
0.001355732709443554,0.0015201639783438935,0.7355349
0.001384616495530234,0.0015201639783438935,0.73552996
0.0013954479153127392,0.0015201639783438935,0.73552155
0.0013990583885735743,0.0015201639783438935,0.7355149
0.0014026688618344093,0.0015201639783438935,0.73549396
0.0014080845717256618,0.0015201639783438935,0.7354901
0.0014225264647690018,0.0015201639783438935,0.7354723
0.0014279421746602545,0.0015201639783438935,0.7354703
0.0014351631211819245,0.0015201639783438935,0.7354648
0.001444189304334012,0.0015201639783438935,0.7354631
0.0014766835636815274,0.0015201639783438935,0.7354497
0.0015019568765073726,0.0015201639783438935,0.7354374
0.0015109830596594601,0.0015201639783438935,0.73543584
0.0015127882962898778,0.0015201639783438935,0.73542833
0.0015254249527028004,0.0015201639783438935,0.73542607
0.001534451135854888,0.0015201639783438935,0.7354235
0.0015362563724853054,0.0015201639783438935,0.73540735
0.0015506982655286454,0.0015201639783438935,0.7353829
0.0015597244486807332,0.0015201639783438935,0.735376
0.001563334921941568,0.0015201639783438935,0.73537475
0.0015705558684632381,0.0015201639783438935,0.735367
0.001597634417919501,0.0015201639783438935,0.73535895
0.0016030501278107535,0.0015201639783438935,0.7353514
0.001604855364441171,0.001532624338822122,0.7353491
0.001608465837702006,0.001532624338822122,0.7353367
0.0016138815475932585,0.001532624338822122,0.73533386
0.001615686784223676,0.001532624338822122,0.7353272
0.001626518204006181,0.001532624338822122,0.73532104
0.0016427653336799387,0.001532624338822122,0.7353141
0.0016463758069407738,0.001532624338822122,0.73530483
0.0016481810435711912,0.001532624338822122,0.735302
0.0016554019900928614,0.001532624338822122,0.7352916
0.0016590124633536964,0.001532624338822122,0.7352806
0.0016626229366145315,0.001532624338822122,0.73527575
0.0016698438831362014,0.001532624338822122,0.7352712
0.0016842857761795416,0.001532624338822122,0.7352632
0.0016933119593316292,0.001532624338822122,0.7352608
0.0016951171959620466,0.001532624338822122,0.73525214
0.0017041433791141344,0.001532624338822122,0.73524475
0.0017077538523749692,0.001532624338822122,0.7352358
0.0017113643256358043,0.001532624338822122,0.7352285
0.0017510795315049898,0.001532624338822122,0.73522246
0.0017528847681354072,0.001532624338822122,0.73521733
0.0017583004780266597,0.001532624338822122,0.735213
0.0017601057146570773,0.001532624338822122,0.735206
0.0017691318978091649,0.001532624338822122,0.73519844
0.0018178732868304377,0.001532624338822122,0.73519444
0.0018214837600912727,0.001532624338822122,0.73519135
0.0018287047066129429,0.001532624338822122,0.7351899
0.0018305099432433603,0.001532624338822122,0.73518866
0.0018377308897650304,0.001532624338822122,0.7351864
0.0018846670421558858,0.001532624338822122,0.73515874
0.0018991089351992258,0.001532624338822122,0.73512995
0.001920771774764236,0.001532624338822122,0.73512757
0.001924382248025071,0.001532624338822122,0.73512614
0.0019370189044379937,0.001532624338822122,0.73510414
0.0019442398509596638,0.001532624338822122,0.73510224
0.0019478503242204989,0.001532624338822122,0.7351
0.0019568765073725864,0.001532624338822122,0.7350949
0.001969513163785509,0.001532624338822122,0.7350853
0.001976734110307179,0.001532624338822122,0.7350786
0.001980344583568014,0.001532624338822122,0.7350687
0.0019893707667201018,0.001532624338822122,0.73506063
0.001996591713241772,0.001532624338822122,0.7350572
0.0020020074231330244,0.001532624338822122,0.735036
0.002007423133024277,0.001532624338822122,0.7350248
0.002014644079545947,0.001532624338822122,0.73501974
0.002016449316176364,0.001532624338822122,0.73500824
0.0020308912092197044,0.001532624338822122,0.73498726
0.0020345016824805397,0.001532624338822122,0.7349744
0.0020489435755238795,0.001532624338822122,0.73491246
0.002050748812154297,0.001532624338822122,0.7349063
0.0020561645220455497,0.001532624338822122,0.73489773
0.00207060641508889,0.001532624338822122,0.73488975
0.0020742168883497248,0.001532624338822122,0.73488486
0.0020760221249801424,0.001532624338822122,0.7348732
0.0020868535447626474,0.001532624338822122,0.7348627
0.0020904640180234827,0.001532624338822122,0.7348514
0.0020976849645451528,0.001532624338822122,0.7348503
0.00209949020117557,0.001532624338822122,0.73484874
0.0021031006744364053,0.001532624338822122,0.7348431
0.002126568750631833,0.001532624338822122,0.73482615
0.0021753101396531057,0.001532624338822122,0.7348168
0.0021843363228051934,0.001532624338822122,0.7348117
0.0021879467960660283,0.001532624338822122,0.734795
0.0022168305821527088,0.001532624338822122,0.7347879
0.002225856765304796,0.001532624338822122,0.7347805
0.002243909131608971,0.001532624338822122,0.73477906
0.0022475196048698065,0.001532624338822122,0.7347716
0.0022511300781306413,0.001532624338822122,0.7347681
0.002252935314761059,0.001532624338822122,0.73475903
0.0022655719711739816,0.001532624338822122,0.7347479
0.002274598154326069,0.001532624338822122,0.7347428
0.0022944557572606617,0.001532624338822122,0.7347341
0.002301676703782332,0.001532624338822122,0.7347215
0.0023143133601952544,0.001532624338822122,0.73470616
0.002323339543347342,0.001532624338822122,0.7346625
0.002326950016608177,0.001532624338822122,0.7346264
0.0023287552532385947,0.001532624338822122,0.7346244
0.0023413919096515173,0.001532624338822122,0.7345846
0.0023504180928036046,0.001532624338822122,0.7345614
0.0023666652224773625,0.001532624338822122,0.7345501
0.0023684704591077797,0.001532624338822122,0.7345435
0.002379301878890285,0.001532624338822122,0.734536
0.0023811071155207023,0.001532624338822122,0.73452526
0.0023991594818248774,0.001532624338822122,0.7345178
0.002408185664976965,0.001532624338822122,0.73450845
0.002409990901607383,0.001532624338822122,0.7345027
0.0024262380312811403,0.001532624338822122,0.7345004
0.0024442903975853154,0.001532624338822122,0.7344937
0.0024767846569328307,0.001532624338822122,0.73446476
0.002530941755845356,0.001532624338822122,0.7344555
0.0025345522291061913,0.001532624338822122,0.73445207
0.0025453836488886963,0.001532624338822122,0.7343668
0.0025562150686712012,0.001532624338822122,0.7342309
0.0025634360151928714,0.001532624338822122,0.734216
0.0025959302745403867,0.001532624338822122,0.7341983
0.002599540747801222,0.001532624338822122,0.7341391
0.0026338402437791546,0.001532624338822122,0.72088456
0.0026374507170399894,0.001532624338822122,0.7205257
0.002639255953670407,0.001532624338822122,0.72051275
0.002639255953670407,0.0015388545190612364,0.7204455
0.002646476900192077,0.0015388545190612364,0.72032756
0.0026536978467137473,0.0015388545190612364,0.7202481
0.0026609187932354174,0.0015388545190612364,0.72023946
0.0026627240298658346,0.0015388545190612364,0.7202374
0.00266633450312667,0.0015388545190612364,0.72016615
0.0026681397397570875,0.0015388545190612364,0.7201533
0.0026898025793220975,0.0015388545190612364,0.72014606
0.00270243923573502,0.0015388545190612364,0.7201453
0.0027060497089958554,0.0015388545190612364,0.7201398
0.002713270655517525,0.0015388545190612364,0.72006816
0.0027168811287783604,0.0015388545190612364,0.72005504
0.002729517785191283,0.0015388545190612364,0.72005403
0.002733128258452118,0.0015388545190612364,0.7200524
0.0027385439683433703,0.0015388545190612364,0.7200393
0.002743959678234623,0.0015388545190612364,0.72000265
0.0027493753881258757,0.0015388545190612364,0.7199996
0.0027602068079083807,0.0015388545190612364,0.71989906
0.002769232991060468,0.0015388545190612364,0.71988815
0.002774648700951721,0.0015388545190612364,0.7198532
0.0027818696474733906,0.0015388545190612364,0.7197869
0.0027836748841038083,0.0015388545190612364,0.71978045
0.0027908958306254784,0.0015388545190612364,0.7197553
0.002796311540516731,0.0015388545190612364,0.71966594
0.0027981167771471485,0.0015388545190612364,0.7196379
0.0028017272504079834,0.0015388545190612364,0.71959746
0.0028089481969296535,0.0015388545190612364,0.71957093
0.002810753433560071,0.0015388545190612364,0.71955556
0.0028270005632338286,0.0015388545190612364,0.7194864
0.002832416273125081,0.0015388545190612364,0.7194792
0.0028342215097554987,0.0015388545190612364,0.71944153
0.0028450529295380037,0.0015388545190612364,0.71938866
0.002850468639429256,0.0015388545190612364,0.7193433
0.002852273876059674,0.0015388545190612364,0.7192567
0.002855884349320509,0.0015388545190612364,0.7162135
0.002855884349320509,0.0015450846993003507,0.71621025
0.0028576895859509263,0.0015450846993003507,0.71619326
0.0028576895859509263,0.0015513148795394652,0.71618366
0.0028613000592117616,0.0015513148795394652,0.71616733
0.002884768135407189,0.0015513148795394652,0.71606976
0.002893794318559277,0.0015513148795394652,0.71604824
0.002895599555189694,0.0015513148795394652,0.71604395
0.0029064309749721995,0.0015513148795394652,0.7160376
0.0029082362116026167,0.0015513148795394652,0.7160346
0.0029082362116026167,0.0015575450597785795,0.71601766
0.0029136519214938692,0.0015575450597785795,0.71600765
0.0029172623947547045,0.0015575450597785795,0.7160059
0.002919067631385122,0.0015575450597785795,0.71600336
0.002926288577906792,0.0015575450597785795,0.7159995
0.0029353147610588796,0.0015575450597785795,0.71599627
0.002960588073884725,0.0015575450597785795,0.7159854
0.0029660037837759773,0.0015575450597785795,0.7159728
0.0029696142570368126,0.0015575450597785795,0.71597105
0.00297141949366723,0.0015575450597785795,0.71597034
0.0029768352035584823,0.0015575450597785795,0.7159595
0.0029822509134497348,0.0015575450597785795,0.7159452
0.002989471859971405,0.0015575450597785795,0.71594477
0.0030021085163843275,0.0015575450597785795,0.7159299
0.0030255765925797555,0.0015575450597785795,0.71591556
0.0030327975391014252,0.0015575450597785795,0.7159105
0.0030400184856230954,0.0015575450597785795,0.7158954
0.003041823722253513,0.0015575450597785795,0.71588117
0.0030544603786664356,0.0015575450597785795,0.7158787
0.0030616813251881057,0.0015575450597785795,0.7158656
0.0030634865618185234,0.0015575450597785795,0.7158624
0.0030670970350793582,0.0015575450597785795,0.7158573
0.003068902271709776,0.0015575450597785795,0.71585494
0.0030887598746443686,0.0015575450597785795,0.71584654
0.0030923703479052034,0.0015575450597785795,0.7158259
0.0030995912944268736,0.0015575450597785795,0.7158159
0.003108617477578961,0.0015575450597785795,0.715807
0.0031140331874702134,0.0015575450597785795,0.715799
0.003115838424100631,0.0015575450597785795,0.7157966
0.003133890790404806,0.0015575450597785795,0.7157796
0.0031519431567089812,0.0015575450597785795,0.71575373
0.0031555536299698165,0.0015575450597785795,0.7157509
0.003160969339861069,0.0015575450597785795,0.7157429
0.0031627745764914866,0.0015575450597785795,0.71573704
0.0031663850497523215,0.0015575450597785795,0.71572745
0.003168190286382739,0.0015575450597785795,0.71572554
0.0031808269427956617,0.0015575450597785795,0.715721
0.0031844374160564966,0.0015575450597785795,0.71571255
0.003189853125947749,0.0015575450597785795,0.71571046
0.0031934635992085843,0.0015575450597785795,0.71569484
0.003227763095186517,0.0015575450597785795,0.71569234
0.0032295683318169345,0.0015575450597785795,0.7156791
0.0032494259347515273,0.0015575450597785795,0.71567667
0.003251231171381945,0.0015575450597785795,0.7156614
0.0032656730644252847,0.0015575450597785795,0.7156467
0.0032746992475773725,0.0015575450597785795,0.71564275
0.0032783097208382074,0.0015575450597785795,0.71561724
0.003280114957468625,0.0015575450597785795,0.7156156
0.0032891411406207128,0.0015575450597785795,0.7156055
0.0032927516138815476,0.0015575450597785795,0.71560276
0.0032999725604032177,0.0015575450597785795,0.7155913
0.0033017777970336354,0.0015575450597785795,0.7155587
0.003325245873229063,0.0015575450597785795,0.7155515
0.0033378825296419856,0.0015575450597785795,0.7155066
0.003343298239533238,0.0015575450597785795,0.7154604
0.003354129659315743,0.0015575450597785795,0.7113834
0.0033902343919240932,0.0015575450597785795,0.71138334
0.003402871048337016,0.0015575450597785795,0.7113833
0.003522016665944572,0.0015575450597785795,0.7113832
0.0035617318718137573,0.0015575450597785795,0.7113831
0.0035906156579004374,0.0015575450597785795,0.711383
0.003599641841052525,0.0019064351531689811,0.7113829
0.00360325231431336,0.0019064351531689811,0.71138287
0.003738645061594674,0.0019064351531689811,0.71138275
0.0037404502982250915,0.0019064351531689811,0.7113826
0.003745866008116344,0.0019064351531689811,0.7113825
0.0037548921912684313,0.0019064351531689811,0.71138245
0.0037801655040942766,0.0019064351531689811,0.7113824
0.003781970740724694,0.0019064351531689811,0.7113823
0.0037873864506159467,0.0019064351531689811,0.71138227
0.003794607397137617,0.0019064351531689811,0.7113821
0.0038343226030068023,0.0019064351531689811,0.71138185
0.0038433487861588896,0.0019064351531689811,0.71138155
0.0039209739612668425,0.0019064351531689811,0.71138126
0.003926389671158095,0.0019064351531689811,0.71138096
0.00395166298398394,0.0019064351531689811,0.71138084
0.003962494403766446,0.0019064351531689811,0.71138054
0.0039679101136576985,0.0019064351531689811,0.7113804
0.003998599136374796,0.0019064351531689811,0.71138024
0.004179122799416547,0.0019064351531689811,0.71138006
0.00419898040235114,0.0019064351531689811,0.71138
0.004222448478546568,0.0019064351531689811,0.7113798
0.004229669425068238,0.0019064351531689811,0.71137977
0.004233279898329073,0.0019064351531689811,0.7113794
0.004244111318111578,0.0019064351531689811,0.7113791
0.004267579394307006,0.0019064351531689811,0.711379
0.0043072946001761914,0.0019126653334080954,0.71137834
0.004312710310067444,0.0019126653334080954,0.7113781
0.004334373149632454,0.0019126653334080954,0.7113776
0.004336178386262871,0.0019126653334080954,0.7113775
0.004365062172349552,0.0019126653334080954,0.7113773
0.004366867408979969,0.0019126653334080954,0.71137714
0.004399361668327485,0.0019126653334080954,0.7113769
0.004428245454414164,0.0019126653334080954,0.7113766
0.004435466400935835,0.0019126653334080954,0.71137637
0.004437271637566252,0.0019126653334080954,0.7113763
0.0044426873474575045,0.0019126653334080954,0.7113762
0.00444629782071834,0.0019126653334080954,0.71137613
0.004491428736478778,0.0019126653334080954,0.7113758
0.004495039209739613,0.0019126653334080954,0.71137536
0.0045004549196308655,0.0019126653334080954,0.71137524
0.004531143942347963,0.0019126653334080954,0.7113751
0.004534754415608798,0.0019188955136472097,0.7113748
0.004558222491804226,0.0019188955136472097,0.71137446
0.0046250162471296735,0.0019188955136472097,0.7113742
0.004628626720390509,0.0019188955136472097,0.71137416
0.004641263376803431,0.0019188955136472097,0.71137327
0.004718888551911385,0.0019188955136472097,0.7113729
0.004720693788541802,0.0019188955136472097,0.71137285
0.0047279147350634725,0.0019188955136472097,0.7113726
0.004745967101367647,0.0019188955136472097,0.71137255
0.0047513828112589,0.0019188955136472097,0.7113717
0.00478026659734558,0.0019188955136472097,0.7113716
0.004782071833975997,0.0019188955136472097,0.71137124
0.004810955620062678,0.0019188955136472097,0.7113711
0.004821787039845183,0.0019188955136472097,0.71136963
0.0048235922764756,0.0019188955136472097,0.7113696
0.004829007986366853,0.0019188955136472097,0.7113689
0.004836228932888523,0.0019188955136472097,0.71136874
0.004890386031801049,0.0019188955136472097,0.71136814
0.004895801741692301,0.0019188955136472097,0.71136785
0.004906633161474806,0.0019188955136472097,0.71136767
0.004957179787126497,0.0019188955136472097,0.71136713
0.004962595497017749,0.0019188955136472097,0.7113666
0.0049662059702785845,0.0019188955136472097,0.71136534
0.005009531649408604,0.0019188955136472097,0.7113651
0.00501314212266944,0.0019188955136472097,0.7113645
0.005022168305821527,0.0019188955136472097,0.7113641
0.00502758401571278,0.0019188955136472097,0.7113639
0.00504202590875612,0.0019188955136472097,0.7113637
0.00504924685527779,0.0019188955136472097,0.71136343
0.0050564678017994595,0.0019188955136472097,0.7113633
0.005065493984951547,0.0019188955136472097,0.71136314
0.00512145632049449,0.0019188955136472097,0.71136206
0.005123261557124908,0.0019188955136472097,0.7113609
0.005238796701471629,0.0019188955136472097,0.7113604
0.005307395693427495,0.0019188955136472097,0.71135896
0.005316421876579582,0.0019188955136472097,0.71135837
0.005320032349840417,0.0019188955136472097,0.7113544
0.005330863769622923,0.0019188955136472097,0.7113535
0.005334474242883757,0.0019188955136472097,0.7113533
0.005338084716144592,0.0019188955136472097,0.7113527
0.00535433184581835,0.0019188955136472097,0.7113525
0.00536877373886169,0.0019188955136472097,0.711352
0.005372384212122525,0.0019188955136472097,0.7113518
0.005392241815057118,0.0019188955136472097,0.7113515
0.005394047051687535,0.0019188955136472097,0.71134865
0.005401267998209205,0.0019375860543645528,0.71134835
0.005412099417991711,0.0019375860543645528,0.7113471
0.005415709891252545,0.0019375860543645528,0.7113463
0.005417515127882963,0.0019375860543645528,0.7113461
0.005428346547665468,0.0019375860543645528,0.7113428
0.005430151784295885,0.0019375860543645528,0.71134275
0.00544098320407839,0.0019375860543645528,0.71134233
0.005448204150600061,0.0019375860543645528,0.7113423
0.005451814623860895,0.0019375860543645528,0.7113413
0.005495140302990916,0.0019375860543645528,0.7113411
0.005507776959403838,0.0019375860543645528,0.71134096
0.005511387432664674,0.0019375860543645528,0.71133983
0.005670248256141415,0.0019375860543645528,0.71133953
0.00567385872940225,0.0019375860543645528,0.71133894
0.005679274439293502,0.0019375860543645528,0.7113386
0.005682884912554338,0.0019375860543645528,0.71133804
0.005684690149184755,0.0019375860543645528,0.7113369
0.005700937278858512,0.0019375860543645528,0.71133363
0.005708158225380183,0.0019375860543645528,0.71133304
0.005713573935271435,0.0019375860543645528,0.71133024
0.0057262105916843576,0.0019375860543645528,0.7113302
0.005731626301575611,0.0019375860543645528,0.7113296
0.005735236774836445,0.0019375860543645528,0.7113282
0.005742457721358116,0.0019375860543645528,0.71132785
0.00574606819461895,0.0019375860543645528,0.711325
0.005749678667879786,0.0019375860543645528,0.711324
0.005751483904510203,0.0019375860543645528,0.71132165
0.005755094377771038,0.0019375860543645528,0.71132123
0.005762315324292709,0.0019375860543645528,0.7113138
0.0057713415074447955,0.0019375860543645528,0.71131194
0.005773146744075214,0.0019375860543645528,0.71131057
0.005834524789509409,0.0019375860543645528,0.7113089
0.005838135262770244,0.0019375860543645528,0.71130884
0.0058399404994006615,0.0019375860543645528,0.71130794
0.005847161445922331,0.0019375860543645528,0.7113042
0.005848966682552749,0.0019375860543645528,0.7113029
0.005859798102335254,0.0019375860543645528,0.7113009
0.0058616033389656715,0.0019375860543645528,0.71130043
0.0058616033389656715,0.0023861590315807837,0.7113004
0.005867019048856924,0.0023861590315807837,0.7112978
0.005980748956573228,0.0023861590315807837,0.71129614
0.006004217032768655,0.0023861590315807837,0.7112948
0.0060096327426599075,0.0023861590315807837,0.711292
0.00601504845255116,0.0023861590315807837,0.711282
0.006020464162442413,0.0023861590315807837,0.7112768
0.006034906055485753,0.0023861590315807837,0.7112751
0.006045737475268259,0.0023861590315807837,0.7112742
0.006047542711898676,0.0023861590315807837,0.71127367
0.006071010788094103,0.0023861590315807837,0.711272
0.006071010788094103,0.0025045324561239557,0.711271
0.006074621261354938,0.0025045324561239557,0.7112632
0.0060782317346157735,0.0025045324561239557,0.71125644
0.0060782317346157735,0.00251076263636307,0.711254
0.0060782317346157735,0.0025979851597106706,0.7112514
0.006087257917767861,0.0025979851597106706,0.71124965
0.006090868391028696,0.0025979851597106706,0.71124893
0.006098089337550366,0.0025979851597106706,0.71123964
0.0061016998108112015,0.0025979851597106706,0.71123666
0.0061125312305937065,0.0025979851597106706,0.71122843
0.006119752177115376,0.0025979851597106706,0.7112216
0.0061233626503762115,0.0025979851597106706,0.7112187
0.0061233626503762115,0.002604215339949785,0.71121746
0.006128778360267464,0.002604215339949785,0.7112142
0.006132388833528299,0.002604215339949785,0.71121264
0.006139609780049969,0.002604215339949785,0.71120876
0.006146830726571639,0.002604215339949785,0.7111698
0.006152246436462892,0.002604215339949785,0.7111669
0.006155856909723726,0.002604215339949785,0.7111591
0.006161272619614979,0.002604215339949785,0.7111545
0.006164883092875814,0.002604215339949785,0.7111443
0.006170298802767067,0.0026166757004280135,0.71113724
0.006172104039397484,0.0026166757004280135,0.71112967
0.006172104039397484,0.002722588764492957,0.7111235
0.006173909276027902,0.002722588764492957,0.71111906
0.006177519749288737,0.002722588764492957,0.71111697
0.006181130222549572,0.002722588764492957,0.7110983
0.006190156405701659,0.002722588764492957,0.7110912
0.006197377352223329,0.002722588764492957,0.71106523
0.006200987825484164,0.002722588764492957,0.7110586
0.006208208772005835,0.002722588764492957,0.71099347
0.006208208772005835,0.0027288189447320713,0.7109874
0.006208208772005835,0.0027412793052103,0.71094966
0.006211819245266669,0.0027412793052103,0.7109457
0.006217234955157922,0.0027412793052103,0.7108649
0.006217234955157922,0.0027537396656885284,0.71083885
0.00621904019178834,0.0027537396656885284,0.71083444
0.00621904019178834,0.0028160414680796714,0.71077275
0.006220845428418757,0.0028160414680796714,0.71076095
0.006220845428418757,0.0028347320087970143,0.7061464
0.006220845428418757,0.0028534225495143576,0.667331
0.008370882255246018,0.0028721130902317005,0.6655526
0.008370882255246018,0.002884573450709929,0.6600243
0.00837629796513727,0.0028908036309490434,0.6563741
0.029898329072974884,0.02953728451364098,0.5973358
0.0299001343096053,0.02953728451364098,0.596266
0.02999581185101743,0.029543514693880096,0.5624066
0.09775717401036928,0.04171105670087036,0.5467988
0.09775717401036928,0.04171728688110947,0.5323356
0.09776620019352136,0.04171728688110947,0.52241737
0.0977806420865647,0.04171728688110947,0.51016843
0.11178386262871337,0.04425920041866811,0.49499354
0.11205645335990641,0.044309041860581024,0.48429114
0.11206006383316724,0.044309041860581024,0.47034392
0.11217198850425314,0.04433396258153748,0.46505603
0.11217559897751397,0.04433396258153748,0.4482878
0.11256011437979291,0.04434642294201571,0.4268298
0.11259982958566209,0.04434642294201571,0.4204881
0.11260344005892292,0.04434642294201571,0.38869122
0.7804904466877518,0.8632724644723971,0.3641858
0.7804922519243822,0.8632724644723971,0.3310313
0.7804940571610126,0.8632849248328754,0.32780153
0.7804940571610126,0.863478060420288,0.21909207
0.7804940571610126,0.8634905207807662,0.21908356
0.7804940571610126,0.86353413204244,0.21903683
0.7804940571610126,0.8635590527633964,0.21901764
0.7804940571610126,0.863590203664592,0.21899731
0.7804940571610126,0.8636151243855484,0.21899252
0.7804940571610126,0.8636400451065049,0.21897165
0.7804940571610126,0.8636525054669831,0.21895868
0.7804940571610126,0.863702346908896,0.21893005
0.7804940571610126,0.8637148072693743,0.21892607
0.7804940571610126,0.8637771090717654,0.2188882
0.7804940571610126,0.8637895694322437,0.21888755
0.7804940571610126,0.863858101414874,0.21883748
0.7804940571610126,0.8638705617753522,0.21882415
0.7804940571610126,0.8638830221358303,0.21881826
0.7804940571610126,0.8639079428567868,0.21881236
0.7804940571610126,0.8639390937579824,0.21879317
0.7804940571610126,0.8639515541184607,0.21879253
0.7804940571610126,0.863970244659178,0.21878155
0.7804940571610126,0.8639827050196562,0.2187758
0.7804940571610126,0.8640699275430038,0.21871445
0.7804940571610126,0.864082387903482,0.21869075
0.7804940571610126,0.8641010784441994,0.21865447
0.7804940571610126,0.8641135388046777,0.21848877
0.7804940571610126,0.8641322293453949,0.21552259
0.7804994728709039,0.8641322293453949,0.21527779
0.7804994728709039,0.8641446897058732,0.21519753
0.7805030833441647,0.8641446897058732,0.21515404
0.7805048885807951,0.8641446897058732,0.21513022
0.7805048885807951,0.864188300967547,0.21510284
0.7805048885807951,0.8642069915082643,0.21503884
0.7805048885807951,0.8642256820489816,0.21502846
0.7805084990540561,0.8642256820489816,0.21498857
0.7805084990540561,0.8642319122292208,0.21498117
0.7805084990540561,0.8643752063747204,0.2149534
0.7805084990540561,0.864406357275916,0.21495016
0.7805084990540561,0.8644499685375898,0.21494652
0.7805121095273169,0.8644499685375898,0.21493228
0.7805121095273169,0.864462428898068,0.21489936
0.7805121095273169,0.8645621117818939,0.21488935
0.7805121095273169,0.8646867153866762,0.21486379
0.7805139147639473,0.8646867153866762,0.21485753
0.7805139147639473,0.8646991757471544,0.21485586
0.7805157200005777,0.8646991757471544,0.2148304
0.7805157200005777,0.8647054059273935,0.21481882
0.7805175252372081,0.8647054059273935,0.21481508
0.7805175252372081,0.8647116361076326,0.2148147
0.7805175252372081,0.8647552473693064,0.21478012
0.7805193304738385,0.8648487000728932,0.21474773
0.7805193304738385,0.8652038203465227,0.21473801
0.7805193304738385,0.8653159635908266,0.21472391
0.7805193304738385,0.8654156464746525,0.21471198
0.7805211357104689,0.8654156464746525,0.21467075
0.7805247461837298,0.8654156464746525,0.21466829
0.7805247461837298,0.8654530275560872,0.2146616
0.7805247461837298,0.8655153293584783,0.21464597
0.7805247461837298,0.8655215595387175,0.21464182
0.7805283566569906,0.8655215595387175,0.21463476
0.780530161893621,0.8655215595387175,0.21462892
0.780530161893621,0.8655340198991957,0.21462633
0.7805337723668818,0.8655340198991957,0.21457775
0.7805337723668818,0.8658517590913906,0.21452756
0.7805355776035122,0.8658517590913906,0.21452397
0.7805355776035122,0.8659576721554555,0.21451958
0.7805391880767731,0.8659576721554555,0.21451427
0.7805446037866643,0.8659576721554555,0.21451181
0.7805464090232948,0.8659576721554555,0.21450502
0.7805464090232948,0.865988823056651,0.21449189
0.7805482142599252,0.865988823056651,0.21448913
0.7805518247331861,0.865988823056651,0.21448769
0.7805572404430773,0.865988823056651,0.21443486
0.7805608509163381,0.865988823056651,0.21442237
0.7805626561529685,0.865988823056651,0.21441382
0.7805698770994902,0.865988823056651,0.21440737
0.7805716823361206,0.865988823056651,0.2144008
0.7805752928093814,0.865988823056651,0.21439926
0.7805770980460118,0.865988823056651,0.21437727
0.7805770980460118,0.8660012834171292,0.21437505
0.7805807085192727,0.8660012834171292,0.21434122
0.7805843189925336,0.8660012834171292,0.21432623
0.7805897347024248,0.8660012834171292,0.21430917
0.7805915399390552,0.8660012834171292,0.21430475
0.7805915399390552,0.8660075135973684,0.21430399
0.7805951504123161,0.8660075135973684,0.21429682
0.7805969556489465,0.8660075135973684,0.21429637
0.7806005661222073,0.8660075135973684,0.21427718
0.7806023713588377,0.8660075135973684,0.21427242
0.7806023713588377,0.8660137437776075,0.21427172
0.780607787068729,0.8660137437776075,0.21424428
0.7806113975419898,0.8660137437776075,0.21424048
0.780616813251881,0.8660137437776075,0.21423769
0.7806204237251418,0.8660137437776075,0.21423331
0.7806258394350332,0.8660137437776075,0.21422672
0.7806312551449244,0.8660137437776075,0.21422073
0.7806420865647069,0.8660137437776075,0.2142126
0.7806438918013373,0.8660137437776075,0.21421133
0.7806529179844894,0.8660199739578466,0.21420306
0.7806565284577502,0.8660199739578466,0.21419999
0.7806619441676415,0.8660199739578466,0.21418452
0.780663749404272,0.8660199739578466,0.2141762
0.7806673598775328,0.8660199739578466,0.21417116
0.7806691651141632,0.8660199739578466,0.21416152
0.7806799965339457,0.8660199739578466,0.21415095
0.7806872174804673,0.8660199739578466,0.21411978
0.7806962436636194,0.8660199739578466,0.21411811
0.7806980489002499,0.8660199739578466,0.21410133
0.7807142960299236,0.8660199739578466,0.2140998
0.7807251274497061,0.8660199739578466,0.21407789
0.7807287379229669,0.8660199739578466,0.21405433
0.7807341536328581,0.8660199739578466,0.2140366
0.7807377641061191,0.8660199739578466,0.21403572
0.7807377641061191,0.8660262041380857,0.2140246
0.7807756740753578,0.8660262041380857,0.21401034
0.7807792845486187,0.8660262041380857,0.2140055
0.7807901159684011,0.8660262041380857,0.21399987
0.780793726441662,0.8660262041380857,0.2139628
0.7807973369149228,0.8660262041380857,0.2139597
0.7807991421515532,0.8660262041380857,0.21394598
0.7808171945178574,0.8660262041380857,0.21393241
0.7808208049911183,0.8660262041380857,0.2138735
0.7808226102277487,0.8660262041380857,0.21371527
0.7808244154643791,0.8660324343183249,0.2132742
0.7808244154643791,0.8660386644985639,0.21167026
0.7808244154643791,0.8661134266614333,0.21159343
0.7808244154643791,0.866150807742868,0.21158768
0.7808244154643791,0.8661632681033462,0.21152772
0.7808244154643791,0.8662193397254982,0.2115215
0.7808244154643791,0.8662442604464548,0.21147558
0.7808262207010095,0.8662442604464548,0.21142127
0.7808262207010095,0.8662629509871721,0.21136746
0.7808280259376399,0.8662629509871721,0.21134135
0.7808316364109007,0.8662629509871721,0.21133184
0.7808316364109007,0.8662691811674111,0.21131136
0.7808316364109007,0.8681943068612975,0.21129608
0.7808334416475312,0.8681943068612975,0.21127036
0.7808334416475312,0.868225457762493,0.21126926
0.7808352468841616,0.868225457762493,0.21124372
0.7808352468841616,0.8684185933499056,0.21121472
0.7808352468841616,0.8684248235301447,0.2112084
0.7808388573574224,0.8684248235301447,0.21117552
0.7808388573574224,0.8691786753390776,0.21112968
0.7808406625940528,0.8691786753390776,0.21108893
0.7808406625940528,0.8691911356995558,0.21061935
0.7808406625940528,0.8692596676821861,0.2106133
0.7808406625940528,0.8692783582229033,0.21060593
0.7808406625940528,0.8692845884031425,0.21059524
0.7808406625940528,0.8694091920079248,0.21054849
0.7808406625940528,0.869421652368403,0.21045165
0.7808424678306832,0.869421652368403,0.21042909
0.7808424678306832,0.8694278825486421,0.21042565
0.7808442730673136,0.8694278825486421,0.21040837
0.7808514940138354,0.8694278825486421,0.21037494
0.7808514940138354,0.8694465730893595,0.21037196
0.7808551044870962,0.8694465730893595,0.21035059
0.7808551044870962,0.8717891208592664,0.21033987
0.7808659359068787,0.8717891208592664,0.21032684
0.7808677411435091,0.8717891208592664,0.21031702
0.7808677411435091,0.872144241132896,0.21030562
0.7808713516167699,0.872144241132896,0.21029812
0.7808713516167699,0.8724619803250908,0.21028522
0.7808785725632916,0.8724619803250908,0.21027352
0.7808785725632916,0.872474440685569,0.21022192
0.7808785725632916,0.8737952388962613,0.21016085
0.7808785725632916,0.8738014690765004,0.21005234
0.7808785725632916,0.8738263897974569,0.20956443
0.7808785725632916,0.8738575406986524,0.20955397
0.7808785725632916,0.8739634537627173,0.2095537
0.7808785725632916,0.8740132952046302,0.20955226
0.7808785725632916,0.8740382159255867,0.20954815
0.7808821830365524,0.8740382159255867,0.20954302
0.7808821830365524,0.8741254384489343,0.20954095
0.7808821830365524,0.8741752798908472,0.20953797
0.7808821830365524,0.8741877402513255,0.20953517
0.7808821830365524,0.8745241699842377,0.2095344
0.7808821830365524,0.8745366303447158,0.2095337
0.7808821830365524,0.8745927019668679,0.20953132
0.7808857935098132,0.8745927019668679,0.20952016
0.7808857935098132,0.8749104411590627,0.209518
0.7808857935098132,0.8750786560255188,0.20950878
0.7808875987464436,0.8750786560255188,0.20950697
0.7808875987464436,0.8751035767464753,0.20950294
0.7808912092197046,0.8751035767464753,0.20949782
0.7808912092197046,0.8751160371069535,0.20949405
0.780893014456335,0.8751160371069535,0.20949356
0.780893014456335,0.87514095782791,0.2094928
0.7808948196929654,0.8751471880081491,0.20948973
0.7808948196929654,0.8751534181883882,0.20948862
0.7808966249295958,0.8751534181883882,0.2094878
0.7809002354028566,0.8751534181883882,0.20948558
0.7809002354028566,0.8751658785488664,0.20948417
0.7809038458761174,0.8751658785488664,0.20948207
0.7809074563493783,0.8751658785488664,0.20947924
0.7809092615860087,0.8751658785488664,0.2094774
0.7809092615860087,0.8783868817324885,0.20947589
0.7809128720592695,0.8783868817324885,0.20947237
0.7809255087156824,0.8783868817324885,0.209471
0.7809291191889433,0.8783868817324885,0.2094674
0.7809291191889433,0.878854145250422,0.20946573
0.7809345348988346,0.878854145250422,0.20946465
0.7809399506087258,0.878854145250422,0.2094608
0.7809399506087258,0.8788603754306612,0.20945854
0.7809435610819866,0.8788603754306612,0.20945619
0.7809471715552475,0.8788603754306612,0.20945363
0.7809471715552475,0.8791531939018996,0.20945196
0.7809489767918779,0.8791531939018996,0.20945112
0.7809525872651387,0.8791531939018996,0.2094493
0.7809525872651387,0.8792030353438125,0.20944439
0.7809525872651387,0.8792092655240517,0.20944023
0.7809561977383995,0.8792092655240517,0.20943978
0.7809598082116603,0.8792092655240517,0.20943922
0.7809616134482908,0.8792092655240517,0.20943828
0.7809688343948125,0.8792092655240517,0.2094346
0.7809814710512254,0.8792092655240517,0.20943414
0.7809868867611166,0.8792092655240517,0.20942958
0.7809904972343775,0.8792092655240517,0.20942895
0.7809959129442687,0.8792092655240517,0.20942841
0.7810103548373121,0.8792092655240517,0.20942445
0.7810157705472033,0.8792092655240517,0.20942366
0.7810193810204642,0.8792092655240517,0.20942298
0.7810320176768771,0.8792092655240517,0.20941879
0.7810356281501379,0.8792092655240517,0.20941737
0.7810374333867683,0.8805861353568959,0.20941383
0.7810410438600291,0.8805861353568959,0.20940633
0.7810627066995942,0.8805861353568959,0.20940581
0.7810645119362246,0.8805861353568959,0.20940349
0.7810645119362246,0.891002996716695,0.20940277
0.7810717328827462,0.891002996716695,0.20940174
0.7810735381193767,0.891002996716695,0.20940055
0.7810807590658984,0.891002996716695,0.2093982
0.7810825643025288,0.891002996716695,0.20939708
0.7810861747757896,0.891002996716695,0.2093934
0.7810879800124201,0.891002996716695,0.20938776
0.7810952009589417,0.891002996716695,0.20938416
0.7810952009589417,0.8922303422238005,0.20938136
0.7811024219054634,0.8922303422238005,0.20938103
0.7811024219054634,0.8933704652075585,0.20937555
0.7811078376153546,0.8933704652075585,0.20937392
0.7811204742717676,0.8933704652075585,0.20935486
0.7811619947142672,0.8933704652075585,0.20935364
0.7811619947142672,0.8933829255680367,0.20935123
0.781165605187528,0.8933829255680367,0.20934013
0.781165605187528,0.8933891557482758,0.20932816
0.781165605187528,0.8934140764692322,0.20931788
0.781165605187528,0.8934203066494714,0.20931686
0.781165605187528,0.8979309571425901,0.20929046
0.781165605187528,0.8979621080437857,0.20924737
0.781165605187528,0.8979870287647421,0.20920111
0.8059515041231604,0.9363524786772082,0.20359814
0.9183834467021937,0.9418973390900198,0.2024774
0.9183906676487154,0.941903569270259,0.15050037
0.9183924728853458,0.941903569270259,0.14776798
0.9184033043051283,0.9419097994504981,0.14775105
0.9184069147783892,0.9419097994504981,0.14718914
0.9184177461981716,0.9419097994504981,0.14715159
0.9185856332048005,0.9419284899912155,0.14711255
0.9185874384414309,0.9419284899912155,0.14709532
0.9185928541513222,0.9419284899912155,0.14707197
0.9185946593879526,0.9419284899912155,0.14569223
0.9185982698612134,0.9419284899912155,0.14373387
0.9194936672299004,0.9422337688229321,0.14346936
0.9196832170760944,0.9422462291834103,0.14338653
0.9196868275493552,0.9422524593636494,0.14306717
0.9196886327859856,0.9422524593636494,0.14299731
0.9196886327859856,0.9422898404450841,0.14294279
0.9236601533729041,0.9430686129749734,0.14293964
0.9274240717473247,0.9440031400108405,0.14274111
0.9349934289386653,0.9456728283149232,0.14263038
0.935217278280837,0.9456728283149232,0.14231953
0.935217278280837,0.9456790584951623,0.13685018
0.9352244992273587,0.9456790584951623,0.1360423
0.9352263044639891,0.9456852886754014,0.13541587
0.9352281097006195,0.9456852886754014,0.13507141
0.9392447612032986,0.9465263630076818,0.13491021
0.9429924324480453,0.9475107314854618,0.13426104
0.9430032638678278,0.9475418823866575,0.13362715
0.9506177519749289,0.9491305783476316,0.1326703
0.9569414958912814,0.9505074481804758,0.13225907
0.9569721849139985,0.9505323689014323,0.13115701
0.9577249685888827,0.9509124098960183,0.13031273
0.9604039397484222,0.9533172594683165,0.12780103
0.961306558063631,0.9548997252490514,0.1275787
0.9622037606689485,0.9559962369711356,0.12754671
0.9622055659055789,0.9559962369711356,0.12744759
0.9645487630518609,0.9594726775445613,0.12735336
0.9659225481276086,0.9610987545869702,0.12664199
0.9676682119492223,0.963540985240703,0.12648936
0.9676700171858528,0.963540985240703,0.12613094
0.9678505408488944,0.9635659059616595,0.12546366
0.9698904582412663,0.963759041549072,0.12537824
0.9698958739511575,0.963759041549072,0.124833584
0.9870510376500151,0.9838202219190201,0.12442355
0.9870564533599064,0.9838202219190201,0.1138003
0.9870654795430585,0.9838451426399766,0.1137966
0.9886450615946738,0.9860319359039057,0.11378667
0.9886685296708693,0.9860568566248622,0.11378101
0.9975918143350231,0.9969783625840296,0.10852278
0.9976062562280664,0.9969970531247468,0.10850236
0.9976423609606747,0.9969970531247468,0.108481355
0.998642462053926,0.9983427720563955,0.10846062
0.998642462053926,0.9983490022366347,0.1084592
0.999070303135335,0.9988411864755248,0.10844672
0.9990721083719654,0.9988411864755248,0.10844278
0.9990757188452263,0.9988474166557638,0.10844026
0.9991172392877259,0.9988847977371985,0.10843268
0.9991515387837038,0.998909718458155,0.10842375
0.9992129168291379,0.9989533297198288,0.108412914
0.9992526320350071,0.9990031711617418,0.10839977
0.9996335369640252,0.9995265063018273,0.10838341
0.9996479788570686,0.9995576572030229,0.108362675
0.9996786678797857,0.9996074986449358,0.10833568
0.9997039411926115,0.9996261891856532,0.10829944
0.9997400459252199,0.9996511099066095,0.108248845
0.9997562930548937,0.9996947211682834,0.10817495
1.0,1.0,0.10792983
