feature,mean_abs_attribution
Fwd Header Len,0.38372383
Init Bwd Win Byts,0.32721746
Bwd IAT Max,0.18404366
Subflow Bwd Pkts,0.10931446
Bwd Header Len,0.09347746
Idle Std,0.062230505
TotLen Fwd Pkts,0.057152938
Fwd Act Data Pkts,0.0553038
Flow Byts/s,0.047020007
pkt_mean_to_max,0.038871855
Active Mean,0.038638197
Tot Fwd Pkts,0.028918168
Subflow Fwd Byts,0.028857777
Bwd Pkt Len Max,0.026993997
Tot Bwd Pkts,0.023830784
Flow Duration,0.022731708
Subflow Bwd Byts,0.017957162
Bwd Pkt Len Mean,0.016316509
Idle Max,0.015807666
Pkt Size Avg,0.014862734
Fwd IAT Std,0.0139083695
TotLen Bwd Pkts,0.012737029
Pkt Len Min,0.012456156
Active Max,0.012105669
Fwd Pkt Len Std,0.0119234715
Bwd PSH Flags,0.010927346
Pkt Len Var,0.010812244
Bwd Pkt Len Min,0.0093782935
Fwd Pkt Len Min,0.008953383
Fwd IAT Max,0.008192223
Fwd Seg Size Avg,0.007875937
Idle Min,0.007716143
Subflow Fwd Pkts,0.007112594
Bwd Pkt Len Std,0.0069449265
Bwd Pkts/s,0.0059032077
PSH Flag Cnt,0.0057229586
Active Std,0.0055030445
Down/Up Ratio,0.0048134644
Bwd IAT Mean,0.004104436
Bwd IAT Tot,0.0039015473
log_pkt_max,0.0038384509
tcp_flag_density,0.0037413526
Flow IAT Min,0.003588461
Idle Mean,0.003588385
Bwd IAT Min,0.0035817458
Active Min,0.0034071193
log_pkt_mean,0.0033114725
Pkt Len Max,0.003184618
Flow IAT Max,0.0031294057
Fwd IAT Mean,0.002982934
SYN Flag Cnt,0.0029378806
Fwd Pkts/s,0.0027745662
ACK Flag Cnt,0.0024413962
RST Flag Cnt,0.0022773503
Bwd Seg Size Avg,0.0022094413
Pkt Len Std,0.0018308155
Fwd IAT Tot,0.0014631136
Fwd IAT Min,0.0014194689
Fwd Pkt Len Mean,0.0013717768
Flow IAT Mean,0.0013290487
Fwd Pkt Len Max,0.0012213835
Flow Pkts/s,0.0010431198
Flow IAT Std,0.0009985184
Pkt Len Mean,0.000937598
FIN Flag Cnt,0.00054279435
Bwd IAT Std,0.00043107689
