fpr_b0,recall_b0,fpr_b1_coral,recall_b1_coral
0.0,0.0,0.0,0.0
0.0,0.0,0.0,0.0
0.0,6.230180239114317e-06,0.11243194257903326,0.005544860412811743
0.0,2.492072095645727e-05,0.11243194257903326,0.0055697811337682
0.0,4.984144191291454e-05,0.11243194257903326,0.005600932034963772
0.0,6.853198263025749e-05,0.11243194257903326,0.010111582528082537
0.0,8.099234310848613e-05,0.11243194257903326,0.010117812708321652
0.0,0.0001059130640649434,0.11243194257903326,0.010142733429278109
0.0,0.00011837342454317203,0.11243194257903326,0.010148963609517224
0.0,0.00022428648860811542,0.1124355530522941,0.010148963609517224
0.0,0.00022428648860811542,0.1124355530522941,0.010148963609517224
0.0,0.00023674684908634407,0.1124355530522941,0.010161423969995451
0.0,0.00026789775028191566,0.1124770734947937,0.010161423969995451
0.0,0.00033019955267305884,0.11248971015120662,0.010161423969995451
0.0,0.0003488900933904018,0.11249512586109787,0.010161423969995451
0.0,0.0003675806341077447,0.11249512586109787,0.011301546953753372
0.0,0.00038627117482508766,0.11250234680761954,0.012528892460858893
0.0,0.00041119189578154496,0.11250956775414121,0.012528892460858893
0.0,0.0004236522562597736,0.11251137299077163,0.012528892460858893
0.0,0.00044234279697711655,0.11251137299077163,0.012528892460858893
0.0,0.00044234279697711655,0.11251498346403246,0.012528892460858893
0.0,0.00044857297721623084,0.11251678870066288,0.012528892460858893
0.0,0.0004610333376944595,0.11252400964718455,0.012528892460858893
0.0,0.00047349369817268813,0.11252581488381497,0.012528892460858893
0.0,0.0004984144191291454,0.11253303583033664,0.012528892460858893
0.0,0.0005046445993682597,0.11253484106696705,0.02294575382065803
0.0,0.0005357955005638313,0.11255830914316249,0.02294575382065803
0.0,0.0005544860412811743,0.11256011437979291,0.02294575382065803
0.0,0.0005607162215202886,0.11256011437979291,0.02294575382065803
0.0,0.0005794067622376315,0.11256191961642333,0.024322623653502295
0.0,0.0005794067622376315,0.11256553008968416,0.024322623653502295
0.0,0.0005856369424767459,0.11257816674609708,0.024322623653502295
0.0,0.0005980973029549745,0.11258177721935791,0.024322623653502295
0.0,0.0006105576634332031,0.11258719292924917,0.024322623653502295
0.0,0.0006230180239114318,0.1126016348222925,0.024322623653502295
0.0,0.0006354783843896604,0.11260705053218376,0.024322623653502295
0.0,0.0006541689251070034,0.11261427147870542,0.024322623653502295
0.0,0.000666629285585232,0.11261607671533584,0.024322623653502295
0.0,0.0006790896460634607,0.11261607671533584,0.024322623653502295
1.8052366304175152e-06,0.0006915500065416893,0.11262871337174876,0.024322623653502295
1.8052366304175152e-06,0.0006915500065416893,0.11263593431827044,0.024322623653502295
1.8052366304175152e-06,0.0007040103670199179,0.11263773955490086,0.024322623653502295
1.8052366304175152e-06,0.0007227009077372608,0.1126413500281617,0.024322623653502295
1.8052366304175152e-06,0.0007351612682154894,0.11264496050142253,0.02432885383374141
1.8052366304175152e-06,0.000766312169411061,0.11264496050142253,0.024378695275654325
1.8052366304175152e-06,0.0007787725298892897,0.11264857097468337,0.024378695275654325
3.6104732608350305e-06,0.0007912328903675183,0.11265037621131378,0.024378695275654325
3.6104732608350305e-06,0.0007974630706066326,0.11265037621131378,0.024378695275654325
3.6104732608350305e-06,0.0008161536113239756,0.11265037621131378,0.024671513746892696
3.6104732608350305e-06,0.0008161536113239756,0.11265398668457462,0.024671513746892696
3.6104732608350305e-06,0.0008286139718022042,0.11265759715783545,0.024671513746892696
3.6104732608350305e-06,0.0008597648729977758,0.11265759715783545,0.02467774392713181
3.6104732608350305e-06,0.0009532175765844906,0.1126630128677267,0.02467774392713181
3.6104732608350305e-06,0.000978138297540948,0.11266842857761795,0.02467774392713181
3.6104732608350305e-06,0.0009905986580191766,0.11266842857761795,0.025145007445065384
3.6104732608350305e-06,0.0010466702801712054,0.11267203905087879,0.025145007445065384
3.6104732608350305e-06,0.0010653608208885483,0.11267203905087879,0.025145007445065384
3.6104732608350305e-06,0.0014017905538007214,0.11268467570729171,0.025145007445065384
3.6104732608350305e-06,0.00141425091427895,0.11268828618055254,0.025145007445065384
3.6104732608350305e-06,0.00141425091427895,0.11268828618055254,0.028366010628687488
3.6104732608350305e-06,0.0014703225364309789,0.11269009141718296,0.028366010628687488
3.6104732608350305e-06,0.0014827828969092077,0.11269731236370463,0.028366010628687488
3.6104732608350305e-06,0.001489013077148322,0.11269731236370463,0.028378470989165717
5.4157098912525455e-06,0.001489013077148322,0.11270092283696546,0.028378470989165717
5.4157098912525455e-06,0.0015014734376265506,0.11270272807359588,0.028378470989165717
5.4157098912525455e-06,0.001570005420256808,0.11270272807359588,0.028378470989165717
5.4157098912525455e-06,0.001588695960974151,0.11270272807359588,0.028384701169404832
7.220946521670061e-06,0.001588695960974151,0.1127045333102263,0.028390931349643943
7.220946521670061e-06,0.0016634581238435227,0.1127045333102263,0.028415852070600402
7.220946521670061e-06,0.0016634581238435227,0.11270633854685672,0.028415852070600402
7.220946521670061e-06,0.001981197316038353,0.11270633854685672,0.028428312431078632
7.220946521670061e-06,0.0019874274962774674,0.11270994902011755,0.028428312431078632
7.220946521670061e-06,0.002024808577712153,0.11270994902011755,0.028453233152035087
7.220946521670061e-06,0.0021930234441682396,0.11271175425674798,0.028453233152035087
9.026183152087576e-06,0.0021930234441682396,0.11271175425674798,0.028621448018491175
9.026183152087576e-06,0.002255325246559383,0.11271175425674798,0.028621448018491175
9.026183152087576e-06,0.00228024596751584,0.11271175425674798,0.028939187210686005
9.026183152087576e-06,0.002292706327994069,0.11271536473000882,0.028939187210686005
9.026183152087576e-06,0.002348777950146098,0.11271536473000882,0.028995258832838034
9.026183152087576e-06,0.002348777950146098,0.11271536473000882,0.029007719193316264
9.026183152087576e-06,0.0023612383106243265,0.11271536473000882,0.029344148926228435
9.026183152087576e-06,0.0024235401130154694,0.11271536473000882,0.029356609286706664
1.2636656412922606e-05,0.0024235401130154694,0.11271536473000882,0.02940645072861958
1.2636656412922606e-05,0.002436000473493698,0.11271536473000882,0.029493673251967178
1.4441893043340122e-05,0.0024422306537328123,0.11271536473000882,0.029493673251967178
1.4441893043340122e-05,0.00246715137468927,0.11271897520326965,0.029493673251967178
1.6247129673757635e-05,0.0024733815549283843,0.11271897520326965,0.029518593972923637
1.6247129673757635e-05,0.0024796117351674985,0.11271897520326965,0.02956843541483655
1.8052366304175153e-05,0.002492072095645727,0.11271897520326965,0.029674348478901495
1.8052366304175153e-05,0.002492072095645727,0.11271897520326965,0.02968057865914061
2.1662839565010182e-05,0.002492072095645727,0.11271897520326965,0.029705499380097065
2.1662839565010182e-05,0.0025045324561239557,0.11271897520326965,0.029717959740575294
2.8883786086680244e-05,0.0025045324561239557,0.11271897520326965,0.02972418992081441
3.068902271709776e-05,0.0025045324561239557,0.11271897520326965,0.02972418992081441
3.068902271709776e-05,0.005725535639746058,0.11272258567653048,0.02972418992081441
3.6104732608350306e-05,0.005725535639746058,0.11272258567653048,0.029730420101053524
4.874138902127291e-05,0.005725535639746058,0.11272619614979132,0.029730420101053524
4.874138902127291e-05,0.005731765819985172,0.11272619614979132,0.02973665028129264
4.874138902127291e-05,0.005731765819985172,0.11274063804283466,0.02973665028129264
5.235186228210794e-05,0.005731765819985172,0.11285436795055095,0.02973665028129264
5.235186228210794e-05,0.006199029337918746,0.11285436795055095,0.030185223258508868
5.776757217336049e-05,0.006199029337918746,0.11291574599598515,0.030185223258508868
5.776757217336049e-05,0.006205259518157861,0.11291574599598515,0.030185223258508868
6.318328206461303e-05,0.006205259518157861,0.11291755123261557,0.030185223258508868
6.318328206461303e-05,0.0062114896983969745,0.11292477217913724,0.030185223258508868
6.679375532544806e-05,0.006217719878636089,0.11293740883555016,0.030185223258508868
6.679375532544806e-05,0.006236410419353432,0.11293921407218058,0.030185223258508868
7.040422858628309e-05,0.006236410419353432,0.11294282454544141,0.030185223258508868
7.040422858628309e-05,0.006236410419353432,0.11310168536891815,0.030185223258508868
7.040422858628309e-05,0.006529228890591805,0.11314501104804818,0.030185223258508868
7.220946521670061e-05,0.006529228890591805,0.11315223199456985,0.030185223258508868
7.581993847753563e-05,0.006529228890591805,0.11315584246783068,0.030185223258508868
7.943041173837067e-05,0.006529228890591805,0.11315584246783068,0.030185223258508868
8.304088499920569e-05,0.006529228890591805,0.1131576477044611,0.030185223258508868
8.304088499920569e-05,0.006579070332504719,0.11319194720043903,0.030185223258508868
8.304088499920569e-05,0.006591530692982948,0.11320999956674321,0.030185223258508868
8.665135826004073e-05,0.006591530692982948,0.11332553471108993,0.030185223258508868
9.026183152087575e-05,0.006591530692982948,0.11332733994772035,0.030185223258508868
9.026183152087575e-05,0.006591530692982948,0.1133833022832633,0.030185223258508868
9.206706815129327e-05,0.006591530692982948,0.11338691275652413,0.030185223258508868
9.206706815129327e-05,0.006597760873222063,0.11342482272576289,0.030185223258508868
9.387230478171079e-05,0.006597760873222063,0.11342482272576289,0.030185223258508868
0.00010109325130338084,0.006597760873222063,0.11347536935141458,0.030185223258508868
0.00011372990771630346,0.006597760873222063,0.11348259029793625,0.030185223258508868
0.00011372990771630346,0.008522886567108387,0.11348620077119709,0.030185223258508868
0.000119145617607556,0.008522886567108387,0.1134880060078275,0.030185223258508868
0.00012275609086839103,0.008522886567108387,0.1135493840532617,0.030185223258508868
0.00012817180075964357,0.008522886567108387,0.11355660499978337,0.030185223258508868
0.00012817180075964357,0.008522886567108387,0.11355841023641379,0.030185223258508868
0.0001426136938029837,0.008522886567108387,0.11362520399173924,0.030185223258508868
0.00014441893043340122,0.008522886567108387,0.11362520399173924,0.030185223258508868
0.00014441893043340122,0.008554037468303959,0.11362881446500007,0.030191453438747982
0.00014983464032465376,0.008554037468303959,0.11363242493826091,0.030191453438747982
0.00016066606010715884,0.008554037468303959,0.11368116632728217,0.030191453438747982
0.00017330271652008146,0.008554037468303959,0.11368477680054302,0.030191453438747982
0.00017510795315049896,0.008554037468303959,0.11369019251043427,0.030191453438747982
0.0001769131897809165,0.008572728009021301,0.11372990771630345,0.030197683618987097
0.000178718426411334,0.008572728009021301,0.11373712866282512,0.030197683618987097
0.000178718426411334,0.008572728009021301,0.11393750992880147,0.030197683618987097
0.00018232889967216903,0.009949597841865564,0.11393750992880147,0.030197683618987097
0.00018774460956342157,0.009949597841865564,0.11395917276836648,0.030197683618987097
0.00020940744912843176,0.009949597841865564,0.11396458847825773,0.030197683618987097
0.00020940744912843176,0.010142733429278109,0.11396639371488815,0.030197683618987097
0.00021121268575884927,0.010142733429278109,0.11400610892075733,0.030197683618987097
0.00021121268575884927,0.020565824969316363,0.11401694034053984,0.030197683618987097
0.00021843363228051934,0.020565824969316363,0.11403138223358318,0.030197683618987097
0.00021843363228051934,0.022908372739223345,0.11403679794347443,0.030197683618987097
0.00021843363228051934,0.022908372739223345,0.11403679794347443,0.030546573712377498
0.00022023886891093684,0.022908372739223345,0.11403860318010485,0.030546573712377498
0.00022565457880218938,0.022908372739223345,0.11403860318010485,0.030546573712377498
0.00023287552532385945,0.022908372739223345,0.11407831838597403,0.030546573712377498
0.00023468076195427696,0.022908372739223345,0.1141053969354303,0.030546573712377498
0.0002400964718455295,0.022908372739223345,0.11411261788195197,0.030546573712377498
0.0002473174183671996,0.022908372739223345,0.11411803359184322,0.030546573712377498
0.0002509278916280346,0.022908372739223345,0.11413789119477781,0.030546573712377498
0.0002581488381497047,0.022908372739223345,0.11415413832445157,0.030546573712377498
0.0002581488381497047,0.02326349301285286,0.11415594356108198,0.030546573712377498
0.0002581488381497047,0.02326349301285286,0.11424620539260286,0.030546573712377498
0.00025995407478012216,0.024490838519958383,0.11424620539260286,0.030546573712377498
0.00026717502130179223,0.024490838519958383,0.11424981586586369,0.030546573712377498
0.00026898025793220976,0.024490838519958383,0.11425703681238537,0.030546573712377498
0.00026898025793220976,0.025630961503716302,0.11428592059847205,0.030546573712377498
0.0002743959678234623,0.026384813312649136,0.11429675201825455,0.030546573712377498
0.0002743959678234623,0.026702552504843966,0.11430036249151539,0.030546573712377498
0.00028161691434513237,0.026702552504843966,0.11443214476553587,0.030546573712377498
0.00028342215097554985,0.026702552504843966,0.11443395000216629,0.030546573712377498
0.00029605880738847246,0.026702552504843966,0.11444297618531837,0.030546573712377498
0.00029605880738847246,0.026702552504843966,0.11444297618531837,0.030546573712377498
0.0003375792498880753,0.026702552504843966,0.1144556128417313,0.030546573712377498
0.0003375792498880753,0.026715012865322192,0.11445741807836171,0.030546573712377498
0.00034118972314891037,0.026715012865322192,0.1144664442615138,0.030546573712377498
0.00034118972314891037,0.02672747322580042,0.11454406943662175,0.030546573712377498
0.00034118972314891037,0.026733703406039536,0.11454767990988259,0.030546573712377498
0.00034118972314891037,0.026758624126995995,0.11456753751281717,0.030546573712377498
0.00034118972314891037,0.02676485430723511,0.11457295322270843,0.030546573712377498
0.00034118972314891037,0.028085652517927343,0.11459281082564303,0.030546573712377498
0.00034118972314891037,0.03259630301104611,0.11459281082564303,0.030546573712377498
0.00034118972314891037,0.03259630301104611,0.11461627890183845,0.030546573712377498
0.00034118972314891037,0.03260253319128523,0.11461808413846887,0.030546573712377498
0.00034118972314891037,0.0326336840924808,0.11462711032162096,0.030546573712377498
0.00034118972314891037,0.03267106517391548,0.11465418887107721,0.030546573712377498
0.00034118972314891037,0.03268352553439371,0.11465960458096848,0.030546573712377498
0.00034118972314891037,0.03269598589487194,0.11470654073335933,0.030546573712377498
0.00034118972314891037,0.03273959715654574,0.11473903499270685,0.030546573712377498
0.00034118972314891037,0.032758287697263085,0.1147751397253152,0.030546573712377498
0.00034299495977932785,0.032758287697263085,0.11478055543520645,0.030546573712377498
0.00034299495977932785,0.032764517877502196,0.11478055543520645,0.030546573712377498
0.00034299495977932785,0.032764517877502196,0.11478416590846728,0.030546573712377498
0.00034299495977932785,0.032907812023001824,0.11481666016781479,0.030546573712377498
0.00034299495977932785,0.032938962924197394,0.11484012824401023,0.030546573712377498
0.00034299495977932785,0.032982574185871194,0.11484373871727106,0.030546573712377498
0.00034299495977932785,0.032995034546349424,0.11485637537368398,0.030546573712377498
0.00034299495977932785,0.03309471743017525,0.11493400054879194,0.030546573712377498
0.00034299495977932785,0.03321932103495754,0.11495205291509611,0.030546573712377498
0.0003448001964097454,0.03321932103495754,0.11495566338835694,0.030546573712377498
0.0003448001964097454,0.03323178139543577,0.11495566338835694,0.030546573712377498
0.0003448001964097454,0.03323178139543577,0.11496649480813945,0.030546573712377498
0.0003466054330401629,0.03323178139543577,0.11497552099129153,0.030546573712377498
0.0003466054330401629,0.033244241755914,0.11502967809020406,0.030546573712377498
0.0003466054330401629,0.0332878530175878,0.11503870427335615,0.030546573712377498
0.00034841066967058044,0.033381305721174516,0.1150441199832474,0.030546573712377498
0.00034841066967058044,0.03373642599480403,0.11505314616639949,0.030546573712377498
0.00034841066967058044,0.03384856923910809,0.11505675663966032,0.030546573712377498
0.00034841066967058044,0.03394825212293392,0.11507119853270367,0.030546573712377498
0.0003502159063009979,0.03394825212293392,0.11507119853270367,0.030546573712377498
0.000353826379561833,0.03394825212293392,0.1150946666088991,0.030546573712377498
0.000353826379561833,0.03394825212293392,0.1151054980286816,0.030546573712377498
0.000353826379561833,0.0339856332043686,0.11517409702063747,0.030546573712377498
0.000353826379561833,0.03404793500675975,0.1151777074938983,0.030546573712377498
0.000353826379561833,0.03405416518699886,0.1151885389136808,0.030546573712377498
0.000357436852822668,0.03405416518699886,0.11520298080672414,0.030546573712377498
0.0003592420894530855,0.03405416518699886,0.11520659127998498,0.030546573712377498
0.0003592420894530855,0.03406662554747709,0.11521381222650665,0.030565264253094842
0.00036285256271392053,0.03406662554747709,0.11521381222650665,0.030565264253094842
0.00036285256271392053,0.03438436473967192,0.11522464364628915,0.030565264253094842
0.00036465779934433806,0.03438436473967192,0.11522825411955,0.030565264253094842
0.00036465779934433806,0.03438436473967192,0.11523005935618041,0.030565264253094842
0.00036465779934433806,0.03449027780373686,0.11523728030270208,0.030565264253094842
0.0003682682726051731,0.03449027780373686,0.1152390855393325,0.030565264253094842
0.0003736839824964256,0.03449027780373686,0.115249916959115,0.030565264253094842
0.00037548921912684314,0.03449027780373686,0.11526616408878876,0.030565264253094842
0.00037548921912684314,0.03452142870493243,0.11526977456204959,0.030565264253094842
0.0003809049290180957,0.03452142870493243,0.11527880074520168,0.030565264253094842
0.0003863206389093482,0.03452142870493243,0.11527880074520168,0.030565264253094842
0.0003899311121701833,0.03452142870493243,0.1152806059818321,0.030565264253094842
0.00039173634880060077,0.03452142870493243,0.11529685311150585,0.030565264253094842
0.00039173634880060077,0.03452142870493243,0.11530407405802752,0.030565264253094842
0.00039895729532227084,0.03452142870493243,0.11530768453128837,0.030565264253094842
0.0004043730052135234,0.03452142870493243,0.11531310024117962,0.030565264253094842
0.0004061782418439409,0.03452142870493243,0.11531671071444045,0.030565264253094842
0.0004061782418439409,0.03453388906541066,0.11531851595107087,0.030565264253094842
0.0004097887151047759,0.03453388906541066,0.1153221264243317,0.030565264253094842
0.000413399188365611,0.03453388906541066,0.1153221264243317,0.030565264253094842
0.0004188148982568635,0.03454011924564978,0.11532393166096212,0.030565264253094842
0.000420620134887281,0.03454634942588889,0.11532754213422296,0.030565264253094842
0.00042423060814811606,0.03454634942588889,0.11533476308074463,0.030565264253094842
0.00042423060814811606,0.03454634942588889,0.11534378926389671,0.030565264253094842
0.0004260358447785336,0.03454634942588889,0.11534559450052713,0.030565264253094842
0.0004296463180393686,0.03454634942588889,0.11534920497378796,0.030565264253094842
0.00043145155466978613,0.03454634942588889,0.11535101021041838,0.030565264253094842
0.00043145155466978613,0.034552579606128,0.11535823115694005,0.030565264253094842
0.0004368672645610387,0.034552579606128,0.11535823115694005,0.030565264253094842
0.0004404777378218737,0.034552579606128,0.11536003639357047,0.030565264253094842
0.0004458934477131262,0.034552579606128,0.11536545210346172,0.030565264253094842
0.0004531143942347963,0.034552579606128,0.11537267304998339,0.030565264253094842
0.0004531143942347963,0.034552579606128,0.11537808875987464,0.030565264253094842
0.00045491963086521383,0.034552579606128,0.11540155683607008,0.030565264253094842
0.00046033534075646637,0.034552579606128,0.11540697254596133,0.030565264253094842
0.00046033534075646637,0.03455880978636712,0.11541058301922216,0.030565264253094842
0.00047116676053897145,0.03455880978636712,0.11541238825585258,0.030565264253094842
0.000472971997169389,0.03455880978636712,0.11541238825585258,0.030565264253094842
0.00048199818032147653,0.03456503996660623,0.11541780396574383,0.030565264253094842
0.0004856086535823116,0.03456503996660623,0.11543044062215675,0.030565264253094842
0.0004910243634735641,0.03456503996660623,0.11545390869835218,0.030683637677638015
0.0004928296001039817,0.03456503996660623,0.11545751917161301,0.030683637677638015
0.0004928296001039817,0.03456503996660623,0.11546112964487384,0.030683637677638015
0.0004964400733648166,0.03456503996660623,0.11546112964487384,0.030770860200985614
0.0004982453099952342,0.03456503996660623,0.11547376630128678,0.030770860200985614
0.0005090767297777392,0.03456503996660623,0.11547737677454761,0.030770860200985614
0.0005162976762994094,0.03456503996660623,0.11548098724780845,0.030770860200985614
0.0005253238594514969,0.03456503996660623,0.11548098724780845,0.030770860200985614
0.0005271290960819144,0.03456503996660623,0.11549181866759095,0.030770860200985614
0.000543376225755672,0.03456503996660623,0.11549903961411262,0.030770860200985614
0.0005542076455381772,0.03456503996660623,0.11550265008737345,0.030770860200985614
0.0005578181187990121,0.03456503996660623,0.1155080657972647,0.030770860200985614
0.0005578181187990121,0.03456503996660623,0.11551167627052554,0.030770860200985614
0.0005632338286902647,0.03456503996660623,0.11551889721704721,0.030770860200985614
0.0005668443019510997,0.03456503996660623,0.11552250769030804,0.030770860200985614
0.0005668443019510997,0.03457127014684535,0.1155279234001993,0.030770860200985614
0.0006047542711898675,0.03457127014684535,0.1155279234001993,0.030770860200985614
0.0006083647444507026,0.03457127014684535,0.11553153387346013,0.030770860200985614
0.0006191961642332077,0.03457127014684535,0.11553694958335138,0.030770860200985614
0.0006228066374940427,0.03457127014684535,0.11554056005661222,0.030770860200985614
0.0006264171107548777,0.03457127014684535,0.11554597576650347,0.030783320561463844
0.0006282223473852952,0.03457127014684535,0.11554778100313388,0.030783320561463844
0.0006282223473852952,0.03457127014684535,0.11554778100313388,0.030889233625528787
0.0006462747136894704,0.03457127014684535,0.1155495862397643,0.030889233625528787
0.0006498851869503055,0.03457127014684535,0.11555319671302515,0.030889233625528787
0.0006498851869503055,0.03459619086780181,0.11555319671302515,0.030889233625528787
0.0006516904235807229,0.03459619086780181,0.11555680718628598,0.030889233625528787
0.0006516904235807229,0.03463980212947561,0.11556583336943807,0.030889233625528787
0.000655300896841558,0.03463980212947561,0.11557305431595974,0.030889233625528787
0.000655300896841558,0.03464603230971472,0.11557666478922057,0.030889233625528787
0.000658911370102393,0.03464603230971472,0.11558388573574224,0.030889233625528787
0.000662521843363228,0.03464603230971472,0.11558388573574224,0.030907924166246128
0.000662521843363228,0.03464603230971472,0.11558388573574224,0.030920384526724357
0.0006643270799936455,0.03464603230971472,0.11558749620900308,0.030920384526724357
0.0006679375532544806,0.03464603230971472,0.11558749620900308,0.030920384526724357
0.0006679375532544806,0.03465226248995384,0.11559110668226391,0.030920384526724357
0.0006697427898848981,0.03465226248995384,0.11559110668226391,0.030926614706963472
0.0006697427898848981,0.03467095303067118,0.11559471715552475,0.030926614706963472
0.0006715480265153157,0.03467095303067118,0.11559471715552475,0.030988916509354616
0.0006715480265153157,0.034751945373779666,0.11559652239215516,0.030988916509354616
0.0006715480265153157,0.03478932645521435,0.11559652239215516,0.03100760705007196
0.0006715480265153157,0.03478932645521435,0.11559652239215516,0.0310262975907893
0.0006715480265153157,0.034808016995931695,0.11559652239215516,0.03103875795126753
0.0006715480265153157,0.03482047735640992,0.11560193810204641,0.031044988131506645
0.0006715480265153157,0.03483293771688815,0.11560193810204641,0.031044988131506645
0.0006715480265153157,0.03484539807736638,0.1403878370376789,0.06941043804397261
0.0006715480265153157,0.034851628257605495,0.14253787386450617,0.06942912858468996
0.0006715480265153157,0.034870318798322836,0.14253787386450617,0.06943535876492907
0.0006715480265153157,0.034895239519279295,0.14253787386450617,0.0707561569756213
0.0006715480265153157,0.03492016024023575,0.14253787386450617,0.07076861733609953
0.0006715480265153157,0.035001152583344235,0.14254509481102784,0.07076861733609953
0.0006715480265153157,0.035001152583344235,0.14254509481102784,0.07108635652829437
0.0006715480265153157,0.035013612943822464,0.14254870528428867,0.07108635652829437
0.0006715480265153157,0.03506345438573538,0.14254870528428867,0.07108635652829437
0.0006715480265153157,0.035075914746213605,0.14254870528428867,0.07144147680192388
0.0006715480265153157,0.03509460528693095,0.14255051052091908,0.07144147680192388
0.0006715480265153157,0.03511952600788741,0.14256134194070158,0.07144147680192388
0.0006715480265153157,0.035131986368365634,0.14256134194070158,0.07378402457183086
0.0006715480265153157,0.03514444672884386,0.14256495241396241,0.07378402457183086
0.0006733532631457332,0.03514444672884386,0.14256495241396241,0.07380271511254821
0.0006733532631457332,0.03522543907195235,0.14257217336048408,0.07380271511254821
0.0006733532631457332,0.03522543907195235,0.14257397859711451,0.07380271511254821
0.0006733532631457332,0.03523789943243058,0.14257397859711451,0.07380271511254821
0.0006733532631457332,0.03529397105458261,0.14257397859711451,0.07380894529278732
0.0006751584997761506,0.03529397105458261,0.14257578383374492,0.07380894529278732
0.0006751584997761506,0.0353313521360173,0.14257578383374492,0.07382140565326555
0.0006787689730369857,0.0353313521360173,0.14257578383374492,0.07394600925804784
0.0006787689730369857,0.03535004267673464,0.14257578383374492,0.07395223943828695
0.0006805742096674032,0.03535004267673464,0.14257578383374492,0.0739709299790043
0.0006805742096674032,0.03541234447912578,0.14257578383374492,0.07403946196163455
0.0006823794462978207,0.03541234447912578,0.14257578383374492,0.07405192232211277
0.0006823794462978207,0.03541234447912578,0.14257578383374492,0.07405192232211277
0.0006859899195586557,0.03541234447912578,0.14258119954363618,0.07405192232211277
0.0006859899195586557,0.03542480483960401,0.1425938362000491,0.07405192232211277
0.0006932108660803258,0.03542480483960401,0.14261730427624453,0.07405192232211277
0.0006932108660803258,0.03543726520008224,0.14261910951287496,0.07405192232211277
0.0006968213393411609,0.03543726520008224,0.14262633045939663,0.07405192232211277
0.0006968213393411609,0.03544972556056047,0.14262994093265746,0.07405192232211277
0.0007004318126019958,0.03544972556056047,0.14263896711580953,0.07405192232211277
0.0007094579957540835,0.03544972556056047,0.1426443828257008,0.07405192232211277
0.0007130684690149185,0.03544972556056047,0.14265340900885287,0.07405192232211277
0.0007130684690149185,0.03544972556056047,0.14265340900885287,0.07405192232211277
0.000714873705645336,0.03544972556056047,0.1426678509018962,0.07405192232211277
0.0007202894155365886,0.03544972556056047,0.14266965613852664,0.07405192232211277
0.0007275103620582586,0.03544972556056047,0.14268951374146124,0.07405192232211277
0.0007365365452103461,0.03544972556056047,0.14269131897809165,0.07405192232211277
0.0007383417818407637,0.03544972556056047,0.1427256184740696,0.07405192232211277
0.0007455627283624337,0.03544972556056047,0.14272922894733042,0.07405192232211277
0.0007473679649928512,0.03544972556056047,0.14273464465722166,0.07405192232211277
0.0007581993847753563,0.03544972556056047,0.1427382551304825,0.07405192232211277
0.0007581993847753563,0.03544972556056047,0.1427382551304825,0.07405192232211277
0.0007600046214057738,0.03544972556056047,0.14275089178689543,0.07405192232211277
0.0007636150946666089,0.03544972556056047,0.14275269702352583,0.07405192232211277
0.0007654203312970264,0.03555563862462541,0.14275630749678667,0.07405192232211277
0.000767225567927444,0.03555563862462541,0.1427581127334171,0.07405192232211277
0.0007726412778186965,0.03556809898510364,0.14276352844330834,0.07405192232211277
0.000774446514449114,0.03556809898510364,0.1427671389165692,0.07405192232211277
0.000778056987709949,0.03556809898510364,0.14278519128287337,0.07405192232211277
0.0007834726976012015,0.03556809898510364,0.14280324364917754,0.07405192232211277
0.0007870831708620366,0.03556809898510364,0.14280324364917754,0.07405192232211277
0.0007870831708620366,0.03556809898510364,0.14280504888580794,0.07405192232211277
0.0007924988807532892,0.03556809898510364,0.1428104645956992,0.07405192232211277
0.0007997198272749592,0.03556809898510364,0.14281949077885128,0.07405192232211277
0.0008051355371662117,0.03556809898510364,0.14282671172537295,0.07405192232211277
0.000826798376731222,0.03556809898510364,0.14283032219863379,0.07405192232211277
0.0008394350331441446,0.03556809898510364,0.1428501798015684,0.07405192232211277
0.0008430455064049795,0.03556809898510364,0.14285198503819882,0.07405192232211277
0.0008448507430353971,0.03556809898510364,0.14285559551145965,0.07405192232211277
0.0008520716895570672,0.03556809898510364,0.14285559551145965,0.07405192232211277
0.0008556821628179021,0.03556809898510364,0.14285740074809006,0.07405192232211277
0.0008556821628179021,0.03556809898510364,0.14286462169461173,0.07405192232211277
0.0008574873994483197,0.03556809898510364,0.14287725835102466,0.07405192232211277
0.0008629031093395723,0.03556809898510364,0.14287906358765506,0.07405192232211277
0.0008665135826004072,0.03556809898510364,0.14288628453417673,0.07405192232211277
0.0008701240558612423,0.03556809898510364,0.1428935054806984,0.07405192232211277
0.0008719292924916598,0.03556809898510364,0.14291697355689384,0.07405192232211277
0.0008791502390133298,0.03556809898510364,0.14292961021330677,0.07405192232211277
0.0008827607122741649,0.03556809898510364,0.14293863639645885,0.07405192232211277
0.00089359213205667,0.03556809898510364,0.14293863639645885,0.07405192232211277
0.000897202605317505,0.03556809898510364,0.14294224686971968,0.07405192232211277
0.000897202605317505,0.03556809898510364,0.14295307828950218,0.07405192232211277
0.0009116444983608452,0.03556809898510364,0.14295849399939345,0.07405192232211277
0.0009152549716216801,0.03556809898510364,0.1429837673122193,0.07405192232211277
0.0009188654448825152,0.03556809898510364,0.14299279349537136,0.07405192232211277
0.0009242811547737678,0.03556809898510364,0.14300001444189303,0.07405192232211277
0.0009315021012954378,0.03556809898510364,0.14300181967852346,0.07405192232211277
0.0009351125745562729,0.03556809898510364,0.1430054301517843,0.07405192232211277
0.0009369178111866903,0.035574329165342755,0.1430054301517843,0.07405192232211277
0.0009387230478171078,0.035574329165342755,0.14301084586167556,0.07405192232211277
0.0009387230478171078,0.035574329165342755,0.14301084586167556,0.0740581525023519
0.0009423335210779429,0.035574329165342755,0.14301265109830597,0.0740581525023519
0.0009513597042300304,0.035574329165342755,0.14302348251808847,0.0740581525023519
0.0009513597042300304,0.035661551688690354,0.1430252877547189,0.0740581525023519
0.0009549701774908655,0.035661551688690354,0.14303431393787097,0.0740581525023519
0.000960385887382118,0.035661551688690354,0.1430577820140664,0.0740581525023519
0.0009639963606429531,0.035661551688690354,0.14306139248732724,0.0740581525023519
0.0009712173071646232,0.035661551688690354,0.14306139248732724,0.0740581525023519
0.0009730225437950406,0.035779925113233524,0.14306139248732724,0.07406438268259101
0.0009766330170558758,0.035779925113233524,0.14306500296058808,0.07406438268259101
0.0009766330170558758,0.035779925113233524,0.14306680819721848,0.07406438268259101
0.0010001010932513034,0.035779925113233524,0.14306680819721848,0.07407061286283012
0.0010019063298817208,0.035779925113233524,0.1430686134338489,0.07407061286283012
0.001012737749664226,0.035779925113233524,0.1430686134338489,0.07482446467176296
0.0010181534595554785,0.035779925113233524,0.14307222390710975,0.07482446467176296
0.001019958696185896,0.035779925113233524,0.14307222390710975,0.07483069485200207
0.0010289848793379837,0.035779925113233524,0.14307222390710975,0.07483069485200207
0.0010325953525988187,0.035779925113233524,0.14307222390710975,0.07502383043941462
0.0010362058258596538,0.035779925113233524,0.14307402914374015,0.07502383043941462
0.0010416215357509063,0.035779925113233524,0.14307402914374015,0.07505498134061019
0.0010416215357509063,0.035779925113233524,0.14307583438037058,0.07505498134061019
0.0010452320090117413,0.035779925113233524,0.14307583438037058,0.07698010703449651
0.0010470372456421588,0.035779925113233524,0.14307583438037058,0.07698633721473562
0.0010506477189029938,0.035779925113233524,0.14307944485363142,0.07698633721473562
0.0010542581921638289,0.035779925113233524,0.14308125009026182,0.07698633721473562
0.0010596739020550814,0.035779925113233524,0.14308125009026182,0.07700502775545297
0.0010614791386854988,0.035779925113233524,0.14308125009026182,0.07700502775545297
0.0010849472148809266,0.035779925113233524,0.14308486056352265,0.07700502775545297
0.0010939733980330141,0.035779925113233524,0.14308486056352265,0.07701748811593119
0.0010957786346634318,0.035779925113233524,0.14309208151004435,0.0770237182961703
0.0010957786346634318,0.035779925113233524,0.1430974972199356,0.0770237182961703
0.0011011943445546843,0.035779925113233524,0.1431083286397181,0.0770237182961703
0.0011029995811851017,0.035779925113233524,0.1431083286397181,0.07703617865664854
0.0011102205277067718,0.035779925113233524,0.14311013387634852,0.07703617865664854
0.0011120257643371892,0.035779925113233524,0.14311013387634852,0.07709225027880057
0.001117441474228442,0.035779925113233524,0.14311013387634852,0.07709225027880057
0.0011192467108588594,0.035779925113233524,0.14311013387634852,0.07710471063927879
0.0011192467108588594,0.03578615529347264,0.14311554958623976,0.07710471063927879
0.0011228571841196944,0.03578615529347264,0.14313179671591353,0.07710471063927879
0.0011246624207501118,0.03578615529347264,0.14313360195254393,0.07710471063927879
0.0011246624207501118,0.03578615529347264,0.1431408228990656,0.07710471063927879
0.001131883367271782,0.03578615529347264,0.14314443337232644,0.07710471063927879
0.0011372990771630345,0.03578615529347264,0.14314623860895687,0.07710471063927879
0.0011409095504238695,0.03578615529347264,0.14314623860895687,0.07714209172071348
0.0011445200236847046,0.03578615529347264,0.14314623860895687,0.07714209172071348
0.0011535462068367921,0.03578615529347264,0.1431516543188481,0.07714209172071348
0.0011571566800976272,0.03578615529347264,0.1431516543188481,0.07721685388358285
0.0011643776266192973,0.03578615529347264,0.14315887526536977,0.07721685388358285
0.0011661828632497147,0.03578615529347264,0.1431606805020002,0.07721685388358285
0.0011661828632497147,0.03578615529347264,0.14316790144852187,0.07721685388358285
0.00117701428303222,0.03578615529347264,0.14317331715841314,0.07721685388358285
0.0011824299929234724,0.03578615529347264,0.1431823433415652,0.07721685388358285
0.001195066649336395,0.03578615529347264,0.14318775905145648,0.07721685388358285
0.00119867712259723,0.03578615529347264,0.14318775905145648,0.07721685388358285
0.0012004823592276475,0.03578615529347264,0.14318775905145648,0.07722308406382197
0.0012131190156405701,0.03578615529347264,0.1431931747613477,0.07722308406382197
0.0012149242522709878,0.03578615529347264,0.14319859047123898,0.07722308406382197
0.0012185347255318226,0.03578615529347264,0.14320400618113022,0.07722308406382197
0.0012203399621622403,0.03578615529347264,0.14320942189102148,0.07722308406382197
0.0012203399621622403,0.03578615529347264,0.14321303236428232,0.07722308406382197
0.0012239504354230753,0.03578615529347264,0.14322566902069522,0.07722308406382197
0.0012257556720534927,0.03578615529347264,0.14322927949395606,0.07722308406382197
0.0012329766185751629,0.03578615529347264,0.14323650044047773,0.07722308406382197
0.001240197565096833,0.03578615529347264,0.14323650044047773,0.07722308406382197
0.0012438080383576678,0.03578615529347264,0.14324011091373856,0.07722308406382197
0.001247418511618503,0.03582976655514644,0.1432527475701515,0.07722308406382197
0.001251028984879338,0.03582976655514644,0.1432744104097165,0.07722308406382197
0.001258249931401008,0.03582976655514644,0.14327621564634693,0.07722308406382197
0.0012817180075964357,0.03582976655514644,0.14327982611960777,0.07722308406382197
0.0012817180075964357,0.03582976655514644,0.14328163135623817,0.07722308406382197
0.0012889389541181058,0.03582976655514644,0.14328885230275984,0.07722308406382197
0.0012925494273789409,0.03582976655514644,0.1432960732492815,0.07722308406382197
0.0012979651372701934,0.03582976655514644,0.1432960732492815,0.07722308406382197
0.0013051860837918635,0.03582976655514644,0.14330329419580318,0.07722308406382197
0.001317822740204786,0.03582976655514644,0.14330329419580318,0.07722931424406108
0.0013232384500960386,0.03582976655514644,0.1433050994324336,0.07722931424406108
0.001325043686726456,0.03582976655514644,0.14330870990569444,0.07722931424406108
0.0013376803431393786,0.03582976655514644,0.14963245382204698,0.07860618407690534
0.0013467065262914664,0.03582976655514644,0.1516723712144188,0.07879931966431789
0.0013467065262914664,0.03582976655514644,0.16882753491327643,0.098860500034266
0.0013539274728131363,0.03582976655514644,0.17150650607281603,0.10126534960656412
0.001355732709443554,0.03582976655514644,0.17150650607281603,0.10126534960656412
0.001359343182704389,0.03582976655514644,0.17240912438802478,0.10284781538729916
0.001366564129226059,0.03582976655514644,0.17330632699334228,0.10394432710938327
0.0013719798391173114,0.03582976655514644,0.1733081322299727,0.10394432710938327
0.001373785075747729,0.03582976655514644,0.17565132937625463,0.10742076768280906
0.0013810060222693992,0.03584845709586378,0.17702511445200236,0.1090468447252179
0.0013936426786823218,0.03584845709586378,0.1787707782736161,0.11148907537895071
0.0013972531519431566,0.03584845709586378,0.17877799922013776,0.11148907537895071
0.0013972531519431566,0.03584845709586378,0.17902170616524413,0.11179435421066732
0.0014026688618344093,0.03584845709586378,0.17902170616524413,0.11179435421066732
0.0014116950449864969,0.03584845709586378,0.18794499082939792,0.12271586016983471
0.0014225264647690018,0.03584845709586378,0.18795943272244126,0.12273455071055206
0.0014532154874860998,0.03584845709586378,0.1879829007986367,0.12275947143150852
0.0014568259607469346,0.03584845709586378,0.189562482850252,0.12494626469543764
0.0014640469072686047,0.03584845709586378,0.18959858758286036,0.12494626469543764
0.0014694626171598572,0.03584845709586378,0.18960761376601246,0.1249711854163941
0.00147487832705111,0.03584845709586378,0.1896130294759037,0.1249711854163941
0.00147487832705111,0.03584845709586378,0.190613130569155,0.1263169043480428
0.0015434773190069755,0.03584845709586378,0.190613130569155,0.1263231345282819
0.0015506982655286454,0.03584845709586378,0.190613130569155,0.1263231345282819
0.0015615296853111506,0.03584845709586378,0.19104097165056397,0.12681531876717195
0.001566945395202403,0.03584845709586378,0.19104277688719437,0.12681531876717195
0.0015849977615065784,0.03584845709586378,0.1910463873604552,0.12682154894741104
0.0015922187080282483,0.03584845709586378,0.19108790780295482,0.12685893002884574
0.0016012448911803358,0.03584845709586378,0.19112220729893276,0.12688385074980219
0.0016030501278107535,0.03584845709586378,0.19118358534436694,0.126927462011476
0.0016192972574845112,0.03584845709586378,0.19122330055023612,0.1269773034533889
0.0016192972574845112,0.03584845709586378,0.19160420547925422,0.12750063859347452
0.001622907730745346,0.03584845709586378,0.19160420547925422,0.12750063859347452
0.0016319339138974338,0.03584845709586378,0.192057319873489,0.12805512463475568
0.0016355443871582686,0.03584845709586378,0.19207176176653235,0.12808627553595126
0.0016391548604191037,0.03584845709586378,0.19210245078924945,0.12813611697786417
0.0016608176999841138,0.03584845709586378,0.1921277241020753,0.12815480751858152
0.0016662334098753665,0.03584845709586378,0.19213313981196656,0.12815480751858152
0.0017203905087878918,0.03584845709586378,0.1921692445445749,0.12817972823953797
0.001724000982048727,0.03584845709586378,0.19217285501783574,0.12817972823953797
0.001727611455309562,0.03584845709586378,0.1921891021475095,0.12822333950121176
0.001727611455309562,0.03584845709586378,0.1921891021475095,0.12822333950121176
0.0017384428750920672,0.03584845709586378,0.2137111332553471,0.1548698203839037
0.001745663821613737,0.03584845709586378,0.21371293849197753,0.1548698203839037
0.0017492742948745721,0.03584845709586378,0.21380861603338966,0.15487605056414283
0.0017510795315049898,0.03584845709586378,0.2815699781927415,0.16704359257113308
0.0017564952413962422,0.03584845709586378,0.2815699781927415,0.1670498227513722
0.0017601057146570773,0.03584845709586378,0.2955731987348902,0.16959173628893084
0.0017799633175916698,0.03584845709586378,0.29558222491804226,0.16959173628893084
0.001783573790852505,0.03584845709586378,0.29559125110119433,0.16959173628893084
0.00180162615715668,0.03584845709586378,0.29559125110119433,0.16959173628893084
0.00180162615715668,0.03584845709586378,0.2958638418323874,0.16964157773084376
0.0018810565688950507,0.03584845709586378,0.29586925754227866,0.16964157773084376
0.0018936932253079733,0.03584845709586378,0.295883699435322,0.16964157773084376
0.0019009141718296435,0.03584845709586378,0.2959956241064079,0.1696664984518002
0.001924382248025071,0.03584845709586378,0.2959992345796687,0.1696664984518002
0.0019550712707421688,0.03584845709586378,0.2960010398162991,0.1696664984518002
0.001976734110307179,0.03584845709586378,0.29638555521857807,0.16967895881227843
0.001980344583568014,0.03584845709586378,0.2964252704244472,0.16967895881227843
0.0019911760033505194,0.03584845709586378,0.2964288808977081,0.16967895881227843
0.001998396949872189,0.03584845709586378,0.2964288808977081,0.16967895881227843
0.001998396949872189,0.03584845709586378,0.2964306861343385,0.16967895881227843
0.002036306919110957,0.03584845709586378,0.2964306861343385,0.16971633989371313
0.0020381121557413746,0.03584845709586378,0.29643429660759935,0.16971633989371313
0.0020724116517193076,0.03584845709586378,0.29643429660759935,0.16975995115538692
0.0020742168883497248,0.03584845709586378,0.296441517554121,0.16975995115538692
0.0020976849645451528,0.03584845709586378,0.296441517554121,0.16977241151586514
0.00209949020117557,0.03584845709586378,0.296441517554121,0.16985963403921275
0.0021211530407405804,0.03584845709586378,0.2964451280273818,0.16985963403921275
0.0021319844605230853,0.03584845709586378,0.2964451280273818,0.16985963403921275
0.0021319844605230853,0.03584845709586378,0.2964469332640122,0.16987209439969098
0.0021392054070447555,0.03584845709586378,0.2964469332640122,0.16989078494040832
0.002141010643675173,0.03584845709586378,0.2964487385006427,0.16989078494040832
0.0021464263535664256,0.03584845709586378,0.2964487385006427,0.1699655471032777
0.002171699666392271,0.03584845709586378,0.2964722065768381,0.1699655471032777
0.002182531086174776,0.03584845709586378,0.29647762228672936,0.1699655471032777
0.0021861415594356106,0.03584845709586378,0.29647942752335976,0.1699655471032777
0.0021915572693268636,0.03584845709586378,0.29648664846988143,0.1699655471032777
0.0022222462920439613,0.03584845709586378,0.29648664846988143,0.1699655471032777
0.0022276620019352138,0.03584845709586378,0.29648845370651183,0.1699655471032777
0.0022276620019352138,0.03584845709586378,0.2964920641797727,0.1699655471032777
0.0022511300781306413,0.03584845709586378,0.2964956746530335,0.1699655471032777
0.002256545788021894,0.03584845709586378,0.29649928512629437,0.1699655471032777
0.002263766734543564,0.03584845709586378,0.29651011654607684,0.1699655471032777
0.002267377207804399,0.03584845709586378,0.2965137270193377,0.1699655471032777
0.0022854295741085743,0.03584845709586378,0.29651914272922897,0.1699655471032777
0.0022872348107389915,0.03584845709586378,0.2965245584391202,0.1699655471032777
0.0023070924136735843,0.03584845709586378,0.2965245584391202,0.1699655471032777
0.0023107028869344196,0.03584845709586378,0.29652816891238104,0.1699655471032777
0.002400964718455295,0.03584845709586378,0.29652997414901144,0.1699655471032777
0.002400964718455295,0.03584845709586378,0.2965335846222723,0.1699655471032777
0.00241901708475947,0.03584845709586378,0.2965353898589027,0.1699655471032777
0.002420822321389888,0.03584845709586378,0.2965426108054244,0.1699655471032777
0.0024244327946507226,0.03584845709586378,0.2965462212786852,0.1699655471032777
0.0024298485045419756,0.03584845709586378,0.2965570526984677,0.1699655471032777
0.002435264214433228,0.03584845709586378,0.2965606631717285,0.1699655471032777
0.0024370694510636452,0.03584845709586378,0.2965642736449894,0.1699655471032777
0.002449706107476568,0.03584845709586378,0.2965642736449894,0.1699655471032777
0.0024677584737807434,0.03584845709586378,0.2965642736449894,0.16998423764399503
0.0024713689470415782,0.03584845709586378,0.29656968935488065,0.16998423764399503
0.0024713689470415782,0.03584845709586378,0.29657329982814146,0.16998423764399503
0.002473174183671996,0.03584845709586378,0.296605794087489,0.16998423764399503
0.0026049564576924745,0.03584845709586378,0.29661301503401066,0.16998423764399503
0.0026085669309533093,0.03584845709586378,0.29662384645379314,0.16998423764399503
0.002613982640844562,0.03584845709586378,0.29663467787357567,0.16998423764399503
0.002624814060627067,0.03584845709586378,0.2966382883468365,0.16998423764399503
0.0026302297705183197,0.03584845709586378,0.2966382883468365,0.16998423764399503
0.0026591135566049998,0.03584845709586378,0.296692445445749,0.16998423764399503
0.00268077639617001,0.03592944943897227,0.29672493970509656,0.16998423764399503
0.0026825816328004274,0.03592944943897227,0.2967429920714007,0.16998423764399503
0.0026825816328004274,0.03592944943897227,0.2967592392010745,0.16998423764399503
0.0026898025793220975,0.03592944943897227,0.2967610444377049,0.16998423764399503
0.0026934130525829328,0.03592944943897227,0.296770070620857,0.16998423764399503
0.002785480120734226,0.03592944943897227,0.2967881229871612,0.16998423764399503
0.002792701067255896,0.03592944943897227,0.2967899282237916,0.16998423764399503
0.0027945063038863132,0.03592944943897227,0.2967899282237916,0.16998423764399503
0.002807142960299236,0.03592944943897227,0.29680075964357405,0.16998423764399503
0.0028233900899729937,0.03592944943897227,0.2968025648802045,0.16998423764399503
0.0028342215097554987,0.03592944943897227,0.29681881200987825,0.16998423764399503
0.0028342215097554987,0.03592944943897227,0.2968278381930303,0.16998423764399503
0.0028360267463859164,0.03592944943897227,0.29684047484944326,0.16998423764399503
0.002852273876059674,0.03592944943897227,0.2968458905593345,0.16998423764399503
0.002855884349320509,0.03592944943897227,0.2968549167424866,0.16998423764399503
0.0028613000592117616,0.03592944943897227,0.29686755339889953,0.16998423764399503
0.0028685210057334317,0.03592944943897227,0.29686755339889953,0.16998423764399503
0.002873936715624684,0.03592944943897227,0.2968747743454212,0.16998423764399503
0.0028811576621463543,0.03592944943897227,0.2968946319483558,0.16998423764399503
0.0028829628987767715,0.03592944943897227,0.2969036581315079,0.16998423764399503
0.002893794318559277,0.03592944943897227,0.2969162947879208,0.16998423764399503
0.002893794318559277,0.03592944943897227,0.2969181000245512,0.16998423764399503
0.002895599555189694,0.03592944943897227,0.2969217104978121,0.16998423764399503
0.0029028205017113643,0.03592944943897227,0.2969253209710729,0.16998423764399503
0.0029100414482330344,0.03592944943897227,0.29695239952052915,0.16998423764399503
0.0029136519214938692,0.03592944943897227,0.29698128330661583,0.16998423764399503
0.0029443409442109674,0.03592944943897227,0.29698128330661583,0.16998423764399503
0.0029461461808413846,0.03592944943897227,0.2969848937798767,0.16998423764399503
0.0029804456768193176,0.03592944943897227,0.29699391996302876,0.16998423764399503
0.0029912770966018225,0.03592944943897227,0.29704266135205004,0.16998423764399503
0.00299308233323224,0.03592944943897227,0.29706612942824545,0.16998423764399503
0.00299308233323224,0.03592944943897227,0.2970697399015063,0.16998423764399503
0.003030992302471008,0.03592944943897227,0.2970715451381367,0.16998423764399503
0.003038213248992678,0.03592944943897227,0.2970932079777017,0.16998423764399503
0.003045434195514348,0.03592944943897227,0.2970950132143321,0.16998423764399503
0.0030544603786664356,0.03592944943897227,0.2970950132143321,0.16998423764399503
0.0030562656152968532,0.03592944943897227,0.297098623687593,0.16998423764399503
0.0030616813251881057,0.036278339532362675,0.2971130655806363,0.16998423764399503
0.0030652917984489406,0.036278339532362675,0.29711848129052754,0.16998423764399503
0.0030851494013835333,0.036278339532362675,0.297120286527158,0.16998423764399503
0.003086954638013951,0.036278339532362675,0.29713472842020133,0.16998423764399503
0.003086954638013951,0.036278339532362675,0.29713833889346214,0.16998423764399503
0.0030959808211660383,0.036278339532362675,0.2971527807865055,0.16998423764399503
0.003108617477578961,0.036278339532362675,0.29715458602313594,0.16998423764399503
0.0031194488973614663,0.036278339532362675,0.29715458602313594,0.16998423764399503
0.003126669843883136,0.036278339532362675,0.2971618069696576,0.16998423764399503
0.003132085553774389,0.036278339532362675,0.2971672226795488,0.16998423764399503
0.0031356960270352238,0.036278339532362675,0.2971726383894401,0.16998423764399503
0.0031754112329044092,0.036278339532362675,0.29717985933596175,0.16998423764399503
0.0031808269427956617,0.036278339532362675,0.2971888855191138,0.16998423764399503
0.0031844374160564966,0.036278339532362675,0.2971924959923747,0.16998423764399503
0.0031844374160564966,0.036278339532362675,0.29719971693889635,0.16998423764399503
0.003197074072469419,0.036278339532362675,0.2972123535953093,0.16998423764399503
0.0032042950189910893,0.036278339532362675,0.2972123535953093,0.16998423764399503
0.003224152621925682,0.036278339532362675,0.29722137977846136,0.16998423764399503
0.0032385945149690223,0.036278339532362675,0.2972249902517222,0.16998423764399503
0.0032494259347515273,0.036278339532362675,0.29724484785465677,0.16998423764399503
0.0032584521179036146,0.036278339532362675,0.297284563060526,0.16998423764399503
0.003287335903990295,0.036278339532362675,0.29733149921291685,0.16998423764399503
0.0032891411406207128,0.036278339532362675,0.2973405253960689,0.16998423764399503
0.0032891411406207128,0.036278339532362675,0.2973513568158514,0.16998423764399503
0.003469664803662464,0.036278339532362675,0.2974000982048727,0.16998423764399503
0.003489522406597057,0.036278339532362675,0.2974091243880248,0.16998423764399503
0.003491327643227474,0.036278339532362675,0.2974091243880248,0.16998423764399503
0.0034985485897491442,0.036278339532362675,0.2974109296246552,0.16998423764399503
0.0035039642996403967,0.036278339532362675,0.2974163453345465,0.16998423764399503
0.0035057695362708144,0.036278339532362675,0.2974181505711769,0.16998423764399503
0.003511185246162067,0.036278339532362675,0.2974578657770461,0.16998423764399503
0.003514795719422902,0.036278339532362675,0.2974614762503069,0.16998423764399503
0.0035166009560533193,0.036278339532362675,0.29746508672356775,0.16998423764399503
0.0035166009560533193,0.036278339532362675,0.2974741129067198,0.16998423764399503
0.0035238219025749895,0.036278339532362675,0.2974759181433502,0.16998423764399503
0.003529237612466242,0.036278339532362675,0.2974759181433502,0.16998423764399503
0.0035328480857270772,0.036278339532362675,0.29749938621954564,0.16998423764399503
0.003547289978770417,0.036278339532362675,0.2975066071660673,0.16998423764399503
0.0035906156579004374,0.036284569712601786,0.29751021763932817,0.16998423764399503
0.003592420894530855,0.036284569712601786,0.297513828112589,0.16998423764399503
0.0035960313677916903,0.036415403497623185,0.29752104905911064,0.16998423764399503
0.003601447077682943,0.036415403497623185,0.2975228542957411,0.16998423764399503
0.00361047326083503,0.036415403497623185,0.2975264647690019,0.16998423764399503
0.00361047326083503,0.036415403497623185,0.2975427118986757,0.16998423764399503
0.0036158889707262826,0.036415403497623185,0.2975427118986757,0.16998423764399503
0.003637551810291293,0.036415403497623185,0.2975535433184582,0.16998423764399503
0.0036393570469217106,0.036415403497623185,0.2975553485550886,0.16998423764399503
0.0036465779934433807,0.036415403497623185,0.2975643747382407,0.16998423764399503
0.003655604176595468,0.036415403497623185,0.2975661799748711,0.16999669800447326
0.0036574094132258857,0.036415403497623185,0.2975715956847624,0.16999669800447326
0.003662825123117138,0.036415403497623185,0.2975986742342186,0.16999669800447326
0.003666435596377973,0.036415403497623185,0.29760589518074027,0.16999669800447326
0.0037350345883338386,0.036415403497623185,0.2976185318371532,0.16999669800447326
0.0037350345883338386,0.036415403497623185,0.2976185318371532,0.16999669800447326
0.0037404502982250915,0.036415403497623185,0.29763297373019654,0.16999669800447326
0.0037440607714859264,0.036415403497623185,0.297634778966827,0.16999669800447326
0.003760307901159684,0.036415403497623185,0.29764380514997907,0.16999669800447326
0.003763918374420519,0.036415403497623185,0.2976582470430224,0.16999669800447326
0.0037729445575726064,0.0364216336778623,0.2976672732261745,0.17000292818471238
0.003774749794203024,0.0364216336778623,0.29769254653900035,0.17000292818471238
0.003785581213985529,0.0364216336778623,0.29772504079834783,0.17000292818471238
0.0037873864506159467,0.0364216336778623,0.29773406698149996,0.17000292818471238
0.0038541802059413946,0.0364216336778623,0.2977412879280216,0.17000292818471238
0.0038541802059413946,0.0364216336778623,0.2977412879280216,0.17000292818471238
0.0038740378088759873,0.0364216336778623,0.29774670363791284,0.17000292818471238
0.0038776482821368226,0.0364216336778623,0.2977539245844345,0.17000292818471238
0.0038812587553976575,0.0364216336778623,0.29776656124084744,0.17000292818471238
0.0038920901751801624,0.0364216336778623,0.2977701717141083,0.17000292818471238
0.00389389541181058,0.0364216336778623,0.2977737821873691,0.17000292818471238
0.00390833730485392,0.0364216336778623,0.29778461360715164,0.17000292818471238
0.00391555825137559,0.0364216336778623,0.2978134973932383,0.17000292818471238
0.003922779197897261,0.0364216336778623,0.2978189131031296,0.17000292818471238
0.003922779197897261,0.0364216336778623,0.2978189131031296,0.17000292818471238
0.003962494403766446,0.0364216336778623,0.29785140736247706,0.17000292818471238
0.0039661048770272805,0.0364216336778623,0.2978568230723683,0.17000292818471238
0.0039679101136576985,0.0364216336778623,0.29785862830899873,0.17000292818471238
0.0040004043730052135,0.0364216336778623,0.29786404401889,0.17000292818471238
0.004004014846266049,0.0364216336778623,0.29786765449215086,0.17000292818471238
0.004027482922461476,0.0364216336778623,0.2978839016218246,0.17000292818471238
0.004031093395722311,0.0364216336778623,0.2978875120950854,0.17000292818471238
0.004040119578874399,0.0364216336778623,0.29789834351486794,0.17000292818471238
0.004050950998656904,0.0364216336778623,0.29789834351486794,0.17000292818471238
0.004050950998656904,0.0364216336778623,0.29790195398812874,0.17000292818471238
0.004065392891700244,0.0364216336778623,0.2979127854079113,0.17000292818471238
0.004070808601591497,0.0364216336778623,0.2979145906445417,0.17000292818471238
0.004078029548113166,0.0364216336778623,0.2979344482474763,0.17000292818471238
0.004088860967895672,0.0364216336778623,0.2979380587207371,0.17000292818471238
0.004096081914417342,0.0364216336778623,0.2979543058504109,0.17000292818471238
0.004108718570830264,0.0364216336778623,0.2979579163236717,0.17000292818471238
0.0041592651964819545,0.0364216336778623,0.297972358216715,0.17000292818471238
0.00417009661626446,0.0364216336778623,0.297972358216715,0.17000292818471238
0.004175512326155713,0.0364216336778623,0.2979777739266063,0.17000292818471238
0.004175512326155713,0.0364216336778623,0.29798138439986716,0.17000292818471238
0.004179122799416547,0.0364216336778623,0.29798499487312796,0.17000292818471238
0.004180928036046965,0.0364216336778623,0.2979886053463888,0.17000292818471238
0.004186343745938218,0.0364216336778623,0.29799402105628003,0.17000292818471238
0.004224253715176985,0.0364216336778623,0.29800485247606257,0.17000292818471238
0.004229669425068238,0.0364216336778623,0.2980174891324755,0.17000292818471238
0.004244111318111578,0.0364216336778623,0.29802290484236676,0.17000292818471238
0.004245916554741995,0.0364216336778623,0.29802651531562757,0.17000292818471238
0.00424952702800283,0.0364216336778623,0.29802651531562757,0.17000292818471238
0.004265774157676588,0.0364216336778623,0.298028320552258,0.17000292818471238
0.004265774157676588,0.0364216336778623,0.29803193102551884,0.17000292818471238
0.0042729951041982584,0.0364216336778623,0.2980373467354101,0.17000292818471238
0.004285631760611181,0.0364216336778623,0.29804456768193177,0.17000292818471238
0.004305489363545773,0.0364216336778623,0.2980463729185622,0.17000292818471238
0.0043072946001761914,0.0364216336778623,0.298049983391823,0.17000292818471238
0.004363256935719134,0.0364216336778623,0.2980680357581272,0.17000292818471238
0.004365062172349552,0.0364216336778623,0.298071646231388,0.17000292818471238
0.0043758935921320566,0.0364216336778623,0.298071646231388,0.17000292818471238
0.004381309302023309,0.0364216336778623,0.29807525670464885,0.17000292818471238
0.004381309302023309,0.0364216336778623,0.29807886717790966,0.17000292818471238
0.00449684444637003,0.0364216336778623,0.2980806724145401,0.17000292818471238
0.004507675866152535,0.0364216336778623,0.2980842828878009,0.17000292818471238
0.0045112863394133704,0.0364216336778623,0.2980915038343226,0.17000292818471238
0.004527533469087128,0.0364216336778623,0.298093309070953,0.17000292818471238
0.004531143942347963,0.0364216336778623,0.29809691954421386,0.17000292818471238
0.004545585835391303,0.0364216336778623,0.2981113614372572,0.17000292818471238
0.004547391072021721,0.0364216336778623,0.2981113614372572,0.17000292818471238
0.004585301041260488,0.0364216336778623,0.29811497191051806,0.17000292818471238
0.004590716751151741,0.0364216336778623,0.29812038762040927,0.17000292818471238
0.004590716751151741,0.0364216336778623,0.29812399809367013,0.17000292818471238
0.004619600537238421,0.0364216336778623,0.2981294138035614,0.17000292818471238
0.004630431957020926,0.0364216336778623,0.29814927140649594,0.17000292818471238
0.004634042430281761,0.0364216336778623,0.2981510766431264,0.17000292818471238
0.0046358476669121785,0.0364216336778623,0.2981619080629089,0.17000292818471238
0.004639458140173014,0.0364216336778623,0.2981637132995393,0.17000292818471238
0.004641263376803431,0.0364216336778623,0.2981637132995393,0.17000292818471238
0.004653900033216354,0.0364216336778623,0.29816912900943054,0.17000292818471238
0.004655705269846771,0.0364216336778623,0.29818537613910434,0.17000292818471238
0.004668341926259694,0.0364216336778623,0.298192597085626,0.17000292818471238
0.004668341926259694,0.0364216336778623,0.2981944023222564,0.17000292818471238
0.004675562872781364,0.0364216336778623,0.29821064945193015,0.17000292818471238
0.0046936152390855395,0.0364216336778623,0.298214259925191,0.17000292818471238
0.004726109498433054,0.0364216336778623,0.2982160651618214,0.17000292818471238
0.004740551391476395,0.0364216336778623,0.2982232861083431,0.17000292818471238
0.004762214231041405,0.0364216336778623,0.2982250913449735,0.17000292818471238
0.00478748754386725,0.0364216336778623,0.2982250913449735,0.17000292818471238
0.004796513727019338,0.0364216336778623,0.29823231229149516,0.17000292818471238
0.004798318963649755,0.0364216336778623,0.29823411752812556,0.17000292818471238
0.004819981803214766,0.0364216336778623,0.2982449489479081,0.17000292818471238
0.004819981803214766,0.0364216336778623,0.29825578036769057,0.17000292818471238
0.004821787039845183,0.0364216336778623,0.29825939084095143,0.1701337619697338
0.004829007986366853,0.0364216336778623,0.29826119607758184,0.1701337619697338
0.004834423696258106,0.0364216336778623,0.2982648065508427,0.1701337619697338
0.00483803416951894,0.0364216336778623,0.29827744320725563,0.1701337619697338
0.004850670825931863,0.0364216336778623,0.29827744320725563,0.1701337619697338
0.004857891772453533,0.0364216336778623,0.29828105368051644,0.1701337619697338
0.004859697009083951,0.0364216336778623,0.29828285891714684,0.1701337619697338
0.0048867755585402135,0.0364216336778623,0.2982900798636685,0.1701337619697338
0.004892191268431466,0.0364216336778623,0.29829188510029897,0.1701337619697338
0.004892191268431466,0.0364216336778623,0.29830091128345104,0.1701337619697338
0.004893996505061883,0.03643409403834053,0.29830271652008145,0.1701337619697338
0.0048976069783227185,0.03643409403834053,0.2983081322299727,0.1701337619697338
0.004903022688213971,0.03643409403834053,0.2983117427032335,0.1701337619697338
0.004904827924844388,0.03643409403834053,0.2983117427032335,0.1701337619697338
0.004915659344626894,0.03643409403834053,0.2983189636497552,0.1701337619697338
0.0049319064743006515,0.03643409403834053,0.2983279898329073,0.1701337619697338
0.004939127420822321,0.03643409403834053,0.2983316003061681,0.1701337619697338
0.004940932657452739,0.03643409403834053,0.2983388212526898,0.1701337619697338
0.004940932657452739,0.03643409403834053,0.29834243172595065,0.1701337619697338
0.004955374550496079,0.03643409403834053,0.29834423696258106,0.1701337619697338
0.004957179787126497,0.03643409403834053,0.2983478474358419,0.1701337619697338
0.005002310702886935,0.03643409403834053,0.2983604840922548,0.1701337619697338
0.005005921176147769,0.03643409403834053,0.2983604840922548,0.1701337619697338
0.00501314212266944,0.03643409403834053,0.29836409456551566,0.1701337619697338
0.005036610198864867,0.03643409403834053,0.2983713155120373,0.1701337619697338
0.005195471022341609,0.03643409403834053,0.298378536458559,0.1701337619697338
0.005197276258972026,0.03643409403834053,0.2983821469318198,0.1701337619697338
0.005206302442124114,0.03643409403834053,0.29838575740508066,0.1701337619697338
0.005206302442124114,0.03643409403834053,0.29839297835160233,0.1701337619697338
0.005211718152015366,0.03643409403834053,0.298400199298124,0.1701337619697338
0.005213523388645783,0.03643409403834053,0.29840742024464567,0.1701337619697338
0.005217133861906619,0.03643409403834053,0.29841283595453694,0.1701337619697338
0.005256849067775804,0.03643409403834053,0.29841283595453694,0.1701337619697338
0.005258654304406221,0.03643409403834053,0.29841464119116734,0.1701337619697338
0.005264070014297474,0.03643409403834053,0.2984254726109498,0.1701337619697338
0.005265875250927892,0.03643409403834053,0.2984308883208411,0.1701337619697338
0.005274901434079979,0.03643409403834053,0.96631789494967,0.9890598035001152
0.005323642823101252,0.03643409403834053,0.9663215054229308,0.9890598035001152
0.005323642823101252,0.03643409403834053,0.966326921132822,0.9890598035001152
0.005336279479514175,0.03643409403834053,0.9663287263694526,0.9890598035001152
0.005343500426035845,0.03643409403834053,0.9663323368427134,0.9890598035001152
0.005345305662666262,0.03643409403834053,0.9663323368427134,0.9890598035001152
0.005392241815057118,0.03643409403834053,0.9663341420793438,0.9890598035001152
0.005394047051687535,0.03643409403834053,0.9663413630258655,0.9890598035001152
0.005406683708100457,0.03643409403834053,0.9663449734991263,0.9890598035001152
0.005421125601143798,0.03643409403834053,0.9663485839723871,0.9890598035001152
0.005446398913969643,0.03643409403834053,0.9663539996822783,0.9890598035001152
0.005473477463425906,0.03643409403834053,0.9663594153921696,0.9890598035001152
0.005473477463425906,0.03643409403834053,0.9663810782317346,0.9891407958432238
0.005477087936686741,0.03643409403834053,0.9663846887049955,0.9891407958432238
0.005486114119838828,0.03643409403834053,0.9663846887049955,0.9891407958432238
0.005500556012882169,0.03643409403834053,0.9663882991782563,0.9891407958432238
0.005507776959403838,0.03643409403834053,0.9663919096515171,0.9891407958432238
0.005511387432664674,0.03643409403834053,0.9663973253614083,0.9891407958432238
0.005520413615816761,0.03643409403834053,0.96640454630793,0.9891407958432238
0.005527634562338431,0.03643409403834053,0.9664117672544517,0.9891407958432238
0.0055330502722296835,0.03643409403834053,0.9664135724910822,0.9891407958432238
0.005538465982120936,0.03643409403834053,0.9664189882009734,0.9891407958432238
0.005538465982120936,0.03643409403834053,0.9664262091474951,0.9891407958432238
0.005545686928642607,0.03643409403834053,0.9664262091474951,0.9891407958432238
0.005547492165273024,0.03643409403834053,0.9664424562771688,0.9891407958432238
0.005552907875164276,0.03643409403834053,0.9664460667504297,0.9891407958432238
0.0055673497682076165,0.03643409403834053,0.966460508643473,0.9891407958432238
0.005570960241468452,0.03643409403834053,0.9664641191167338,0.9891407958432238
0.005585402134511792,0.03643409403834053,0.9664731452998859,0.9891407958432238
0.005594428317663879,0.03643409403834053,0.9664731452998859,0.9891470260234628
0.005599844027555132,0.03643409403834053,0.9664767557731467,0.9891470260234628
0.005599844027555132,0.03643409403834053,0.9664767557731467,0.9891906372851367
0.005614285920598472,0.03643409403834053,0.9664785610097771,0.9891906372851367
0.005617896393859307,0.03643409403834053,0.9664785610097771,0.9891906372851367
0.005679274439293502,0.03643409403834053,0.9664839767196685,0.9891906372851367
0.0056810796759239205,0.03643409403834053,0.9664875871929293,0.9891906372851367
0.0056919110957064254,0.03643409403834053,0.9664948081394509,0.9891906372851367
0.00569552156896726,0.03643409403834053,0.9664948081394509,0.9892030976456149
0.005704547752119348,0.03643409403834053,0.9664966133760813,0.9892030976456149
0.005708158225380183,0.03643409403834053,0.9664966133760813,0.9892155580060931
0.005731626301575611,0.03643409403834053,0.9664984186127118,0.9892155580060931
0.005731626301575611,0.03643409403834053,0.9665020290859726,0.9892155580060931
0.005780367690596883,0.03643409403834053,0.9665020290859726,0.9892155580060931
0.005789393873748971,0.03643409403834053,0.9665020290859726,0.9892217881863322
0.005793004347009806,0.03643409403834053,0.9665200814522767,0.9892217881863322
0.005821888133096486,0.03688266701555676,0.9665218866889072,0.9892217881863322
0.005848966682552749,0.03688266701555676,0.9665254971621681,0.9892217881863322
0.0058507719191831665,0.03688266701555676,0.9665291076354289,0.9892217881863322
0.005856187629074419,0.03688266701555676,0.9665399390552114,0.9892217881863322
0.005857992865704836,0.03688266701555676,0.9665435495284722,0.9892217881863322
0.005984359429834062,0.03688266701555676,0.966581459497711,0.9892217881863322
0.005984359429834062,0.03688266701555676,0.966581459497711,0.9892217881863322
0.00599338561298615,0.03688266701555676,0.966581459497711,0.9892280183665714
0.006013243215920743,0.03688266701555676,0.966590485680863,0.9892280183665714
0.006020464162442413,0.03688266701555676,0.9665940961541238,0.9892280183665714
0.0060331008188553355,0.03688266701555676,0.9666049275739064,0.9892280183665714
0.006034906055485753,0.03688266701555676,0.9666211747035801,0.9892280183665714
0.0060439322386378405,0.03688266701555676,0.9666229799402105,0.9892280183665714
0.006045737475268259,0.03688266701555676,0.9666320061233626,0.9892280183665714
0.006049347948529093,0.03688266701555676,0.9666392270698844,0.9892280183665714
0.006052958421789928,0.03688266701555676,0.9666392270698844,0.9892280183665714
0.006052958421789928,0.03688266701555676,0.9666500584896668,0.9892280183665714
0.0060565688950507636,0.03688266701555676,0.9666518637262972,0.9892280183665714
0.006069205551463686,0.03688266701555676,0.9666554741995581,0.9892280183665714
0.0060782317346157735,0.03688266701555676,0.9666572794361885,0.9892280183665714
0.006080036971246191,0.03688266701555676,0.9666626951460797,0.9892280183665714
0.006096284100919948,0.03688266701555676,0.9666663056193406,0.9892280183665714
0.006117946940484959,0.03688266701555676,0.9666753318024927,0.9892342485468104
0.0061233626503762115,0.03688266701555676,0.9666771370391231,0.9892342485468104
0.006125167887006629,0.03688266701555676,0.9666879684589056,0.9892342485468104
0.006143220253310804,0.03688266701555676,0.9666879684589056,0.9892342485468104
0.006143220253310804,0.03688266701555676,0.9666933841687968,0.9892342485468104
0.006152246436462892,0.03688266701555676,0.9666951894054273,0.9892467089072887
0.006188351169071242,0.03688266701555676,0.9666987998786881,0.9892467089072887
0.006190156405701659,0.03688266701555676,0.9667024103519489,0.9892467089072887
0.006222650665049174,0.03688266701555676,0.9667078260618401,0.9892467089072887
0.0062768077639617,0.03688266701555676,0.966711436535101,0.9892467089072887
0.006280418237222535,0.03688266701555676,0.9667168522449923,0.9892467089072887
0.00629124965700504,0.03688266701555676,0.9667186574816227,0.9892529390875278
0.00629124965700504,0.036888897195795876,0.9667186574816227,0.9892529390875278
0.00629124965700504,0.036888897195795876,0.9667222679548835,0.9892529390875278
0.0062948601302658756,0.036888897195795876,0.9667276836647748,0.9892529390875278
0.00629847060352671,0.036888897195795876,0.9667276836647748,0.9892591692677669
0.006309302023309215,0.036888897195795876,0.9667294889014052,0.9892591692677669
0.00631291249657005,0.036888897195795876,0.9667349046112964,0.9892591692677669
0.006320133443091721,0.036888897195795876,0.9667385150845573,0.9892591692677669
0.006352627702439236,0.036888897195795876,0.9667421255578181,0.9892591692677669
0.006356238175700071,0.036888897195795876,0.9667421255578181,0.9892716296282451
0.006359848648960905,0.036888897195795876,0.9667421255578181,0.9892716296282451
0.006363459122221741,0.036888897195795876,0.9667439307944485,0.9892716296282451
0.006363459122221741,0.036888897195795876,0.9667475412677093,0.9892716296282451
0.006367069595482576,0.036888897195795876,0.9667493465043397,0.9892716296282451
0.006367069595482576,0.03689512737603499,0.9667565674508615,0.9892716296282451
0.006370680068743411,0.03689512737603499,0.9667583726874919,0.9892716296282451
0.006374290542004246,0.03689512737603499,0.9667619831607527,0.9892716296282451
0.006376095778634664,0.03689512737603499,0.966767398870644,0.9892716296282451
0.006381511488525916,0.03689512737603499,0.9667710093439048,0.9892716296282451
0.006383316725156333,0.03689512737603499,0.9667710093439048,0.9892716296282451
0.006390537671678004,0.03689512737603499,0.9667728145805352,0.9892716296282451
0.006397758618199674,0.03689512737603499,0.9667728145805352,0.9893027805294408
0.006397758618199674,0.03689512737603499,0.9667746198171656,0.9893027805294408
0.006401369091460509,0.03689512737603499,0.9667800355270569,0.9893027805294408
0.006406784801351761,0.03689512737603499,0.9667836460003177,0.9893027805294408
0.006410395274612596,0.03689512737603499,0.9667836460003177,0.9894086935935057
0.006412200511243014,0.03689512737603499,0.9667854512369481,0.9894086935935057
0.006415810984503849,0.03689512737603499,0.9667854512369481,0.9897264327857005
0.006417616221134266,0.03689512737603499,0.966789061710209,0.9897264327857005
0.006421226694395102,0.03689512737603499,0.966789061710209,0.9897264327857005
0.006424837167655936,0.03689512737603499,0.966789061710209,0.9897388931461787
0.006428447640916771,0.03689512737603499,0.9667908669468394,0.9897388931461787
0.006428447640916771,0.03689512737603499,0.9667944774201003,0.9897388931461787
0.006430252877547189,0.03689512737603499,0.9667944774201003,0.9897451233264178
0.006430252877547189,0.036901357556274106,0.9667944774201003,0.9898074251288089
0.006432058114177607,0.036901357556274106,0.9667944774201003,0.9898448062102436
0.006432058114177607,0.03691381791675233,0.9667980878933611,0.9898448062102436
0.006435668587438441,0.03691381791675233,0.9667998931299915,0.9898448062102436
0.006435668587438441,0.03692627827723056,0.9667998931299915,0.9898448062102436
0.0064410842973296936,0.036932508457469676,0.9667998931299915,0.9899444890940695
0.0064410842973296936,0.03695119899818702,0.9667998931299915,0.9900566323383736
0.031226983232962177,0.07531664891065298,0.9667998931299915,0.9904117526120031
0.031226983232962177,0.07531664891065298,0.9668016983666219,0.9905052053155898
0.6991139898617911,0.8942426904410344,0.9668016983666219,0.9905488165772636
0.6991176003350519,0.8942426904410344,0.9668016983666219,0.9905612769377418
0.6991194055716823,0.8942426904410344,0.9668035036032523,0.9905612769377418
0.6991230160449432,0.8942426904410344,0.9668035036032523,0.9905737372982201
0.6991248212815736,0.8942551508015126,0.9668035036032523,0.9905737372982201
0.6991645364874428,0.8942551508015126,0.9668053088398827,0.9905737372982201
0.6995490518897217,0.8942676111619909,0.9668053088398827,0.9906983409030024
0.6995526623629825,0.8942676111619909,0.9668053088398827,0.9907980237868281
0.6995526623629825,0.8942676111619909,0.9668053088398827,0.9908104841473064
0.6996645870340684,0.8942925318829473,0.9668053088398827,0.9908540954089802
0.6999371777652614,0.8943423733248603,0.9668053088398827,0.9908852463101757
0.7139403983074102,0.896884286862419,0.9668053088398827,0.9910285404556753
0.7139403983074102,0.8968905170426581,0.9668053088398827,0.9910347706359145
0.781701760466762,0.9090580590496483,0.9668053088398827,0.9910347706359145
0.7817974380081741,0.9090642892298875,0.9668071140765131,0.9910347706359145
0.8033194691160117,0.9357107701125793,0.9668071140765131,0.9910534611766318
0.8033212743526421,0.9357107701125793,0.9668071140765131,0.9910970724383057
0.8033303005357942,0.9357107701125793,0.9668071140765131,0.9911095327987839
0.8033303005357942,0.9357107701125793,0.9668071140765131,0.991171834601175
0.8033447424288376,0.9357107701125793,0.9668071140765131,0.9911842949616533
0.8054947792556648,0.9357294606532967,0.9668071140765131,0.9912092156826097
0.9179267218346981,0.9412743210661084,0.9668071140765131,0.991221676043088
0.9179285270713285,0.9412805512463476,0.9668071140765131,0.9912902080257182
0.9179285270713285,0.9413428530487387,0.9668071140765131,0.9912902080257182
0.9179592160940456,0.9413926944906517,0.9668071140765131,0.9913026683861964
0.917973657987089,0.9414238453918472,0.9668071140765131,0.991389890909544
0.9179989312999148,0.9414425359325646,0.9668071140765131,0.9914023512700222
0.9183798362289329,0.9419658710726502,0.9668071140765131,0.9914335021712178
0.9183798362289329,0.9419658710726502,0.9668071140765131,0.9914584228921742
0.918419551434802,0.9420157125145631,0.9668071140765131,0.9914646530724134
0.9184809294802363,0.9420593237762368,0.9668071140765131,0.9914771134328916
0.9185152289762142,0.9420842444971933,0.9668071140765131,0.9915207246945654
0.9185567494187138,0.942121625578628,0.9668071140765131,0.9915207246945654
0.9185928541513222,0.9421465462995845,0.9668071140765131,0.9915331850550436
0.918596464624583,0.9421527764798235,0.9668071140765131,0.9916266377586304
0.9185982698612134,0.9421527764798235,0.9668071140765131,0.9916390981191086
0.9190261109426223,0.9426449607187136,0.9668071140765131,0.9916764792005432
0.9253498548589749,0.9440218305515579,0.9668071140765131,0.9916889395610216
0.9253498548589749,0.9440218305515579,0.9668071140765131,0.9917325508226953
0.9273897722513467,0.9442149661389704,0.9668071140765131,0.9917450111831735
0.9445449359502044,0.9642761465089185,0.9668071140765131,0.9917823922646082
0.9445449359502044,0.9642823766891576,0.9668071140765131,0.9917823922646082
0.9455450370434556,0.9656280956208063,0.9668071140765131,0.9917948526250865
0.9455522579899773,0.9656343258010455,0.9668071140765131,0.9918135431658038
0.9455883627225857,0.9656343258010455,0.9668071140765131,0.991826003526282
0.9456028046156291,0.9656530163417628,0.9668071140765131,0.9918571544274776
0.9456082203255203,0.9656530163417628,0.9668071140765131,0.9919069958693905
0.9456172465086724,0.9656779370627192,0.9668071140765131,0.9919256864101078
0.9456172465086724,0.9656779370627192,0.9668071140765131,0.9919381467705861
0.9471968285602876,0.9678647303266483,0.9668071140765131,0.9919755278520208
0.9472202966364831,0.9678896510476048,0.9668071140765131,0.9919755278520208
0.9474640035815894,0.9681949298793214,0.9668071140765131,0.991987988212499
0.9563872882457433,0.9791164358384888,0.9668071140765131,0.9920502900148901
0.956403535375417,0.9791600471001626,0.9668071140765131,0.9920627503753684
0.9568566497696518,0.9797145331414437,0.9668071140765131,0.9921125918172813
0.9568584550062822,0.9797145331414437,0.9668071140765131,0.9921250521777595
0.9595374261658218,0.9821193827137419,0.9668071140765131,0.992149972898716
0.9595374261658218,0.9821193827137419,0.9668071140765131,0.9921748936196724
0.9604400444810306,0.983701848494477,0.9668071140765131,0.992206044520868
0.961337247086348,0.9847983602165611,0.9668071140765131,0.9922309652418244
0.9613390523229784,0.9847983602165611,0.9668071140765131,0.9922309652418244
0.9636822494692604,0.9882748007899869,0.9668071140765131,0.9922745765034983
0.9650560345450082,0.9899008778323957,0.9668071140765131,0.9922870368639765
0.9668016983666219,0.9923431084861285,0.9668071140765131,0.9923368783058893
0.9668089193131436,0.9923431084861285,0.9668089193131436,0.9923368783058893
0.9669894429761853,0.992368029207085,0.966819750732926,0.9923431084861285
0.9710060944788643,0.9932091035393654,0.966823361206187,0.9923431084861285
0.9710060944788643,0.9932091035393654,0.9668341926259694,0.9923431084861285
0.9710097049521251,0.9932091035393654,0.9670020796325982,0.9923617990268458
0.9710115101887555,0.9932153337196045,0.9670020796325982,0.9923617990268458
0.9747591814335023,0.9941997021973845,0.9670038848692286,0.9923617990268458
0.9747645971433936,0.9941997021973845,0.9670093005791199,0.9923617990268458
0.9749541469895874,0.9942121625578628,0.9670111058157503,0.9923617990268458
0.9751779963317592,0.9942121625578628,0.9670147162890111,0.992368029207085
0.9751798015683896,0.9942121625578628,0.9670165215256415,0.992368029207085
0.9753476885750184,0.9942308530985802,0.9709880421125601,0.9931468017369742
0.9762430859437055,0.9945361319302968,0.9747519604869807,0.9940813287728414
0.9762430859437055,0.9945361319302968,0.9747519604869807,0.9941187098542761
0.976253917363488,0.9945361319302968,0.9747519604869807,0.9941187098542761
0.9762557226001184,0.9945361319302968,0.9747555709602415,0.9941187098542761
0.9762629435466401,0.9945361319302968,0.9756509683289285,0.9944239886859927
0.9762737749664226,0.9945672828314923,0.9758405181751224,0.9944364490464709
0.9762773854396835,0.9945672828314923,0.9834098753664631,0.9961061373505535
0.9762791906763139,0.9945672828314923,0.9836337247086349,0.9961061373505535
0.9838485478676545,0.996236971135575,0.9836337247086349,0.9961123675307927
0.9914630359747556,0.9978256670965491,0.9836355299452653,0.9961185977110317
0.9914630359747556,0.9978630481779838,0.9836427508917869,0.9961185977110317
0.9914630359747556,0.9978630481779838,0.9836427508917869,0.9961185977110317
0.991473867394538,0.9978692783582229,0.9836445561284173,0.9961248278912709
0.9914756726311685,0.9978692783582229,0.9836463613650477,0.9961248278912709
0.995239591005589,0.9988038053940901,0.9876630128677267,0.9969659022235513
0.9992111115925075,0.9995825779239793,0.9914106841124735,0.9979502707013314
0.9992129168291379,0.9995825779239793,0.991421515532256,0.997981421602527
0.9992129168291379,0.9995888081042185,0.9916020391952978,0.9980063423234834
0.9992165273023988,0.9995950382844576,0.9992165273023988,0.9995950382844576
0.9992472163251159,0.999619959005414,0.9992472163251159,0.999619959005414
1.0,1.0,1.0,1.0
