threshold,tn,fp,fn,tp,accuracy,precision,recall,f1,macro_f1,fpr,fnr,mcc,roc_auc,pr_auc,log_loss,brier_score,model,constraint_target,max_fpr_budget,selected_threshold
0.75,553944,0,160509,0,0.7753400153684007,0.0,0.0,0.0,0.4367276176149896,0.0,1.0,0.0,0.5,0.6123299923157997,1.1374196456527914,0.44939656407749995,Full ARGUS Fused (Harmonized 4-Feat),FPR <= 0.1%,0.001,0.75
0.75,553944,0,160509,0,0.7753400153684007,0.0,0.0,0.0,0.4367276176149896,0.0,1.0,0.0,0.5,0.6123299923157997,1.1374196456527914,0.44939656407749995,Full ARGUS Fused (Harmonized 4-Feat),FPR <= 0.5%,0.005,0.75
0.75,553944,0,160509,0,0.7753400153684007,0.0,0.0,0.0,0.4367276176149896,0.0,1.0,0.0,0.5,0.6123299923157997,1.1374196456527914,0.44939656407749995,Full ARGUS Fused (Harmonized 4-Feat),FPR <= 1.0%,0.01,0.75
0.75,553944,0,160509,0,0.7753400153684007,0.0,0.0,0.0,0.4367276176149896,0.0,1.0,0.0,0.5,0.6123299923157997,1.1374196456527914,0.44939656407749995,Full ARGUS Fused (Harmonized 4-Feat),FPR <= 5.0%,0.05,0.75
0.75,553944,0,160509,0,0.7753400153684007,0.0,0.0,0.0,0.4367276176149896,0.0,1.0,0.0,0.5,0.6123299923157997,1.1374196456527914,0.44939656407749995,Full ARGUS Fused (Harmonized 4-Feat),FPR <= 10.0%,0.1,0.75
0.01,0,553944,0,160509,0.22465998463159928,0.22465998463159928,1.0,0.36689364795271107,0.18344682397635553,1.0,0.0,0.0,0.5,0.6123299923157997,1.1374196456527914,0.44939656407749995,Full ARGUS Fused (Harmonized 4-Feat),Unconstrained (argmax),1.0,0.01
0.968,553944,0,160509,0,0.7753400153684007,0.0,0.0,0.0,0.4367276176149896,0.0,1.0,0.0,0.5,0.6123299923157997,2.668571986097724,0.7262772879481788,D2 CORAL Transfer (Harmonized 4-Feat),FPR <= 0.1%,0.001,0.968
0.968,553944,0,160509,0,0.7753400153684007,0.0,0.0,0.0,0.4367276176149896,0.0,1.0,0.0,0.5,0.6123299923157997,2.668571986097724,0.7262772879481788,D2 CORAL Transfer (Harmonized 4-Feat),FPR <= 0.5%,0.005,0.968
0.968,553944,0,160509,0,0.7753400153684007,0.0,0.0,0.0,0.4367276176149896,0.0,1.0,0.0,0.5,0.6123299923157997,2.668571986097724,0.7262772879481788,D2 CORAL Transfer (Harmonized 4-Feat),FPR <= 1.0%,0.01,0.968
0.968,553944,0,160509,0,0.7753400153684007,0.0,0.0,0.0,0.4367276176149896,0.0,1.0,0.0,0.5,0.6123299923157997,2.668571986097724,0.7262772879481788,D2 CORAL Transfer (Harmonized 4-Feat),FPR <= 5.0%,0.05,0.968
0.968,553944,0,160509,0,0.7753400153684007,0.0,0.0,0.0,0.4367276176149896,0.0,1.0,0.0,0.5,0.6123299923157997,2.668571986097724,0.7262772879481788,D2 CORAL Transfer (Harmonized 4-Feat),FPR <= 10.0%,0.1,0.968
0.01,0,553944,0,160509,0.22465998463159928,0.22465998463159928,1.0,0.36689364795271107,0.18344682397635553,1.0,0.0,0.0,0.5,0.6123299923157997,2.668571986097724,0.7262772879481788,D2 CORAL Transfer (Harmonized 4-Feat),Unconstrained (argmax),1.0,0.01
0.999,18388,535556,1240,159269,0.24866156346183724,0.22922174648292737,0.9922745765034983,0.3724135834656403,0.21826553937043147,0.9668053088398827,0.007725423496501754,0.065031435502283,0.5392534959656152,0.5667957338694977,8.243035503785991,0.7559763225471585,D1 Baseline Transfer (Harmonized 4-Feat),FPR <= 0.1%,0.001,0.999
0.999,18388,535556,1240,159269,0.24866156346183724,0.22922174648292737,0.9922745765034983,0.3724135834656403,0.21826553937043147,0.9668053088398827,0.007725423496501754,0.065031435502283,0.5392534959656152,0.5667957338694977,8.243035503785991,0.7559763225471585,D1 Baseline Transfer (Harmonized 4-Feat),FPR <= 0.5%,0.005,0.999
0.999,18388,535556,1240,159269,0.24866156346183724,0.22922174648292737,0.9922745765034983,0.3724135834656403,0.21826553937043147,0.9668053088398827,0.007725423496501754,0.065031435502283,0.5392534959656152,0.5667957338694977,8.243035503785991,0.7559763225471585,D1 Baseline Transfer (Harmonized 4-Feat),FPR <= 1.0%,0.01,0.999
0.999,18388,535556,1240,159269,0.24866156346183724,0.22922174648292737,0.9922745765034983,0.3724135834656403,0.21826553937043147,0.9668053088398827,0.007725423496501754,0.065031435502283,0.5392534959656152,0.5667957338694977,8.243035503785991,0.7559763225471585,D1 Baseline Transfer (Harmonized 4-Feat),FPR <= 5.0%,0.05,0.999
0.999,18388,535556,1240,159269,0.24866156346183724,0.22922174648292737,0.9922745765034983,0.3724135834656403,0.21826553937043147,0.9668053088398827,0.007725423496501754,0.065031435502283,0.5392534959656152,0.5667957338694977,8.243035503785991,0.7559763225471585,D1 Baseline Transfer (Harmonized 4-Feat),FPR <= 10.0%,0.1,0.999
0.62,18387,535557,1240,159269,0.24866016378964045,0.2292214165848716,0.9922745765034983,0.3724131480647933,0.21826363409993843,0.9668071140765131,0.007725423496501754,0.0650284358878135,0.5392534959656152,0.5667957338694977,8.243035503785991,0.7559763225471585,D1 Baseline Transfer (Harmonized 4-Feat),Unconstrained (argmax),1.0,0.62
0.742,553387,557,146878,13631,0.7936393296689915,0.9607414716661968,0.08492358683936727,0.15605305185549836,0.5192504367751438,0.0010055168031425559,0.9150764131606327,0.25104195774066296,0.6743276116430257,0.40649013288721497,0.6004091769742634,0.21776589238234992,Native SCADA LightGBM (Native 73-Feat),FPR <= 0.1%,0.001,0.742
0.606,551173,2771,145170,15339,0.7929310955374251,0.846990612921038,0.09556473468777452,0.17175104552147308,0.52671270654334,0.005002310702886935,0.9044352653122255,0.2404694067119244,0.6743276116430257,0.40649013288721497,0.6004091769742634,0.21776589238234992,Native SCADA LightGBM (Native 73-Feat),FPR <= 0.5%,0.005,0.606
0.599,550438,3506,144821,15688,0.7923908220694713,0.8173387516932374,0.09773906759122541,0.17459919979076588,0.527930946441941,0.006329159626243808,0.9022609324087746,0.2359499244335919,0.6743276116430257,0.40649013288721497,0.6004091769742634,0.21776589238234992,Native SCADA LightGBM (Native 73-Feat),FPR <= 1.0%,0.01,0.599
0.587,526734,27210,134429,26080,0.7737583857860489,0.48939763557890786,0.1624831006361014,0.2439674647683104,0.5554714828456372,0.049120488713660586,0.8375168993638986,0.18008408709576976,0.6743276116430257,0.40649013288721497,0.6004091769742634,0.21776589238234992,Native SCADA LightGBM (Native 73-Feat),FPR <= 5.0%,0.05,0.587
0.573,499842,54102,123715,36794,0.7511144889866793,0.4047922900897729,0.2292332517179722,0.2927069867345518,0.5708474003788199,0.0976669121788484,0.7707667482820278,0.16478472526808843,0.6743276116430257,0.40649013288721497,0.6004091769742634,0.21776589238234992,Native SCADA LightGBM (Native 73-Feat),FPR <= 10.0%,0.1,0.573
0.5,157396,396548,5578,154931,0.4371554182010573,0.28093726143697223,0.9652480546262203,0.43520677314786205,0.4371487181181244,0.7158629753188048,0.034751945373779666,0.24804440755259097,0.6743276116430257,0.40649013288721497,0.6004091769742634,0.21776589238234992,Native SCADA LightGBM (Native 73-Feat),Unconstrained (argmax),1.0,0.5
