threshold,tn,fp,fn,tp,accuracy,precision,recall,f1,macro_f1,fpr,fnr,mcc,roc_auc,pr_auc,log_loss,brier_score,experiment_id,model,seed,is_calibrated
0.5,157396,396548,5578,154931,0.4371554182010573,0.28093726143697223,0.9652480546262203,0.43520677314786205,0.4371487181181244,0.7158629753188048,0.034751945373779666,0.24804440755259097,0.6743276116430257,0.40649013288721497,0.6004091769742634,0.21776589238234992,D3_NATIVE_73FEAT_TH05,"Native SCADA LightGBM (73 Feat, θ=0.50)",42,False
0.39,153628,400316,4679,155830,0.43313975866851984,0.2801962074707001,0.9708489866611841,0.4348814980708988,0.43313437389522497,0.722665106942218,0.029151013338815892,0.24940877357708863,0.6743276116430257,0.40649013288721497,0.6004091769742634,0.21776589238234992,D3_NATIVE_73FEAT_CALIB,"Native SCADA LightGBM (73 Feat, Calib θ=0.39)",42,True
0.78,553511,433,147053,13456,0.7935679463869562,0.9688242494060048,0.08383330529752225,0.1543136962579846,0.5183744410020549,0.000781667460970784,0.9161666947024777,0.2510564769813809,0.6743276116430257,0.40649013288721497,0.6004091769742634,0.21776589238234992,D3_NATIVE_73FEAT_LOW_FPR,"Native SCADA LightGBM (73 Feat, Operational θ=0.78)",42,True
0.5,157942,396002,5804,154705,0.4376033133040242,0.2809207073816022,0.9638400338921805,0.4350436435625745,0.43759176841562797,0.7148773161185968,0.0361599661078195,0.24721299367517197,0.6743705978610999,0.40665749659327693,0.600426261736277,0.21774121392225712,D3_NATIVE_73FEAT_TH05,"Native SCADA LightGBM (73 Feat, θ=0.50)",123,False
0.41000000000000003,154006,399938,4751,155758,0.4335680583607319,0.2802935417926348,0.9704004136839679,0.4349536794632822,0.4335646521522775,0.7219827274959202,0.02959958631603212,0.24939058911556922,0.6743705978610999,0.40665749659327693,0.600426261736277,0.21774121392225712,D3_NATIVE_73FEAT_CALIB,"Native SCADA LightGBM (73 Feat, Calib θ=0.41)",123,True
0.78,553496,448,147096,13413,0.7934867653995434,0.9676790996320612,0.08356540754724034,0.15384527154900499,0.5181184244963886,0.0008087460104270468,0.9164345924527597,0.2504123360992912,0.6743705978610999,0.40665749659327693,0.600426261736277,0.21774121392225712,D3_NATIVE_73FEAT_LOW_FPR,"Native SCADA LightGBM (73 Feat, Operational θ=0.78)",123,True
0.5,157999,395945,5747,154762,0.4377628759344562,0.281024210696432,0.96419515416581,0.4352039324199681,0.4377513343215642,0.7147744176306631,0.03580484583418998,0.2476677934549062,0.674452775120958,0.40670546518111467,0.6004167414800169,0.21773956053715396,D3_NATIVE_73FEAT_TH05,"Native SCADA LightGBM (73 Feat, θ=0.50)",456,False
0.39,153957,399987,4744,155765,0.4335092721284675,0.2802778937367747,0.9704440249456416,0.4349392190835464,0.4335056443136442,0.7220711840908106,0.02955597505435832,0.2493769918023028,0.674452775120958,0.40670546518111467,0.6004167414800169,0.21773956053715396,D3_NATIVE_73FEAT_CALIB,"Native SCADA LightGBM (73 Feat, Calib θ=0.39)",456,True
0.78,553537,407,147087,13422,0.793556749009382,0.9705690939330393,0.08362147916939237,0.15397675779233444,0.5182055947027238,0.0007347313085799286,0.9163785208306077,0.2510902404229302,0.674452775120958,0.40670546518111467,0.6004167414800169,0.21773956053715396,D3_NATIVE_73FEAT_LOW_FPR,"Native SCADA LightGBM (73 Feat, Operational θ=0.78)",456,True
0.5,157803,396141,5729,154780,0.4375137342834308,0.2809477220871958,0.9643072974101141,0.4351236242497505,0.437503663838382,0.7151282440102249,0.035692702589885925,0.24754155791240914,0.674248421331167,0.40684175965584035,0.6003989384019439,0.21773944423867492,D3_NATIVE_73FEAT_TH05,"Native SCADA LightGBM (73 Feat, θ=0.50)",789,False
0.4,153901,400043,4725,155784,0.43345748425718694,0.2802742579975424,0.9705623983701849,0.4349467289093386,0.4334535488576051,0.722172277342114,0.029437601629815152,0.24943646253010576,0.674248421331167,0.40684175965584035,0.6003989384019439,0.21773944423867492,D3_NATIVE_73FEAT_CALIB,"Native SCADA LightGBM (73 Feat, Calib θ=0.40)",789,True
0.78,553484,460,147038,13471,0.7935511503205949,0.9669801162874165,0.08392675800110898,0.15444852098142628,0.5184351023947584,0.0008304088499920569,0.9160732419988911,0.2508202138022066,0.674248421331167,0.40684175965584035,0.6003989384019439,0.21773944423867492,D3_NATIVE_73FEAT_LOW_FPR,"Native SCADA LightGBM (73 Feat, Operational θ=0.78)",789,True
0.5,158145,395799,5800,154709,0.4378930454487559,0.2810295218234794,0.9638649546131369,0.4351766554104895,0.4378800441126559,0.7145108530826221,0.03613504538686304,0.24749602986219307,0.6746540991174954,0.40657625367153005,0.6003255286068746,0.21771354082525232,D3_NATIVE_73FEAT_TH05,"Native SCADA LightGBM (73 Feat, θ=0.50)",1011,False
0.4,153880,400064,4699,155810,0.43346448261817083,0.2802973335683986,0.9707243830564019,0.4349907800715539,0.4334603483599293,0.7222101873113528,0.02927561694359818,0.24958748773284908,0.6746540991174954,0.40657625367153005,0.6003255286068746,0.21771354082525232,D3_NATIVE_73FEAT_CALIB,"Native SCADA LightGBM (73 Feat, Calib θ=0.40)",1011,True
0.78,553525,419,147069,13440,0.7935651470425626,0.9697669384515477,0.08373362241369643,0.1541567260047715,0.5182965644438726,0.0007563941481449389,0.9162663775863036,0.25109750384382473,0.6746540991174954,0.40657625367153005,0.6003255286068746,0.21771354082525232,D3_NATIVE_73FEAT_LOW_FPR,"Native SCADA LightGBM (73 Feat, Operational θ=0.78)",1011,True
