threshold,precision,recall,f1,mcc,fpr,fnr
0.01,0.24628796141261772,0.9988910279174377,0.3951477450988849,0.16597160455245105,0.8857555998440275,0.0011089720825623486
0.02,0.24695475615711562,0.9987290432312207,0.3959927671200391,0.16838983368176175,0.8824393801539506,0.0012709567687793208
0.03,0.24721717953028674,0.9985982094461993,0.3963197677725001,0.1692704555036088,0.8810800369712461,0.0014017905538007214
0.04,0.24737479837309276,0.9984673756611778,0.39651196738103134,0.16974951113767844,0.880218939098537,0.001532624338822122
0.05,0.2689984668836581,0.9772660723074719,0.4218736342426056,0.2238597694956811,0.7695109975015525,0.022733927692528143
0.060000000000000005,0.27381729486909523,0.9721760150521155,0.4272873770004751,0.23384455448194155,0.7470737114220932,0.02782398494788454
0.06999999999999999,0.27423747228810175,0.971820894778486,0.4277644013228979,0.23474359836296899,0.7452251491125457,0.02817910522151406
0.08,0.27444223672006857,0.9715343064874867,0.4279856624528623,0.23511312265475373,0.7442394899123377,0.028465693512513317
0.09,0.2759255779655188,0.9697836258402955,0.4296156866208602,0.23795850133544813,0.7373940326097945,0.03021637415970444
0.09999999999999999,0.2760361044389017,0.9694222753864269,0.42971415631166227,0.2380343995950813,0.7367116531634966,0.03057772461357307
0.11,0.27612198633432095,0.9690546947523192,0.4297820722888903,0.23804310273867715,0.7361159250754589,0.030945305247680816
0.12,0.27619687087010275,0.9687307253798852,0.42984089335251846,0.23804894069309185,0.7355942116892682,0.03126927462011476
0.13,0.27623915643700203,0.9683506843852993,0.42985466764384583,0.23793830750864794,0.7351501234781855,0.03164931561470073
0.14,0.2763032711817689,0.9680142546523871,0.4298991206954751,0.23790970866504546,0.7346590991147119,0.03198574534761291
0.15000000000000002,0.27636256872898096,0.967627983477562,0.4299327749934602,0.23784024928337785,0.7341482171483038,0.03237201652243799
0.16,0.2764117767509771,0.9671544897793893,0.42994554951781133,0.2376950339481086,0.733608451395809,0.032845510220610684
0.17,0.27649045272696493,0.9666373848195429,0.4299895796381696,0.23760159047508111,0.7329278771861416,0.03336261518045717
0.18000000000000002,0.27662845910435196,0.9662012722028048,0.4301132526545108,0.23770818894905757,0.7320920526262582,0.03379872779719517
0.19,0.27666622640903266,0.9657402388651104,0.43011319571523904,0.23754249586733278,0.7316046387360455,0.034259761134889634
0.2,0.2766801805902925,0.9655907145393716,0.43011522578926337,0.23749328916576024,0.7314403622026775,0.034409285460628374
0.21000000000000002,0.27669044864378456,0.9654972618357849,0.43011836019300664,0.2374665554323027,0.7313320480048525,0.03450273816421509
0.22,0.2766902310067193,0.96539134877172,0.43010758657443904,0.23740572756966963,0.7312526175931141,0.03460865122828003
0.23,0.27788499576673803,0.9365393840843815,0.42859851481831546,0.22518449267416557,0.7051813901766244,0.06346061591561844
0.24000000000000002,0.277904383017687,0.9322156389984362,0.4281671359567795,0.22311402570574737,0.7018579495400257,0.06778436100156378
0.25,0.2779202152167774,0.9319726619691108,0.42816029034413966,0.22303662214250836,0.7016196583048105,0.06802733803088923
0.26,0.8496945292974174,0.07625117594652013,0.13994385780359378,0.2148188541223305,0.00390833730485392,0.9237488240534799
0.27,0.995299442896936,0.07123588085403311,0.13295580736873316,0.23604654199355737,9.748277804254582e-05,0.9287641191459669
0.28,0.9953860886219205,0.07123588085403311,0.13295658038559036,0.23606263864564145,9.56775414121283e-05,0.9287641191459669
0.29000000000000004,0.9953860886219205,0.07123588085403311,0.13295658038559036,0.23606263864564145,9.56775414121283e-05,0.9287641191459669
0.3,0.9953860886219205,0.07123588085403311,0.13295658038559036,0.23606263864564145,9.56775414121283e-05,0.9287641191459669
0.31,0.9973803702410059,0.07116111869116373,0.13284407511005403,0.2363067386484612,5.415709891252545e-05,0.9288388813088363
0.32,0.9974674700899485,0.07116111869116373,0.1328448476389858,0.2363228880401942,5.235186228210794e-05,0.9288388813088363
0.33,0.9975545851528385,0.07116111869116373,0.13284562017690263,0.23633903928470318,5.054662565169042e-05,0.9288388813088363
0.34,0.9975545851528385,0.07116111869116373,0.13284562017690263,0.23633903928470318,5.054662565169042e-05,0.9288388813088363
0.35000000000000003,0.9975545851528385,0.07116111869116373,0.13284562017690263,0.23633903928470318,5.054662565169042e-05,0.9288388813088363
0.36000000000000004,0.9976417154336623,0.07116111869116373,0.13284639272380466,0.2363551923823824,4.874138902127291e-05,0.9288388813088363
0.37,0.9977288609364081,0.07116111869116373,0.132847165279692,0.23637134733362608,4.693615239085539e-05,0.9288388813088363
0.38,0.9978160216650651,0.07116111869116373,0.1328479378445649,0.23638750413882875,4.5130915760437875e-05,0.9288388813088363
0.39,0.9978160216650651,0.07116111869116373,0.1328479378445649,0.23638750413882875,4.5130915760437875e-05,0.9288388813088363
0.4,0.9978160216650651,0.07116111869116373,0.1328479378445649,0.23638750413882875,4.5130915760437875e-05,0.9288388813088363
0.41000000000000003,0.9978160216650651,0.07116111869116373,0.1328479378445649,0.23638750413882875,4.5130915760437875e-05,0.9288388813088363
0.42000000000000004,0.9978160216650651,0.07116111869116373,0.1328479378445649,0.23638750413882875,4.5130915760437875e-05,0.9288388813088363
0.43,0.9978160216650651,0.07116111869116373,0.1328479378445649,0.23638750413882875,4.5130915760437875e-05,0.9288388813088363
0.44,0.997903197623624,0.07116111869116373,0.13284871041842342,0.23640366279838482,4.3325679130020364e-05,0.9288388813088363
0.45,0.997903197623624,0.07116111869116373,0.13284871041842342,0.23640366279838482,4.3325679130020364e-05,0.9288388813088363
0.46,0.997903197623624,0.07116111869116373,0.13284871041842342,0.23640366279838482,4.3325679130020364e-05,0.9288388813088363
0.47000000000000003,0.997903197623624,0.07116111869116373,0.13284871041842342,0.23640366279838482,4.3325679130020364e-05,0.9288388813088363
0.48000000000000004,0.997903197623624,0.07116111869116373,0.13284871041842342,0.23640366279838482,4.3325679130020364e-05,0.9288388813088363
0.49,0.997903197623624,0.07116111869116373,0.13284871041842342,0.23640366279838482,4.3325679130020364e-05,0.9288388813088363
0.5,0.997903197623624,0.07116111869116373,0.13284871041842342,0.23640366279838482,4.3325679130020364e-05,0.9288388813088363
0.51,0.997903197623624,0.07116111869116373,0.13284871041842342,0.23640366279838482,4.3325679130020364e-05,0.9288388813088363
0.52,0.997903197623624,0.07116111869116373,0.13284871041842342,0.23640366279838482,4.3325679130020364e-05,0.9288388813088363
0.53,0.997903197623624,0.07116111869116373,0.13284871041842342,0.23640366279838482,4.3325679130020364e-05,0.9288388813088363
0.54,0.997903197623624,0.07116111869116373,0.13284871041842342,0.23640366279838482,4.3325679130020364e-05,0.9288388813088363
0.55,0.997903197623624,0.07116111869116373,0.13284871041842342,0.23640366279838482,4.3325679130020364e-05,0.9288388813088363
0.56,0.997903197623624,0.07116111869116373,0.13284871041842342,0.23640366279838482,4.3325679130020364e-05,0.9288388813088363
0.5700000000000001,0.997903197623624,0.07116111869116373,0.13284871041842342,0.23640366279838482,4.3325679130020364e-05,0.9288388813088363
0.5800000000000001,0.997903197623624,0.07116111869116373,0.13284871041842342,0.23640366279838482,4.3325679130020364e-05,0.9288388813088363
0.59,0.997903197623624,0.07116111869116373,0.13284871041842342,0.23640366279838482,4.3325679130020364e-05,0.9288388813088363
0.6,0.997903197623624,0.07116111869116373,0.13284871041842342,0.23640366279838482,4.3325679130020364e-05,0.9288388813088363
0.61,0.997903197623624,0.07116111869116373,0.13284871041842342,0.23640366279838482,4.3325679130020364e-05,0.9288388813088363
0.62,0.997903197623624,0.07116111869116373,0.13284871041842342,0.23640366279838482,4.3325679130020364e-05,0.9288388813088363
0.63,0.997903197623624,0.07116111869116373,0.13284871041842342,0.23640366279838482,4.3325679130020364e-05,0.9288388813088363
0.64,0.997903197623624,0.07116111869116373,0.13284871041842342,0.23640366279838482,4.3325679130020364e-05,0.9288388813088363
0.65,0.997903197623624,0.07116111869116373,0.13284871041842342,0.23640366279838482,4.3325679130020364e-05,0.9288388813088363
0.66,0.997903197623624,0.07116111869116373,0.13284871041842342,0.23640366279838482,4.3325679130020364e-05,0.9288388813088363
0.67,0.997903197623624,0.07116111869116373,0.13284871041842342,0.23640366279838482,4.3325679130020364e-05,0.9288388813088363
0.68,0.997903197623624,0.07116111869116373,0.13284871041842342,0.23640366279838482,4.3325679130020364e-05,0.9288388813088363
0.6900000000000001,0.9979903888160769,0.07116111869116373,0.13284948300126778,0.23641982331268901,4.1520442499602846e-05,0.9288388813088363
0.7000000000000001,0.9980775952464174,0.07116111869116373,0.13285025559309813,0.2364359856821361,3.9715205869185335e-05,0.9288388813088363
0.7100000000000001,0.9980775952464174,0.07116111869116373,0.13285025559309813,0.2364359856821361,3.9715205869185335e-05,0.9288388813088363
0.72,0.9981648169186402,0.07116111869116373,0.1328510281939146,0.236452149907121,3.790996923876782e-05,0.9288388813088363
0.73,0.9981648169186402,0.07116111869116373,0.1328510281939146,0.236452149907121,3.790996923876782e-05,0.9288388813088363
0.74,0.9981648169186402,0.07116111869116373,0.1328510281939146,0.236452149907121,3.790996923876782e-05,0.9288388813088363
0.75,0.9981648169186402,0.07116111869116373,0.1328510281939146,0.236452149907121,3.790996923876782e-05,0.9288388813088363
0.76,0.9981648169186402,0.07116111869116373,0.1328510281939146,0.236452149907121,3.790996923876782e-05,0.9288388813088363
0.77,0.9981648169186402,0.07116111869116373,0.1328510281939146,0.236452149907121,3.790996923876782e-05,0.9288388813088363
0.78,0.9982520538367419,0.07116111869116373,0.13285180080371733,0.23646831598803872,3.6104732608350306e-05,0.9288388813088363
0.79,0.9983393060047199,0.07116111869116373,0.13285257342250653,0.23648448392528434,3.429949597793279e-05,0.9288388813088363
0.8,0.9984265734265734,0.07116111869116373,0.13285334605028234,0.2365006537192532,3.249425934751527e-05,0.9288388813088363
0.81,0.9984265734265734,0.07116111869116373,0.13285334605028234,0.2365006537192532,3.249425934751527e-05,0.9288388813088363
0.8200000000000001,0.9984265734265734,0.07116111869116373,0.13285334605028234,0.2365006537192532,3.249425934751527e-05,0.9288388813088363
0.8300000000000001,0.9986011540479105,0.07116111869116373,0.1328548913327944,0.23653299887894216,2.8883786086680244e-05,0.9288388813088363
0.8400000000000001,0.9986011540479105,0.07116111869116373,0.1328548913327944,0.23653299887894216,2.8883786086680244e-05,0.9288388813088363
0.85,0.9986011540479105,0.07116111869116373,0.1328548913327944,0.23653299887894216,2.8883786086680244e-05,0.9288388813088363
0.86,0.9986011540479105,0.07116111869116373,0.1328548913327944,0.23653299887894216,2.8883786086680244e-05,0.9288388813088363
0.87,0.9986011540479105,0.07116111869116373,0.1328548913327944,0.23653299887894216,2.8883786086680244e-05,0.9288388813088363
0.88,0.9986011540479105,0.07116111869116373,0.1328548913327944,0.23653299887894216,2.8883786086680244e-05,0.9288388813088363
0.89,0.9986011540479105,0.07116111869116373,0.1328548913327944,0.23653299887894216,2.8883786086680244e-05,0.9288388813088363
0.9,0.9986011540479105,0.07116111869116373,0.1328548913327944,0.23653299887894216,2.8883786086680244e-05,0.9288388813088363
0.91,0.9986010317390924,0.07115488851092462,0.13284403242878579,0.23652245326599794,2.8883786086680244e-05,0.9288451114890753
0.92,0.9986010317390924,0.07115488851092462,0.13284403242878579,0.23652245326599794,2.8883786086680244e-05,0.9288451114890753
0.93,0.9986010317390924,0.07115488851092462,0.13284403242878579,0.23652245326599794,2.8883786086680244e-05,0.9288451114890753
0.9400000000000001,0.9986010317390924,0.07115488851092462,0.13284403242878579,0.23652245326599794,2.8883786086680244e-05,0.9288451114890753
0.9500000000000001,0.9986010317390924,0.07115488851092462,0.13284403242878579,0.23652245326599794,2.8883786086680244e-05,0.9288451114890753
0.9600000000000001,0.9986010317390924,0.07115488851092462,0.13284403242878579,0.23652245326599794,2.8883786086680244e-05,0.9288451114890753
0.97,0.9987754745036298,0.0711424281504464,0.1328238592083377,0.23653371756638467,2.527331282584521e-05,0.9288575718495536
0.98,0.9987753673897831,0.07113619797020727,0.1328129998080737,0.23652317205157,2.527331282584521e-05,0.9288638020297927
0.99,0.9987738658258889,0.07104897544685967,0.1326609549401781,0.2363754885971947,2.527331282584521e-05,0.9289510245531403
