Method,Target_Adaptation,Target_Calibration,Accuracy,Precision,Recall,F1_Score,FPR,MCC,ROC_AUC
Majority Class Dummy,None,None,0.7753 ± 0.0000,0.0000 ± 0.0000,0.0000 ± 0.0000,0.0000 ± 0.0000,0.0000 ± 0.0000,0.0000 ± 0.0000,0.5000 ± 0.0000
Prior Matching Dummy,None,None,0.6517 ± 0.0005,0.2252 ± 0.0009,0.2255 ± 0.0009,0.2253 ± 0.0009,0.2248 ± 0.0005,0.0007 ± 0.0011,0.4998 ± 0.0013
Uniform Random Dummy,None,None,0.5003 ± 0.0004,0.2249 ± 0.0003,0.5005 ± 0.0007,0.3103 ± 0.0004,0.4998 ± 0.0005,0.0006 ± 0.0007,0.5008 ± 0.0005
LightGBM D1 Source Calibrated,None,D3 Calib Set,0.2487 ± 0.0000,0.2292 ± 0.0000,0.9923 ± 0.0000,0.3724 ± 0.0000,0.9668 ± 0.0000,0.0650 ± 0.0000,0.5442 ± 0.0108
LightGBM D1 Source Baseline,None,None (θ=0.50),0.2368 ± 0.0000,0.2270 ± 0.0000,0.9962 ± 0.0000,0.3697 ± 0.0000,0.9832 ± 0.0000,0.0463 ± 0.0000,0.5442 ± 0.0108
LightGBM D2 Source Calibrated,None,D3 Calib Set,0.2344 ± 0.0007,0.2251 ± 0.0001,0.9860 ± 0.0001,0.3666 ± 0.0002,0.9833 ± 0.0009,0.0087 ± 0.0025,0.4381 ± 0.0021
LightGBM D2 Source Baseline,None,None (θ=0.50),0.7665 ± 0.0007,0.3818 ± 0.0065,0.0635 ± 0.0004,0.1089 ± 0.0003,0.0298 ± 0.0010,0.0742 ± 0.0021,0.4381 ± 0.0021
D1 Baseline (Calibrated),None,D3 Calib Set,0.2487 ± 0.0000,0.2292 ± 0.0000,0.9923 ± 0.0000,0.3724 ± 0.0000,0.9668 ± 0.0000,0.0650 ± 0.0000,0.5442 ± 0.0108
D1 + CORAL (Calibrated),CORAL,D3 Calib Set,0.2247 ± 0.0000,0.2247 ± 0.0000,1.0000 ± 0.0000,0.3669 ± 0.0000,1.0000 ± 0.0000,0.0000 ± 0.0000,0.4967 ± 0.0045
D1 + DANN (Adversarial NN),DANN,D3 Calib Set,0.2487 ± 0.0000,0.2292 ± 0.0000,0.9923 ± 0.0000,0.3724 ± 0.0000,0.9668 ± 0.0000,0.0652 ± 0.0000,0.5644 ± 0.0000
D2 Baseline (Calibrated),None,D3 Calib Set,0.7605 ± 0.0067,0.3681 ± 0.0258,0.0867 ± 0.0210,0.1387 ± 0.0264,0.0443 ± 0.0148,0.0793 ± 0.0003,0.4381 ± 0.0021
D2 + CORAL (Calibrated),CORAL,D3 Calib Set,0.2247 ± 0.0000,0.2247 ± 0.0000,1.0000 ± 0.0000,0.3669 ± 0.0000,1.0000 ± 0.0000,0.0000 ± 0.0000,0.5000 ± 0.0000
D2 + DANN (Adversarial NN),DANN,D3 Calib Set,0.6360 ± 0.0000,0.1420 ± 0.0000,0.1230 ± 0.0000,0.1318 ± 0.0000,0.2153 ± 0.0000,-0.0974 ± 0.0000,0.4706 ± 0.0000
Full ARGUS Fused (D1+D2 CORAL+Prior+Calib),CORAL,D3 Calib Set,0.2247 ± 0.0000,0.2247 ± 0.0000,1.0000 ± 0.0000,0.3669 ± 0.0000,1.0000 ± 0.0000,0.0000 ± 0.0000,0.4967 ± 0.0045
