condition,threshold,fpr,tpr
A2_FEATURE_MASKING,inf,0.0,0.0
A2_FEATURE_MASKING,0.9727379679679871,1.4441893043340122e-05,0.0
A2_FEATURE_MASKING,0.9726051092147827,2.3468076195427697e-05,0.0
A2_FEATURE_MASKING,0.9725204110145569,2.527331282584521e-05,0.0
A2_FEATURE_MASKING,0.9725186228752136,0.021547304420663462,0.026646480882691937
A2_FEATURE_MASKING,0.9725083708763123,0.021642981962075588,0.026652711062931052
A2_FEATURE_MASKING,0.9725029468536377,0.08940434412142743,0.03882025306992131
A2_FEATURE_MASKING,0.9724976420402527,0.08940434412142743,0.03882648325016043
A2_FEATURE_MASKING,0.9724816083908081,0.1034075646635761,0.041368396787719065
A2_FEATURE_MASKING,0.9724764227867126,0.10368015539476914,0.04141823822963198
A2_FEATURE_MASKING,0.9724665284156799,0.10379208006585504,0.04144315895058844
A2_FEATURE_MASKING,0.9724571704864502,0.10379569053911587,0.04144315895058844
A2_FEATURE_MASKING,0.9724438786506653,0.1041802059413948,0.04145561931106667
A2_FEATURE_MASKING,0.972439706325531,0.10421992114726399,0.04145561931106667
A2_FEATURE_MASKING,0.972416341304779,0.10422353162052482,0.04145561931106667
A2_FEATURE_MASKING,0.9723940491676331,0.7721105382493537,0.8603816608414482
A2_FEATURE_MASKING,0.9720162153244019,0.7721123434859841,0.8603816608414482
A2_FEATURE_MASKING,0.9713788032531738,0.7721159539592449,0.8603816608414482
A2_FEATURE_MASKING,0.9709216952323914,0.7721177591958754,0.8603941212019264
A2_FEATURE_MASKING,0.9704769849777222,0.7721177591958754,0.8605436455276652
A2_FEATURE_MASKING,0.970476508140564,0.7721177591958754,0.8605561058881434
A2_FEATURE_MASKING,0.9704732894897461,0.7721177591958754,0.8606059473300562
A2_FEATURE_MASKING,0.970473051071167,0.7721177591958754,0.8606184076905344
A2_FEATURE_MASKING,0.9704719185829163,0.7721177591958754,0.8606370982312518
A2_FEATURE_MASKING,0.9704710245132446,0.7721177591958754,0.8606495585917301
A2_FEATURE_MASKING,0.9704707860946655,0.7721177591958754,0.8606620189522083
A2_FEATURE_MASKING,0.9704704880714417,0.7721177591958754,0.8606682491324474
A2_FEATURE_MASKING,0.9704700112342834,0.7721177591958754,0.8607056302138821
A2_FEATURE_MASKING,0.9704684615135193,0.7721177591958754,0.8607243207545995
A2_FEATURE_MASKING,0.9704678058624268,0.7721177591958754,0.8607367811150777
A2_FEATURE_MASKING,0.970467209815979,0.7721177591958754,0.8607492414755559
A2_FEATURE_MASKING,0.9704668521881104,0.7721177591958754,0.8607617018360341
A2_FEATURE_MASKING,0.970465898513794,0.7721177591958754,0.8607741621965124
A2_FEATURE_MASKING,0.9704657793045044,0.7721177591958754,0.8607866225569906
A2_FEATURE_MASKING,0.9704654216766357,0.7721177591958754,0.8608053130977079
A2_FEATURE_MASKING,0.9704635143280029,0.7721177591958754,0.8608426941791426
A2_FEATURE_MASKING,0.9704631567001343,0.7721177591958754,0.8608551545396208
A2_FEATURE_MASKING,0.9704627394676208,0.7721177591958754,0.8608676149000991
A2_FEATURE_MASKING,0.9704626202583313,0.7721177591958754,0.8608800752605773
A2_FEATURE_MASKING,0.9704604744911194,0.7721177591958754,0.860923686522251
A2_FEATURE_MASKING,0.9704595804214478,0.7721177591958754,0.8609361468827293
A2_FEATURE_MASKING,0.9704589247703552,0.7721177591958754,0.8609610676036857
A2_FEATURE_MASKING,0.9704574346542358,0.7721177591958754,0.8609984486851204
A2_FEATURE_MASKING,0.9704571962356567,0.7721177591958754,0.8610171392258378
A2_FEATURE_MASKING,0.9704560041427612,0.7721177591958754,0.8610358297665551
A2_FEATURE_MASKING,0.9704558849334717,0.7721177591958754,0.8610545203072725
A2_FEATURE_MASKING,0.9704551100730896,0.7721177591958754,0.8610732108479898
A2_FEATURE_MASKING,0.9704546332359314,0.7721177591958754,0.861085671208468
A2_FEATURE_MASKING,0.9704539775848389,0.7721177591958754,0.8610981315689463
A2_FEATURE_MASKING,0.9704538583755493,0.7721177591958754,0.8611105919294245
A2_FEATURE_MASKING,0.9704537391662598,0.7721177591958754,0.8611168221096637
A2_FEATURE_MASKING,0.9704535007476807,0.7721177591958754,0.8611292824701419
A2_FEATURE_MASKING,0.9704508185386658,0.7721177591958754,0.8611604333713374
A2_FEATURE_MASKING,0.9704484939575195,0.7721177591958754,0.8611853540922939
A2_FEATURE_MASKING,0.9704457521438599,0.7721177591958754,0.8612102748132503
A2_FEATURE_MASKING,0.9704336524009705,0.7721177591958754,0.8612227351737286
A2_FEATURE_MASKING,0.9701830148696899,0.7721177591958754,0.8613099576970762
A2_FEATURE_MASKING,0.9701762795448303,0.7721177591958754,0.8613224180575544
A2_FEATURE_MASKING,0.9701704382896423,0.7721177591958754,0.8613348784180326
A2_FEATURE_MASKING,0.9701687693595886,0.7721177591958754,0.8613784896797064
A2_FEATURE_MASKING,0.97016441822052,0.7721177591958754,0.8614034104006629
A2_FEATURE_MASKING,0.9701629281044006,0.7721177591958754,0.8614221009413803
A2_FEATURE_MASKING,0.970160722732544,0.7721177591958754,0.8614283311216193
A2_FEATURE_MASKING,0.9701597094535828,0.7721195644325058,0.8614283311216193
A2_FEATURE_MASKING,0.970159113407135,0.7721195644325058,0.8614345613018585
A2_FEATURE_MASKING,0.9701569080352783,0.7721195644325058,0.8615778554473581
A2_FEATURE_MASKING,0.9701566696166992,0.7721195644325058,0.8616090063485536
A2_FEATURE_MASKING,0.9701564311981201,0.7721195644325058,0.8616526176102275
A2_FEATURE_MASKING,0.9701539874076843,0.7721195644325058,0.8616650779707057
A2_FEATURE_MASKING,0.9701526165008545,0.7721195644325058,0.8616775383311839
A2_FEATURE_MASKING,0.9701518416404724,0.7721195644325058,0.8617772212150098
A2_FEATURE_MASKING,0.97014981508255,0.7721195644325058,0.861901824819792
A2_FEATURE_MASKING,0.9701493382453918,0.7721213696691362,0.861901824819792
A2_FEATURE_MASKING,0.9701491594314575,0.7721213696691362,0.8619142851802702
A2_FEATURE_MASKING,0.9701471328735352,0.7721231749057667,0.8619142851802702
A2_FEATURE_MASKING,0.9701453447341919,0.7721231749057667,0.8619329757209876
A2_FEATURE_MASKING,0.97014319896698,0.7721231749057667,0.8619765869826614
A2_FEATURE_MASKING,0.9701406359672546,0.772124980142397,0.8620762698664872
A2_FEATURE_MASKING,0.9701398015022278,0.772124980142397,0.8624313901401167
A2_FEATURE_MASKING,0.9701396226882935,0.772124980142397,0.862443850500595
A2_FEATURE_MASKING,0.9701390266418457,0.772124980142397,0.8624500806808341
A2_FEATURE_MASKING,0.9701387286186218,0.772124980142397,0.8625622239251381
A2_FEATURE_MASKING,0.9701378345489502,0.772124980142397,0.8626619068089639
A2_FEATURE_MASKING,0.970136821269989,0.772124980142397,0.8626681369892031
A2_FEATURE_MASKING,0.9701345562934875,0.7721285906156579,0.8626681369892031
A2_FEATURE_MASKING,0.9701343178749084,0.7721322010889188,0.8626681369892031
A2_FEATURE_MASKING,0.9701340794563293,0.7721322010889188,0.8626743671694422
A2_FEATURE_MASKING,0.9701337814331055,0.7721322010889188,0.8627117482508769
A2_FEATURE_MASKING,0.9701325297355652,0.7721322010889188,0.862774050053268
A2_FEATURE_MASKING,0.9701321721076965,0.7721322010889188,0.8627802802335072
A2_FEATURE_MASKING,0.9701316356658936,0.7721358115621796,0.8627802802335072
A2_FEATURE_MASKING,0.9701310992240906,0.7721394220354404,0.8627802802335072
A2_FEATURE_MASKING,0.970130980014801,0.7721394220354404,0.8627927405939854
A2_FEATURE_MASKING,0.970130205154419,0.7721412272720708,0.8627989707742245
A2_FEATURE_MASKING,0.9701287150382996,0.7721448377453317,0.8627989707742245
A2_FEATURE_MASKING,0.970127284526825,0.7721448377453317,0.8628114311347027
A2_FEATURE_MASKING,0.9701271653175354,0.7721466429819621,0.8628114311347027
A2_FEATURE_MASKING,0.9701232314109802,0.7721466429819621,0.8628301216754201
A2_FEATURE_MASKING,0.9701231122016907,0.7721466429819621,0.8631478608676149
A2_FEATURE_MASKING,0.9701228737831116,0.7721484482185925,0.8631478608676149
A2_FEATURE_MASKING,0.9701225757598877,0.7721484482185925,0.8632537739316798
A2_FEATURE_MASKING,0.9701220989227295,0.7721520586918533,0.8632537739316798
A2_FEATURE_MASKING,0.9701218605041504,0.7721574744017445,0.8632537739316798
A2_FEATURE_MASKING,0.970121443271637,0.772159279638375,0.8632537739316798
A2_FEATURE_MASKING,0.9701204299926758,0.7721628901116359,0.8632537739316798
A2_FEATURE_MASKING,0.9701203107833862,0.7721628901116359,0.8632849248328754
A2_FEATURE_MASKING,0.9701200723648071,0.7721646953482663,0.8632849248328754
A2_FEATURE_MASKING,0.9701199531555176,0.7721683058215271,0.8632849248328754
A2_FEATURE_MASKING,0.9701182842254639,0.7721683058215271,0.863316075734071
A2_FEATURE_MASKING,0.9701176285743713,0.7721719162947879,0.863316075734071
A2_FEATURE_MASKING,0.9701172709465027,0.7721719162947879,0.8633285360945492
A2_FEATURE_MASKING,0.9701158404350281,0.7721737215314184,0.8633285360945492
A2_FEATURE_MASKING,0.9701154828071594,0.7721737215314184,0.8633409964550275
A2_FEATURE_MASKING,0.9701152443885803,0.7721737215314184,0.8633534568155057
A2_FEATURE_MASKING,0.9701148271560669,0.7721773320046792,0.8633596869957448
A2_FEATURE_MASKING,0.9701141119003296,0.7721791372413096,0.8633596869957448
A2_FEATURE_MASKING,0.9701138138771057,0.7721791372413096,0.8633659171759839
A2_FEATURE_MASKING,0.9701136946678162,0.7721863581878312,0.8633659171759839
A2_FEATURE_MASKING,0.9701134562492371,0.7721863581878312,0.863372147356223
A2_FEATURE_MASKING,0.9701133370399475,0.7721863581878312,0.8633846077167012
A2_FEATURE_MASKING,0.9701131582260132,0.7721881634244617,0.8633846077167012
A2_FEATURE_MASKING,0.9701130390167236,0.7721917738977225,0.8633846077167012
A2_FEATURE_MASKING,0.9701125621795654,0.7721917738977225,0.8633908378969404
A2_FEATURE_MASKING,0.970112144947052,0.7721917738977225,0.8634095284376577
A2_FEATURE_MASKING,0.9701117873191833,0.7721917738977225,0.8634157586178968
A2_FEATURE_MASKING,0.9701112508773804,0.7721935791343529,0.8634157586178968
A2_FEATURE_MASKING,0.9701111316680908,0.7721953843709833,0.8634282189783751
A2_FEATURE_MASKING,0.9701104164123535,0.7721953843709833,0.8634469095190924
A2_FEATURE_MASKING,0.9701096415519714,0.7721953843709833,0.8634531396993315
A2_FEATURE_MASKING,0.9701095223426819,0.7721971896076137,0.8634531396993315
A2_FEATURE_MASKING,0.9701089859008789,0.7721971896076137,0.8634593698795706
A2_FEATURE_MASKING,0.9701083898544312,0.7721989948442441,0.8634593698795706
A2_FEATURE_MASKING,0.9701074957847595,0.7721989948442441,0.8634718302400488
A2_FEATURE_MASKING,0.9701071977615356,0.7722026053175051,0.8634718302400488
A2_FEATURE_MASKING,0.9701070785522461,0.7722026053175051,0.863478060420288
A2_FEATURE_MASKING,0.9701069593429565,0.7722026053175051,0.8634967509610053
A2_FEATURE_MASKING,0.9701067209243774,0.7722026053175051,0.8635715131238747
A2_FEATURE_MASKING,0.9701059460639954,0.7722026053175051,0.8635964338448311
A2_FEATURE_MASKING,0.9701058268547058,0.7722080210273963,0.8635964338448311
A2_FEATURE_MASKING,0.9701055884361267,0.7722116315006571,0.8636026640250702
A2_FEATURE_MASKING,0.9701055288314819,0.7722134367372875,0.8636462752867441
A2_FEATURE_MASKING,0.9701050519943237,0.7722134367372875,0.8636525054669831
A2_FEATURE_MASKING,0.9701049327850342,0.7722170472105484,0.8636525054669831
A2_FEATURE_MASKING,0.9701048135757446,0.7722188524471788,0.8636525054669831
A2_FEATURE_MASKING,0.970103919506073,0.7722188524471788,0.8636774261879396
A2_FEATURE_MASKING,0.97010338306427,0.7722224629204396,0.8636836563681787
A2_FEATURE_MASKING,0.9701031446456909,0.7722224629204396,0.8636898865484178
A2_FEATURE_MASKING,0.9701029062271118,0.77222426815707,0.863696116728657
A2_FEATURE_MASKING,0.9701027870178223,0.77222426815707,0.863702346908896
A2_FEATURE_MASKING,0.9701018929481506,0.7722260733937004,0.8637148072693743
A2_FEATURE_MASKING,0.9701015949249268,0.7722260733937004,0.8637210374496134
A2_FEATURE_MASKING,0.9701007604598999,0.7722296838669613,0.8637210374496134
A2_FEATURE_MASKING,0.9701005816459656,0.7722296838669613,0.8637272676298525
A2_FEATURE_MASKING,0.970100462436676,0.7722332943402221,0.8637272676298525
A2_FEATURE_MASKING,0.9701002240180969,0.7722387100501134,0.8637272676298525
A2_FEATURE_MASKING,0.9700998663902283,0.7722423205233742,0.8637272676298525
A2_FEATURE_MASKING,0.9700998067855835,0.7722441257600047,0.8637272676298525
A2_FEATURE_MASKING,0.970099687576294,0.7722441257600047,0.8637334978100917
A2_FEATURE_MASKING,0.9700993299484253,0.7722477362332655,0.8637334978100917
A2_FEATURE_MASKING,0.9700988531112671,0.7722531519431567,0.8637334978100917
A2_FEATURE_MASKING,0.9700984358787537,0.7722531519431567,0.8637459581705699
A2_FEATURE_MASKING,0.9700981974601746,0.7722639833629392,0.863752188350809
A2_FEATURE_MASKING,0.970098078250885,0.7722657885995696,0.863752188350809
A2_FEATURE_MASKING,0.9700978994369507,0.7722657885995696,0.8637584185310481
A2_FEATURE_MASKING,0.9700977802276611,0.7722675938362,0.8637584185310481
A2_FEATURE_MASKING,0.9700974225997925,0.7722766200193522,0.8637646487112872
A2_FEATURE_MASKING,0.9700973033905029,0.7722766200193522,0.8637771090717654
A2_FEATURE_MASKING,0.9700971841812134,0.772280230492613,0.8637833392520046
A2_FEATURE_MASKING,0.9700968861579895,0.772280230492613,0.8637895694322437
A2_FEATURE_MASKING,0.9700967669487,0.772280230492613,0.8638020297927219
A2_FEATURE_MASKING,0.9700961709022522,0.772280230492613,0.8638082599729611
A2_FEATURE_MASKING,0.9700959920883179,0.7722856462025042,0.8638144901532001
A2_FEATURE_MASKING,0.9700955152511597,0.7722856462025042,0.8638269505136784
A2_FEATURE_MASKING,0.9700953960418701,0.7722874514391347,0.8638269505136784
A2_FEATURE_MASKING,0.9700949788093567,0.7722910619123955,0.8638269505136784
A2_FEATURE_MASKING,0.9700943827629089,0.7722910619123955,0.8638394108741566
A2_FEATURE_MASKING,0.9700941443443298,0.7722928671490259,0.8638394108741566
A2_FEATURE_MASKING,0.9700937271118164,0.7723000880955475,0.8638394108741566
A2_FEATURE_MASKING,0.9700936079025269,0.7723000880955475,0.8638518712346348
A2_FEATURE_MASKING,0.9700933694839478,0.7723036985688084,0.8638518712346348
A2_FEATURE_MASKING,0.9700928330421448,0.7723036985688084,0.863864331595113
A2_FEATURE_MASKING,0.9700918197631836,0.7723073090420692,0.863864331595113
A2_FEATURE_MASKING,0.9700915813446045,0.7723073090420692,0.863920403217265
A2_FEATURE_MASKING,0.9700914621353149,0.7723091142786996,0.863920403217265
A2_FEATURE_MASKING,0.9700912237167358,0.7723091142786996,0.8639266333975042
A2_FEATURE_MASKING,0.970090925693512,0.77231091951533,0.8639266333975042
A2_FEATURE_MASKING,0.9700908064842224,0.7723199456984822,0.8639266333975042
A2_FEATURE_MASKING,0.9700905680656433,0.7723199456984822,0.8639390937579824
A2_FEATURE_MASKING,0.9700901508331299,0.7723199456984822,0.8639453239382215
A2_FEATURE_MASKING,0.9700894355773926,0.7723217509351126,0.8639453239382215
A2_FEATURE_MASKING,0.970089316368103,0.7723379980647863,0.8639453239382215
A2_FEATURE_MASKING,0.9700876474380493,0.7723379980647863,0.8639515541184607
A2_FEATURE_MASKING,0.9700875282287598,0.7723488294845688,0.8639515541184607
A2_FEATURE_MASKING,0.9700857400894165,0.7723524399578297,0.8639515541184607
A2_FEATURE_MASKING,0.9700843095779419,0.772357855667721,0.8639515541184607
A2_FEATURE_MASKING,0.9700841903686523,0.7723614661409818,0.8639515541184607
A2_FEATURE_MASKING,0.9700834155082703,0.7723614661409818,0.8639640144789389
A2_FEATURE_MASKING,0.9700822830200195,0.7723993761102206,0.8639640144789389
A2_FEATURE_MASKING,0.9700820446014404,0.7723993761102206,0.8639764748394171
A2_FEATURE_MASKING,0.9700818061828613,0.7724029865834814,0.8639827050196562
A2_FEATURE_MASKING,0.9700813889503479,0.7724138180032639,0.8639827050196562
A2_FEATURE_MASKING,0.9700784683227539,0.7724174284765247,0.8639827050196562
A2_FEATURE_MASKING,0.9700782299041748,0.7724210389497855,0.8639827050196562
A2_FEATURE_MASKING,0.9700770974159241,0.7724228441864159,0.8639827050196562
A2_FEATURE_MASKING,0.9700760841369629,0.7724408965527201,0.8639827050196562
A2_FEATURE_MASKING,0.970073401927948,0.7724408965527201,0.8640076257406126
A2_FEATURE_MASKING,0.9700713753700256,0.772444507025981,0.8640076257406126
A2_FEATURE_MASKING,0.9700711965560913,0.7724463122626114,0.8640076257406126
A2_FEATURE_MASKING,0.970069944858551,0.7724463122626114,0.8640200861010909
A2_FEATURE_MASKING,0.9700679183006287,0.7724463122626114,0.8640886180837212
A2_FEATURE_MASKING,0.9700654745101929,0.7724463122626114,0.8641073086244385
A2_FEATURE_MASKING,0.9700619578361511,0.7724463122626114,0.8641197689849167
A2_FEATURE_MASKING,0.9700605273246765,0.7724463122626114,0.8641384595256341
A2_FEATURE_MASKING,0.9700601696968079,0.7724463122626114,0.8641446897058732
A2_FEATURE_MASKING,0.9700589179992676,0.7724481174992418,0.8641446897058732
A2_FEATURE_MASKING,0.9700578451156616,0.7724481174992418,0.8641509198861123
A2_FEATURE_MASKING,0.9700573682785034,0.7724481174992418,0.8642568329501773
A2_FEATURE_MASKING,0.9700555801391602,0.7724481174992418,0.8643066743920902
A2_FEATURE_MASKING,0.9700554609298706,0.7724499227358722,0.8643066743920902
A2_FEATURE_MASKING,0.9700536727905273,0.772453533209133,0.8643066743920902
A2_FEATURE_MASKING,0.9700525403022766,0.772453533209133,0.8643689761944813
A2_FEATURE_MASKING,0.9700505137443542,0.772453533209133,0.8643938969154378
A2_FEATURE_MASKING,0.9700496196746826,0.772453533209133,0.8644001270956769
A2_FEATURE_MASKING,0.9700470566749573,0.772453533209133,0.864462428898068
A2_FEATURE_MASKING,0.9700468182563782,0.772453533209133,0.8663875545919544
A2_FEATURE_MASKING,0.9700446128845215,0.7724571436823939,0.8663875545919544
A2_FEATURE_MASKING,0.9700433611869812,0.7724571436823939,0.8664000149524326
A2_FEATURE_MASKING,0.9700422286987305,0.7724571436823939,0.8664872374757802
A2_FEATURE_MASKING,0.9700418710708618,0.7724589489190243,0.8664872374757802
A2_FEATURE_MASKING,0.9700416922569275,0.7724589489190243,0.8665183883769757
A2_FEATURE_MASKING,0.9700390696525574,0.7724589489190243,0.8665682298188887
A2_FEATURE_MASKING,0.9700369834899902,0.7724607541556547,0.8665682298188887
A2_FEATURE_MASKING,0.9700362682342529,0.7724607541556547,0.8665806901793669
A2_FEATURE_MASKING,0.9700354933738708,0.7724607541556547,0.866917119912279
A2_FEATURE_MASKING,0.9700347185134888,0.7724607541556547,0.8669295802727572
A2_FEATURE_MASKING,0.9700330495834351,0.7724625593922851,0.8669295802727572
A2_FEATURE_MASKING,0.9700324535369873,0.7724625593922851,0.8669856518949093
A2_FEATURE_MASKING,0.9700315594673157,0.7724625593922851,0.8671787874823219
A2_FEATURE_MASKING,0.9700303673744202,0.7724625593922851,0.867185017662561
A2_FEATURE_MASKING,0.9700281023979187,0.7724643646289155,0.867185017662561
A2_FEATURE_MASKING,0.9700242877006531,0.7724679751021764,0.867185017662561
A2_FEATURE_MASKING,0.9700222611427307,0.7724697803388069,0.867185017662561
A2_FEATURE_MASKING,0.9700204730033875,0.7724697803388069,0.8675027568547559
A2_FEATURE_MASKING,0.9700184464454651,0.7724697803388069,0.8675089870349949
A2_FEATURE_MASKING,0.9700161218643188,0.7724697803388069,0.8682628388439277
A2_FEATURE_MASKING,0.9700128436088562,0.7724697803388069,0.8684310537103839
A2_FEATURE_MASKING,0.9700113534927368,0.7724733908120677,0.8684310537103839
A2_FEATURE_MASKING,0.9700111746788025,0.7724733908120677,0.8684372838906229
A2_FEATURE_MASKING,0.9700087904930115,0.7724751960486981,0.8684372838906229
A2_FEATURE_MASKING,0.970008373260498,0.7724751960486981,0.8684622046115794
A2_FEATURE_MASKING,0.9700072407722473,0.7724751960486981,0.8684684347918186
A2_FEATURE_MASKING,0.9700064659118652,0.7724770012853285,0.8684684347918186
A2_FEATURE_MASKING,0.9700044393539429,0.7724806117585893,0.8684684347918186
A2_FEATURE_MASKING,0.970001757144928,0.7724806117585893,0.8684808951522968
A2_FEATURE_MASKING,0.9700013995170593,0.7724824169952197,0.8684808951522968
A2_FEATURE_MASKING,0.9700008630752563,0.7724824169952197,0.8685058158732533
A2_FEATURE_MASKING,0.969998836517334,0.7724860274684806,0.8685058158732533
A2_FEATURE_MASKING,0.9699987173080444,0.7724896379417414,0.8685120460534923
A2_FEATURE_MASKING,0.9699979424476624,0.7724896379417414,0.8685182762337315
A2_FEATURE_MASKING,0.9699974656105042,0.7724932484150022,0.8685182762337315
A2_FEATURE_MASKING,0.9699973464012146,0.7724950536516326,0.8685182762337315
A2_FEATURE_MASKING,0.9699968099594116,0.7724950536516326,0.8685369667744488
A2_FEATURE_MASKING,0.9699957966804504,0.7724986641248935,0.8685369667744488
A2_FEATURE_MASKING,0.9699949026107788,0.7724986641248935,0.868549427134927
A2_FEATURE_MASKING,0.9699934124946594,0.7725040798347848,0.868549427134927
A2_FEATURE_MASKING,0.9699915051460266,0.7725076903080456,0.868549427134927
A2_FEATURE_MASKING,0.9699904322624207,0.7725113007813064,0.868549427134927
A2_FEATURE_MASKING,0.9699894189834595,0.7725113007813064,0.8717704303185491
A2_FEATURE_MASKING,0.9699889421463013,0.7725131060179369,0.8717704303185491
A2_FEATURE_MASKING,0.9699884057044983,0.7725131060179369,0.8741129780884561
A2_FEATURE_MASKING,0.9699879288673401,0.7725185217278281,0.8741129780884561
A2_FEATURE_MASKING,0.9699870347976685,0.7725203269644585,0.8741129780884561
A2_FEATURE_MASKING,0.9699862599372864,0.7725329636208714,0.8741129780884561
A2_FEATURE_MASKING,0.9699850082397461,0.7725383793307626,0.8741129780884561
A2_FEATURE_MASKING,0.9699839949607849,0.7725419898040236,0.8741129780884561
A2_FEATURE_MASKING,0.969982922077179,0.7725419898040236,0.8745802416063897
A2_FEATURE_MASKING,0.9699825644493103,0.772543795040654,0.8745802416063897
A2_FEATURE_MASKING,0.9699823260307312,0.7725492107505452,0.8745802416063897
A2_FEATURE_MASKING,0.969980001449585,0.7725546264604365,0.8745802416063897
A2_FEATURE_MASKING,0.9699797630310059,0.7725546264604365,0.8749353618800192
A2_FEATURE_MASKING,0.9699787497520447,0.7725564316970669,0.8749353618800192
A2_FEATURE_MASKING,0.9699786305427551,0.7725564316970669,0.8749415920602583
A2_FEATURE_MASKING,0.969977855682373,0.7725582369336973,0.8749415920602583
A2_FEATURE_MASKING,0.9699772596359253,0.7725618474069581,0.8749415920602583
A2_FEATURE_MASKING,0.9699757099151611,0.7725654578802189,0.8749415920602583
A2_FEATURE_MASKING,0.9699746966362,0.7725654578802189,0.8752344105314966
A2_FEATURE_MASKING,0.9699745774269104,0.7725654578802189,0.8755521497236916
A2_FEATURE_MASKING,0.9699742794036865,0.7725672631168493,0.8755521497236916
A2_FEATURE_MASKING,0.9699732661247253,0.7725708735901102,0.8755521497236916
A2_FEATURE_MASKING,0.969971776008606,0.7725780945366318,0.8755521497236916
A2_FEATURE_MASKING,0.9699703454971313,0.7725780945366318,0.8756019911656044
A2_FEATURE_MASKING,0.9699680805206299,0.7725780945366318,0.8756082213458435
A2_FEATURE_MASKING,0.9699678421020508,0.7725817050098926,0.8756082213458435
A2_FEATURE_MASKING,0.9699675440788269,0.7725853154831536,0.8756082213458435
A2_FEATURE_MASKING,0.9699669480323792,0.772587120719784,0.8756082213458435
A2_FEATURE_MASKING,0.9699650406837463,0.7725943416663056,0.8756082213458435
A2_FEATURE_MASKING,0.9699647426605225,0.7726069783227185,0.8756082213458435
A2_FEATURE_MASKING,0.9699623584747314,0.7726123940326098,0.8756082213458435
A2_FEATURE_MASKING,0.969961941242218,0.7726160045058706,0.8756082213458435
A2_FEATURE_MASKING,0.9699617028236389,0.7726214202157619,0.8756082213458435
A2_FEATURE_MASKING,0.969959557056427,0.7726358621088052,0.8756082213458435
A2_FEATURE_MASKING,0.9699593186378479,0.7726358621088052,0.8756206817063218
A2_FEATURE_MASKING,0.9699591994285583,0.7726412778186965,0.8756206817063218
A2_FEATURE_MASKING,0.9699589014053345,0.7726448882919573,0.8756206817063218
A2_FEATURE_MASKING,0.969956636428833,0.7726575249483703,0.8756206817063218
A2_FEATURE_MASKING,0.9699559807777405,0.7726611354216311,0.8756206817063218
A2_FEATURE_MASKING,0.9699541926383972,0.7726629406582615,0.876997551539166
A2_FEATURE_MASKING,0.9699520468711853,0.7726629406582615,0.8770100118996442
A2_FEATURE_MASKING,0.9699504971504211,0.7726665511315223,0.8770100118996442
A2_FEATURE_MASKING,0.9699501395225525,0.7726882139710873,0.8770100118996442
A2_FEATURE_MASKING,0.9699490070343018,0.7726900192077177,0.8770100118996442
A2_FEATURE_MASKING,0.9699487090110779,0.7726900192077177,0.8874268732594434
A2_FEATURE_MASKING,0.9699482321739197,0.7726972401542395,0.8874268732594434
A2_FEATURE_MASKING,0.9699475765228271,0.7726990453908699,0.8874268732594434
A2_FEATURE_MASKING,0.9699464440345764,0.7727062663373915,0.8874268732594434
A2_FEATURE_MASKING,0.9699459671974182,0.7727080715740219,0.8874268732594434
A2_FEATURE_MASKING,0.9699451923370361,0.7727080715740219,0.8887476714701357
A2_FEATURE_MASKING,0.969944179058075,0.7727116820472828,0.8887476714701357
A2_FEATURE_MASKING,0.9699414968490601,0.7727134872839132,0.8887476714701357
A2_FEATURE_MASKING,0.9699398279190063,0.7727207082304348,0.8887476714701357
A2_FEATURE_MASKING,0.9699385762214661,0.7727207082304348,0.8899750169772411
A2_FEATURE_MASKING,0.9699384570121765,0.7727279291769565,0.8899750169772411
A2_FEATURE_MASKING,0.9699358940124512,0.7727279291769565,0.8911151399609991
A2_FEATURE_MASKING,0.9699357748031616,0.7727297344135869,0.8911151399609991
A2_FEATURE_MASKING,0.9699352383613586,0.7727351501234782,0.8911151399609991
A2_FEATURE_MASKING,0.9699269533157349,0.7727477867798911,0.8911151399609991
A2_FEATURE_MASKING,0.9699263572692871,0.7727893072223907,0.8911151399609991
A2_FEATURE_MASKING,0.969921350479126,0.7727893072223907,0.8911338305017165
A2_FEATURE_MASKING,0.9699206352233887,0.7727929176956515,0.8911338305017165
A2_FEATURE_MASKING,0.9699158072471619,0.7727929176956515,0.8911400606819555
A2_FEATURE_MASKING,0.9699116945266724,0.7727929176956515,0.891164981402912
A2_FEATURE_MASKING,0.9699113368988037,0.7727929176956515,0.891171211583151
A2_FEATURE_MASKING,0.9699012637138367,0.7727929176956515,0.8956818620762699
A2_FEATURE_MASKING,0.9698856472969055,0.7727929176956515,0.8957130129774654
A2_FEATURE_MASKING,0.9698702096939087,0.7727929176956515,0.8957379336984219
A2_FEATURE_MASKING,0.9698556065559387,0.7727965281689124,0.8957379336984219
A2_FEATURE_MASKING,0.969835102558136,0.7727965281689124,0.895744163878661
A2_FEATURE_MASKING,0.9698305130004883,0.7728001386421732,0.895744163878661
A2_FEATURE_MASKING,0.9698265790939331,0.772803749115434,0.895744163878661
A2_FEATURE_MASKING,0.9698136448860168,0.7728127752985862,0.895744163878661
A2_FEATURE_MASKING,0.9698125720024109,0.7728127752985862,0.8957877751403348
A2_FEATURE_MASKING,0.9698017835617065,0.7728326329015207,0.8957877751403348
A2_FEATURE_MASKING,0.9698013663291931,0.7728362433747815,0.8957877751403348
A2_FEATURE_MASKING,0.9697983264923096,0.7728398538480424,0.8957877751403348
A2_FEATURE_MASKING,0.9697979688644409,0.7728434643213032,0.8957877751403348
A2_FEATURE_MASKING,0.9697941541671753,0.7728524905044554,0.8957877751403348
A2_FEATURE_MASKING,0.9697939157485962,0.7728561009777162,0.8957877751403348
A2_FEATURE_MASKING,0.9697927236557007,0.7728615166876074,0.8957877751403348
A2_FEATURE_MASKING,0.9697920083999634,0.7728651271608682,0.8957877751403348
A2_FEATURE_MASKING,0.969789445400238,0.7728687376341291,0.8957877751403348
A2_FEATURE_MASKING,0.9697892069816589,0.7728723481073899,0.8957877751403348
A2_FEATURE_MASKING,0.9697890281677246,0.7728741533440203,0.8957877751403348
A2_FEATURE_MASKING,0.9697883129119873,0.772881374290542,0.8957877751403348
A2_FEATURE_MASKING,0.9697868824005127,0.7728885952370637,0.8957877751403348
A2_FEATURE_MASKING,0.9697861075401306,0.7728958161835854,0.8957877751403348
A2_FEATURE_MASKING,0.969785749912262,0.772903037130107,0.8957877751403348
A2_FEATURE_MASKING,0.9697856307029724,0.7729156737865199,0.8957877751403348
A2_FEATURE_MASKING,0.9697853922843933,0.7729210894964111,0.8957877751403348
A2_FEATURE_MASKING,0.9697853326797485,0.7729246999696721,0.8957877751403348
A2_FEATURE_MASKING,0.9697844982147217,0.7729319209161937,0.8957877751403348
A2_FEATURE_MASKING,0.9697827100753784,0.772937336626085,0.8957877751403348
A2_FEATURE_MASKING,0.9697824120521545,0.7729409470993458,0.8957877751403348
A2_FEATURE_MASKING,0.9697821736335754,0.7729445575726066,0.8957877751403348
A2_FEATURE_MASKING,0.969779372215271,0.7729499732824978,0.8957877751403348
A2_FEATURE_MASKING,0.9697792530059814,0.7729716361220629,0.8958687674834434
A2_FEATURE_MASKING,0.9697771072387695,0.7729770518319541,0.8958687674834434
A2_FEATURE_MASKING,0.9697766900062561,0.772980662305215,0.8958687674834434
A2_FEATURE_MASKING,0.9697765707969666,0.7729824675418454,0.8958687674834434
A2_FEATURE_MASKING,0.969776451587677,0.772989688488367,0.8958687674834434
A2_FEATURE_MASKING,0.9697757959365845,0.7729932989616279,0.8958687674834434
A2_FEATURE_MASKING,0.9697756767272949,0.7729969094348887,0.8958687674834434
A2_FEATURE_MASKING,0.9697755575180054,0.77300232514478,0.8958687674834434
A2_FEATURE_MASKING,0.9697753190994263,0.7730059356180408,0.8958687674834434
A2_FEATURE_MASKING,0.9697750806808472,0.7730131565645625,0.8958687674834434
A2_FEATURE_MASKING,0.9697750210762024,0.7730149618011929,0.8958687674834434
A2_FEATURE_MASKING,0.9697749018669128,0.7730221827477146,0.8958687674834434
A2_FEATURE_MASKING,0.9697747826576233,0.7730257932209754,0.8958687674834434
A2_FEATURE_MASKING,0.9697737693786621,0.7730312089308666,0.8958687674834434
A2_FEATURE_MASKING,0.969773530960083,0.7730438455872796,0.8958687674834434
A2_FEATURE_MASKING,0.9697734117507935,0.77304565082391,0.8958687674834434
A2_FEATURE_MASKING,0.9697731137275696,0.7730510665338013,0.8958687674834434
A2_FEATURE_MASKING,0.9697728753089905,0.7730582874803229,0.8958687674834434
A2_FEATURE_MASKING,0.9697727560997009,0.7730655084268446,0.8958687674834434
A2_FEATURE_MASKING,0.9697719812393188,0.773076339846627,0.8958687674834434
A2_FEATURE_MASKING,0.9697713851928711,0.7730781450832576,0.8958687674834434
A2_FEATURE_MASKING,0.9697709679603577,0.7730817555565184,0.8958687674834434
A2_FEATURE_MASKING,0.9697704911231995,0.77308897650304,0.8958687674834434
A2_FEATURE_MASKING,0.9697701930999756,0.7730907817396704,0.8958687674834434
A2_FEATURE_MASKING,0.9697695970535278,0.7730961974495617,0.8958687674834434
A2_FEATURE_MASKING,0.9697691798210144,0.7730998079228225,0.8958687674834434
A2_FEATURE_MASKING,0.9697689414024353,0.7731070288693442,0.8958687674834434
A2_FEATURE_MASKING,0.9697687029838562,0.7731196655257572,0.8958687674834434
A2_FEATURE_MASKING,0.9697685837745667,0.773123275999018,0.8958687674834434
A2_FEATURE_MASKING,0.9697684645652771,0.7731286917089092,0.8958687674834434
A2_FEATURE_MASKING,0.9697684049606323,0.77313230218217,0.8958687674834434
A2_FEATURE_MASKING,0.9697682857513428,0.7731395231286917,0.8958687674834434
A2_FEATURE_MASKING,0.9697678089141846,0.7731431336019525,0.8958687674834434
A2_FEATURE_MASKING,0.969767689704895,0.7731521597851047,0.8958687674834434
A2_FEATURE_MASKING,0.9697675704956055,0.7731539650217351,0.8958687674834434
A2_FEATURE_MASKING,0.9697673916816711,0.7731611859682567,0.8958687674834434
A2_FEATURE_MASKING,0.9697666764259338,0.7731647964415176,0.8958687674834434
A2_FEATURE_MASKING,0.96976637840271,0.7731702121514088,0.8958687674834434
A2_FEATURE_MASKING,0.9697661399841309,0.7731720173880392,0.8958687674834434
A2_FEATURE_MASKING,0.9697659015655518,0.7731756278613,0.8958687674834434
A2_FEATURE_MASKING,0.9697657823562622,0.7731846540444521,0.8958687674834434
A2_FEATURE_MASKING,0.9697656035423279,0.7731864592810825,0.8958687674834434
A2_FEATURE_MASKING,0.9697654843330383,0.7731936802276043,0.8958687674834434
A2_FEATURE_MASKING,0.9697651267051697,0.7731990959374955,0.8958687674834434
A2_FEATURE_MASKING,0.9697648882865906,0.7732135378305388,0.8958687674834434
A2_FEATURE_MASKING,0.9697645902633667,0.7732171483037996,0.8958687674834434
A2_FEATURE_MASKING,0.9697643518447876,0.7732189535404301,0.8958687674834434
A2_FEATURE_MASKING,0.9697641134262085,0.7732225640136909,0.8959996012684647
A2_FEATURE_MASKING,0.9697636961936951,0.7732279797235821,0.8959996012684647
A2_FEATURE_MASKING,0.9697635769844055,0.7732297849602126,0.8959996012684647
A2_FEATURE_MASKING,0.969763457775116,0.7732352006701039,0.8959996012684647
A2_FEATURE_MASKING,0.9697632193565369,0.7732370059067343,0.8959996012684647
A2_FEATURE_MASKING,0.9697631001472473,0.7732478373265168,0.8959996012684647
A2_FEATURE_MASKING,0.9697629809379578,0.7732496425631472,0.8959996012684647
A2_FEATURE_MASKING,0.9697628021240234,0.7732568635096688,0.8959996012684647
A2_FEATURE_MASKING,0.9697626829147339,0.7732586687462992,0.8959996012684647
A2_FEATURE_MASKING,0.9697625637054443,0.773265889692821,0.8959996012684647
A2_FEATURE_MASKING,0.9697624444961548,0.7732676949294514,0.8959996012684647
A2_FEATURE_MASKING,0.9697622060775757,0.7732713054027122,0.8959996012684647
A2_FEATURE_MASKING,0.9697620868682861,0.7732875525323859,0.8959996012684647
A2_FEATURE_MASKING,0.9697619676589966,0.7732929682422772,0.8959996012684647
A2_FEATURE_MASKING,0.9697617888450623,0.773296578715538,0.8959996012684647
A2_FEATURE_MASKING,0.9697616696357727,0.7733128258452118,0.8959996012684647
A2_FEATURE_MASKING,0.969761073589325,0.7733236572649943,0.8959996012684647
A2_FEATURE_MASKING,0.9697609543800354,0.7733344886847768,0.8959996012684647
A2_FEATURE_MASKING,0.9697607755661011,0.7733362939214072,0.8959996012684647
A2_FEATURE_MASKING,0.969760537147522,0.7733561515243418,0.8959996012684647
A2_FEATURE_MASKING,0.9697604179382324,0.7733615672342331,0.8959996012684647
A2_FEATURE_MASKING,0.9697599411010742,0.7733651777074939,0.8959996012684647
A2_FEATURE_MASKING,0.9697597622871399,0.7733760091272764,0.8959996012684647
A2_FEATURE_MASKING,0.9697594046592712,0.7733904510203198,0.8959996012684647
A2_FEATURE_MASKING,0.9697589874267578,0.7733940614935806,0.8959996012684647
A2_FEATURE_MASKING,0.9697586297988892,0.773395866730211,0.8959996012684647
A2_FEATURE_MASKING,0.9697585105895996,0.7734030876767327,0.8959996012684647
A2_FEATURE_MASKING,0.9697583913803101,0.7734066981499935,0.8959996012684647
A2_FEATURE_MASKING,0.9697582721710205,0.7734085033866239,0.8959996012684647
A2_FEATURE_MASKING,0.9697580933570862,0.7734121138598847,0.8959996012684647
A2_FEATURE_MASKING,0.9697578549385071,0.7734157243331455,0.8959996012684647
A2_FEATURE_MASKING,0.969757616519928,0.7734211400430369,0.8959996012684647
A2_FEATURE_MASKING,0.9697574973106384,0.7734247505162977,0.8959996012684647
A2_FEATURE_MASKING,0.9697573781013489,0.7734428028826018,0.8959996012684647
A2_FEATURE_MASKING,0.9697572588920593,0.7734464133558627,0.8959996012684647
A2_FEATURE_MASKING,0.969757080078125,0.7734482185924931,0.8959996012684647
A2_FEATURE_MASKING,0.9697567224502563,0.7734554395390147,0.8959996012684647
A2_FEATURE_MASKING,0.9697564840316772,0.7734608552489061,0.8959996012684647
A2_FEATURE_MASKING,0.9697562456130981,0.7734644657221669,0.8959996012684647
A2_FEATURE_MASKING,0.9697559475898743,0.7734752971419494,0.8959996012684647
A2_FEATURE_MASKING,0.9697557091712952,0.7734879337983623,0.8959996012684647
A2_FEATURE_MASKING,0.9697550535202026,0.7734987652181448,0.8959996012684647
A2_FEATURE_MASKING,0.969754695892334,0.7735041809280361,0.8959996012684647
A2_FEATURE_MASKING,0.9697544574737549,0.7735077914012969,0.8959996012684647
A2_FEATURE_MASKING,0.9697542786598206,0.7735114018745577,0.8959996012684647
A2_FEATURE_MASKING,0.9697540402412415,0.7735150123478185,0.8959996012684647
A2_FEATURE_MASKING,0.9697539210319519,0.7735204280577098,0.8959996012684647
A2_FEATURE_MASKING,0.9697538018226624,0.7735240385309706,0.8959996012684647
A2_FEATURE_MASKING,0.9697534441947937,0.773538480424014,0.8959996012684647
A2_FEATURE_MASKING,0.9697532653808594,0.7735565327903181,0.8959996012684647
A2_FEATURE_MASKING,0.9697531461715698,0.773560143263579,0.8959996012684647
A2_FEATURE_MASKING,0.9697530269622803,0.7735619485002094,0.8959996012684647
A2_FEATURE_MASKING,0.9697526693344116,0.773581806103144,0.8959996012684647
A2_FEATURE_MASKING,0.9697521328926086,0.7735836113397744,0.8959996012684647
A2_FEATURE_MASKING,0.9697520136833191,0.7735944427595569,0.8959996012684647
A2_FEATURE_MASKING,0.9697514772415161,0.7735998584694481,0.8959996012684647
A2_FEATURE_MASKING,0.969751238822937,0.7736106898892307,0.8959996012684647
A2_FEATURE_MASKING,0.9697511196136475,0.773612495125861,0.8959996012684647
A2_FEATURE_MASKING,0.9697510004043579,0.773616105599122,0.8959996012684647
A2_FEATURE_MASKING,0.9697505831718445,0.7736323527287957,0.8959996012684647
A2_FEATURE_MASKING,0.9697504639625549,0.7736359632020565,0.8959996012684647
A2_FEATURE_MASKING,0.9697501063346863,0.7736413789119477,0.8959996012684647
A2_FEATURE_MASKING,0.9697499871253967,0.7736431841485782,0.8959996012684647
A2_FEATURE_MASKING,0.9697498679161072,0.7736485998584695,0.8959996012684647
A2_FEATURE_MASKING,0.9697497487068176,0.7736810941178169,0.8959996012684647
A2_FEATURE_MASKING,0.9697496294975281,0.7736865098277083,0.8959996012684647
A2_FEATURE_MASKING,0.9697495698928833,0.7736883150643387,0.8959996012684647
A2_FEATURE_MASKING,0.9697494506835938,0.7737171988504253,0.8959996012684647
A2_FEATURE_MASKING,0.9697492122650146,0.7737280302702079,0.8959996012684647
A2_FEATURE_MASKING,0.9697489738464355,0.7737316407434687,0.8959996012684647
A2_FEATURE_MASKING,0.9697484374046326,0.7737352512167295,0.8959996012684647
A2_FEATURE_MASKING,0.969748318195343,0.7737478878731424,0.8959996012684647
A2_FEATURE_MASKING,0.9697478413581848,0.773755108819664,0.8959996012684647
A2_FEATURE_MASKING,0.9697477221488953,0.7737605245295553,0.8959996012684647
A2_FEATURE_MASKING,0.9697476625442505,0.773767745476077,0.8959996012684647
A2_FEATURE_MASKING,0.9697475433349609,0.7737767716592291,0.8959996012684647
A2_FEATURE_MASKING,0.9697473049163818,0.7737785768958595,0.8959996012684647
A2_FEATURE_MASKING,0.9697471857070923,0.773811071155207,0.8959996012684647
A2_FEATURE_MASKING,0.9697468280792236,0.7738363444680328,0.8959996012684647
A2_FEATURE_MASKING,0.9697467684745789,0.773845370651185,0.8959996012684647
A2_FEATURE_MASKING,0.9697465300559998,0.7738598125442283,0.8959996012684647
A2_FEATURE_MASKING,0.9697464108467102,0.7738688387273804,0.8959996012684647
A2_FEATURE_MASKING,0.969745934009552,0.7738706439640108,0.8959996012684647
A2_FEATURE_MASKING,0.9697452783584595,0.7738850858570542,0.8959996012684647
A2_FEATURE_MASKING,0.9697450399398804,0.7738977225134671,0.8959996012684647
A2_FEATURE_MASKING,0.969744861125946,0.7739049434599887,0.8959996012684647
A2_FEATURE_MASKING,0.9697446227073669,0.773932022009445,0.8959996012684647
A2_FEATURE_MASKING,0.9697443842887878,0.7739392429559667,0.8959996012684647
A2_FEATURE_MASKING,0.9697442650794983,0.7739410481925971,0.896012061628943
A2_FEATURE_MASKING,0.9697439670562744,0.7739500743757491,0.896012061628943
A2_FEATURE_MASKING,0.9697437286376953,0.7739518796123795,0.896012061628943
A2_FEATURE_MASKING,0.9697434902191162,0.7739627110321621,0.896012061628943
A2_FEATURE_MASKING,0.9697433710098267,0.7739789581618358,0.896012061628943
A2_FEATURE_MASKING,0.969743013381958,0.7739825686350967,0.896012061628943
A2_FEATURE_MASKING,0.9697429537773132,0.7739843738717271,0.896012061628943
A2_FEATURE_MASKING,0.9697427153587341,0.7739915948182488,0.896012061628943
A2_FEATURE_MASKING,0.9697423577308655,0.7739952052915096,0.896012061628943
A2_FEATURE_MASKING,0.9697422385215759,0.7739988157647705,0.896012061628943
A2_FEATURE_MASKING,0.9697421193122864,0.7740060367112921,0.896012061628943
A2_FEATURE_MASKING,0.969741940498352,0.7740222838409658,0.896012061628943
A2_FEATURE_MASKING,0.9697418212890625,0.774031310024118,0.896012061628943
A2_FEATURE_MASKING,0.9697415828704834,0.7740331152607484,0.896012061628943
A2_FEATURE_MASKING,0.9697413444519043,0.7740421414439005,0.896012061628943
A2_FEATURE_MASKING,0.9697409272193909,0.7740493623904221,0.896012061628943
A2_FEATURE_MASKING,0.9697406888008118,0.7740890775962913,0.896012061628943
A2_FEATURE_MASKING,0.9697405695915222,0.7740908828329217,0.896012061628943
A2_FEATURE_MASKING,0.9697404503822327,0.774096298542813,0.896012061628943
A2_FEATURE_MASKING,0.9697402119636536,0.7740981037794434,0.896012061628943
A2_FEATURE_MASKING,0.9697400331497192,0.7741071299625955,0.896012061628943
A2_FEATURE_MASKING,0.9697399139404297,0.7741594818248776,0.896012061628943
A2_FEATURE_MASKING,0.9697397947311401,0.7741685080080297,0.896012061628943
A2_FEATURE_MASKING,0.9697396755218506,0.7741757289545513,0.896012061628943
A2_FEATURE_MASKING,0.9697389006614685,0.7742226651069423,0.896012061628943
A2_FEATURE_MASKING,0.9697381258010864,0.7742371069999856,0.896012061628943
A2_FEATURE_MASKING,0.9697380065917969,0.7742623803128114,0.896012061628943
A2_FEATURE_MASKING,0.9697374105453491,0.7742750169692243,0.896012061628943
A2_FEATURE_MASKING,0.9697373509407043,0.774282237915746,0.896012061628943
A2_FEATURE_MASKING,0.9697372317314148,0.7742858483890068,0.896012061628943
A2_FEATURE_MASKING,0.9697371125221252,0.774294874572159,0.896012061628943
A2_FEATURE_MASKING,0.9697368741035461,0.7743075112285719,0.896012061628943
A2_FEATURE_MASKING,0.969736635684967,0.7743147321750935,0.896012061628943
A2_FEATURE_MASKING,0.9697364568710327,0.7743201478849847,0.896012061628943
A2_FEATURE_MASKING,0.9697362184524536,0.7743291740681368,0.896012061628943
A2_FEATURE_MASKING,0.9697360992431641,0.7743363950146586,0.896012061628943
A2_FEATURE_MASKING,0.9697354435920715,0.7743418107245498,0.896012061628943
A2_FEATURE_MASKING,0.9697352051734924,0.774347226434441,0.896012061628943
A2_FEATURE_MASKING,0.9697349667549133,0.7743544473809627,0.896012061628943
A2_FEATURE_MASKING,0.9697346091270447,0.7743562526175931,0.896012061628943
A2_FEATURE_MASKING,0.9697340726852417,0.7743706945106364,0.896012061628943
A2_FEATURE_MASKING,0.969733715057373,0.7743743049838973,0.896012061628943
A2_FEATURE_MASKING,0.969732940196991,0.774381525930419,0.896012061628943
A2_FEATURE_MASKING,0.9697322845458984,0.7743833311670494,0.896012061628943
A2_FEATURE_MASKING,0.9697319269180298,0.774390552113571,0.896018291809182
A2_FEATURE_MASKING,0.9697318077087402,0.7743923573502015,0.896018291809182
A2_FEATURE_MASKING,0.9697316288948059,0.7743977730600927,0.896018291809182
A2_FEATURE_MASKING,0.9697313904762268,0.7744122149531361,0.896018291809182
A2_FEATURE_MASKING,0.9697311520576477,0.7744158254263969,0.8960245219894212
A2_FEATURE_MASKING,0.969730794429779,0.7744176306630273,0.8960245219894212
A2_FEATURE_MASKING,0.9697306156158447,0.7744284620828098,0.8960245219894212
A2_FEATURE_MASKING,0.9697303771972656,0.7744302673194402,0.8960245219894212
A2_FEATURE_MASKING,0.9697302579879761,0.7744410987392227,0.8960245219894212
A2_FEATURE_MASKING,0.9697301387786865,0.7744429039758531,0.8960245219894212
A2_FEATURE_MASKING,0.969730019569397,0.7744465144491139,0.8960245219894212
A2_FEATURE_MASKING,0.9697296023368835,0.7744699825253094,0.8960245219894212
A2_FEATURE_MASKING,0.9697292447090149,0.7745187239143307,0.8960245219894212
A2_FEATURE_MASKING,0.9697291254997253,0.7745277500974828,0.8960245219894212
A2_FEATURE_MASKING,0.9697287082672119,0.7745313605707436,0.8960245219894212
A2_FEATURE_MASKING,0.9697284698486328,0.7745602443568302,0.8960245219894212
A2_FEATURE_MASKING,0.9697283506393433,0.7745620495934608,0.8960245219894212
A2_FEATURE_MASKING,0.9697282314300537,0.774589128142917,0.8960245219894212
A2_FEATURE_MASKING,0.9697279930114746,0.7745927386161778,0.8960245219894212
A2_FEATURE_MASKING,0.9697279334068298,0.7745963490894386,0.8960245219894212
A2_FEATURE_MASKING,0.9697276949882507,0.774598154326069,0.8960245219894212
A2_FEATURE_MASKING,0.9697273373603821,0.774610790982482,0.8960245219894212
A2_FEATURE_MASKING,0.9697272181510925,0.7746198171656341,0.8960245219894212
A2_FEATURE_MASKING,0.9697270393371582,0.7746396747685687,0.8960245219894212
A2_FEATURE_MASKING,0.9697266817092896,0.7746468957150904,0.8960245219894212
A2_FEATURE_MASKING,0.9697262048721313,0.7746595323715033,0.8960245219894212
A2_FEATURE_MASKING,0.9697251915931702,0.7746631428447641,0.8960245219894212
A2_FEATURE_MASKING,0.9697250127792358,0.7746721690279161,0.8960245219894212
A2_FEATURE_MASKING,0.9697239995002747,0.774675779501177,0.8960245219894212
A2_FEATURE_MASKING,0.969723641872406,0.7746793899744379,0.8960245219894212
A2_FEATURE_MASKING,0.9697227478027344,0.7746920266308508,0.8960245219894212
A2_FEATURE_MASKING,0.9697222113609314,0.7747010528140028,0.8960245219894212
A2_FEATURE_MASKING,0.9697218537330627,0.7747172999436767,0.8960245219894212
A2_FEATURE_MASKING,0.9697216153144836,0.7747191051803071,0.8960245219894212
A2_FEATURE_MASKING,0.9697214365005493,0.7747299366000895,0.8960245219894212
A2_FEATURE_MASKING,0.9697211980819702,0.77473174183672,0.8960245219894212
A2_FEATURE_MASKING,0.9697209596633911,0.7747497942030241,0.8960245219894212
A2_FEATURE_MASKING,0.9697206020355225,0.7747588203861763,0.8960245219894212
A2_FEATURE_MASKING,0.9697204828262329,0.7747606256228067,0.8960245219894212
A2_FEATURE_MASKING,0.9697204232215881,0.7747768727524804,0.8960245219894212
A2_FEATURE_MASKING,0.9697203040122986,0.7747949251187846,0.8960245219894212
A2_FEATURE_MASKING,0.969719409942627,0.774827419378132,0.8960245219894212
A2_FEATURE_MASKING,0.9697191715240479,0.7748815764770446,0.8960245219894212
A2_FEATURE_MASKING,0.9697190523147583,0.7748851869503054,0.8960245219894212
A2_FEATURE_MASKING,0.969717800617218,0.7748906026601967,0.8960245219894212
A2_FEATURE_MASKING,0.9697170257568359,0.7748942131334575,0.8960245219894212
A2_FEATURE_MASKING,0.9697167277336121,0.7748996288433487,0.8960245219894212
A2_FEATURE_MASKING,0.9697163701057434,0.7748996288433487,0.8960307521696602
A2_FEATURE_MASKING,0.9697144627571106,0.7749068497898705,0.8960307521696602
A2_FEATURE_MASKING,0.9697136878967285,0.7749104602631313,0.8960307521696602
A2_FEATURE_MASKING,0.9697129130363464,0.7749140707363922,0.8960307521696602
A2_FEATURE_MASKING,0.9697125554084778,0.7749212916829138,0.8960307521696602
A2_FEATURE_MASKING,0.9697120189666748,0.7749537859422613,0.8960307521696602
A2_FEATURE_MASKING,0.9697105288505554,0.7749555911788917,0.8960307521696602
A2_FEATURE_MASKING,0.9697104096412659,0.7749592016521526,0.8960307521696602
A2_FEATURE_MASKING,0.9697086215019226,0.774961006888783,0.8960307521696602
A2_FEATURE_MASKING,0.9697043895721436,0.7749646173620438,0.8960307521696602
A2_FEATURE_MASKING,0.9696966409683228,0.7749790592550871,0.8960307521696602
A2_FEATURE_MASKING,0.969696044921875,0.7749862802016089,0.8960307521696602
A2_FEATURE_MASKING,0.9696938395500183,0.7749898906748697,0.8960307521696602
A2_FEATURE_MASKING,0.9696911573410034,0.7749898906748697,0.8960432125301385
A2_FEATURE_MASKING,0.9696909189224243,0.7749916959115001,0.8960432125301385
A2_FEATURE_MASKING,0.9696894884109497,0.7749953063847609,0.8960432125301385
A2_FEATURE_MASKING,0.969688355922699,0.7749971116213913,0.8960432125301385
A2_FEATURE_MASKING,0.9696877598762512,0.7750187744609564,0.8960432125301385
A2_FEATURE_MASKING,0.9696876406669617,0.7750314111173693,0.8960432125301385
A2_FEATURE_MASKING,0.9696872234344482,0.7750350215906301,0.8960432125301385
A2_FEATURE_MASKING,0.9696853160858154,0.7750368268272605,0.8960432125301385
A2_FEATURE_MASKING,0.9696844220161438,0.7750368268272605,0.8961055143325296
A2_FEATURE_MASKING,0.9696811437606812,0.7750440477737822,0.8961055143325296
A2_FEATURE_MASKING,0.9696800708770752,0.775047658247043,0.8961055143325296
A2_FEATURE_MASKING,0.9696799516677856,0.7750621001400864,0.8961055143325296
A2_FEATURE_MASKING,0.9696793556213379,0.7750657106133472,0.8961055143325296
A2_FEATURE_MASKING,0.9696786999702454,0.7750711263232385,0.8961055143325296
A2_FEATURE_MASKING,0.9696757793426514,0.7750801525063905,0.8961055143325296
A2_FEATURE_MASKING,0.9696755409240723,0.7750855682162818,0.8961055143325296
A2_FEATURE_MASKING,0.9696741104125977,0.7750891786895426,0.8961055143325296
A2_FEATURE_MASKING,0.96966952085495,0.7751000101093252,0.8961055143325296
A2_FEATURE_MASKING,0.9696694016456604,0.775103620582586,0.8961055143325296
A2_FEATURE_MASKING,0.9696689248085022,0.775103620582586,0.8961179746930079
A2_FEATURE_MASKING,0.9696685075759888,0.7751072310558468,0.8961179746930079
A2_FEATURE_MASKING,0.9696674942970276,0.7751126467657381,0.8961179746930079
A2_FEATURE_MASKING,0.9696667194366455,0.7751216729488901,0.8961179746930079
A2_FEATURE_MASKING,0.9696633219718933,0.7751379200785639,0.8961179746930079
A2_FEATURE_MASKING,0.96966153383255,0.7751415305518248,0.8961179746930079
A2_FEATURE_MASKING,0.9696592092514038,0.775146946261716,0.8961179746930079
A2_FEATURE_MASKING,0.9696590900421143,0.7751505567349768,0.8961179746930079
A2_FEATURE_MASKING,0.9696577191352844,0.7751541672082377,0.8961179746930079
A2_FEATURE_MASKING,0.9696575999259949,0.7751577776814985,0.8961179746930079
A2_FEATURE_MASKING,0.9696568250656128,0.7751595829181289,0.8961179746930079
A2_FEATURE_MASKING,0.9696567058563232,0.7751668038646505,0.8961179746930079
A2_FEATURE_MASKING,0.9696541428565979,0.7751776352844331,0.8961179746930079
A2_FEATURE_MASKING,0.969653844833374,0.7751866614675852,0.8961179746930079
A2_FEATURE_MASKING,0.9696508049964905,0.7751956876507372,0.8961179746930079
A2_FEATURE_MASKING,0.9696505665779114,0.7751992981239981,0.8961179746930079
A2_FEATURE_MASKING,0.9696503281593323,0.7752065190705197,0.8961179746930079
A2_FEATURE_MASKING,0.9696497917175293,0.7752065190705197,0.8962238877570728
A2_FEATURE_MASKING,0.9696483016014099,0.7752101295437805,0.8962238877570728
A2_FEATURE_MASKING,0.969648003578186,0.7752155452536719,0.896236348117551
A2_FEATURE_MASKING,0.9696471095085144,0.7752173504903023,0.896236348117551
A2_FEATURE_MASKING,0.9696469902992249,0.7752263766734544,0.896236348117551
A2_FEATURE_MASKING,0.9696459770202637,0.7752372080932368,0.896236348117551
A2_FEATURE_MASKING,0.969645619392395,0.7752426238031281,0.896236348117551
A2_FEATURE_MASKING,0.969645082950592,0.7752498447496498,0.896236348117551
A2_FEATURE_MASKING,0.9696446061134338,0.7752552604595411,0.896236348117551
A2_FEATURE_MASKING,0.9696439504623413,0.7752606761694323,0.896236348117551
A2_FEATURE_MASKING,0.9696435928344727,0.775267897115954,0.896236348117551
A2_FEATURE_MASKING,0.9696435332298279,0.7752715075892148,0.896236348117551
A2_FEATURE_MASKING,0.9696425795555115,0.7752751180624756,0.896236348117551
A2_FEATURE_MASKING,0.9696416854858398,0.7752751180624756,0.8962425782977902
A2_FEATURE_MASKING,0.9696400165557861,0.7752805337723668,0.8962425782977902
A2_FEATURE_MASKING,0.969639778137207,0.7752841442456277,0.8962425782977902
A2_FEATURE_MASKING,0.9696393609046936,0.7752859494822582,0.8962425782977902
A2_FEATURE_MASKING,0.9696388244628906,0.7752931704287798,0.8962425782977902
A2_FEATURE_MASKING,0.9696382284164429,0.7753021966119319,0.8962425782977902
A2_FEATURE_MASKING,0.9696378707885742,0.7753184437416056,0.8962425782977902
A2_FEATURE_MASKING,0.9696375727653503,0.7753256646881274,0.8962425782977902
A2_FEATURE_MASKING,0.9696374535560608,0.7753310803980186,0.8962425782977902
A2_FEATURE_MASKING,0.9696372151374817,0.7753437170544315,0.8962425782977902
A2_FEATURE_MASKING,0.9696369767189026,0.7753473275276923,0.8962425782977902
A2_FEATURE_MASKING,0.9696366786956787,0.7753527432375836,0.8962425782977902
A2_FEATURE_MASKING,0.9696364402770996,0.7753653798939965,0.8962425782977902
A2_FEATURE_MASKING,0.9696356654167175,0.7753707956038878,0.8962425782977902
A2_FEATURE_MASKING,0.969635546207428,0.7753780165504094,0.8962425782977902
A2_FEATURE_MASKING,0.9696346521377563,0.7753816270236703,0.8962425782977902
A2_FEATURE_MASKING,0.9696344137191772,0.7753852374969311,0.8962425782977902
A2_FEATURE_MASKING,0.9696342945098877,0.7753996793899744,0.8962425782977902
A2_FEATURE_MASKING,0.9696341753005981,0.7754014846266049,0.8962425782977902
A2_FEATURE_MASKING,0.9696329832077026,0.7754050950998657,0.8962425782977902
A2_FEATURE_MASKING,0.969632625579834,0.775410510809757,0.8962425782977902
A2_FEATURE_MASKING,0.9696317315101624,0.7754123160463874,0.8962425782977902
A2_FEATURE_MASKING,0.9696313738822937,0.7754231474661699,0.8962425782977902
A2_FEATURE_MASKING,0.9696308374404907,0.7754267579394307,0.8962425782977902
A2_FEATURE_MASKING,0.9696307182312012,0.7754303684126915,0.8962425782977902
A2_FEATURE_MASKING,0.9696305990219116,0.7754411998324741,0.8962425782977902
A2_FEATURE_MASKING,0.9696304798126221,0.7754430050691045,0.8962425782977902
A2_FEATURE_MASKING,0.9696304202079773,0.7754502260156261,0.8962425782977902
A2_FEATURE_MASKING,0.9696303009986877,0.7754502260156261,0.8963298008211378
A2_FEATURE_MASKING,0.9696294069290161,0.775453836488887,0.8963298008211378
A2_FEATURE_MASKING,0.9696285128593445,0.7754592521987782,0.8963298008211378
A2_FEATURE_MASKING,0.9696283936500549,0.7754718888551911,0.8963298008211378
A2_FEATURE_MASKING,0.9696271419525146,0.775475499328452,0.8963298008211378
A2_FEATURE_MASKING,0.9696264863014221,0.775475499328452,0.8964481742456809
A2_FEATURE_MASKING,0.969626247882843,0.7755224354808429,0.8964481742456809
A2_FEATURE_MASKING,0.9696258902549744,0.7755242407174733,0.8964481742456809
A2_FEATURE_MASKING,0.9696257710456848,0.7755350721372557,0.8964481742456809
A2_FEATURE_MASKING,0.9696255922317505,0.7755422930837774,0.8964481742456809
A2_FEATURE_MASKING,0.9696252346038818,0.7755477087936686,0.8964481742456809
A2_FEATURE_MASKING,0.9696242213249207,0.7755513192669296,0.8964481742456809
A2_FEATURE_MASKING,0.9696241021156311,0.77555312450356,0.8964481742456809
A2_FEATURE_MASKING,0.9696235656738281,0.7755567349768208,0.8964481742456809
A2_FEATURE_MASKING,0.9696223139762878,0.775562150686712,0.8964481742456809
A2_FEATURE_MASKING,0.9696219563484192,0.7755675663966033,0.8964481742456809
A2_FEATURE_MASKING,0.9696217775344849,0.7755693716332337,0.8964481742456809
A2_FEATURE_MASKING,0.9696214199066162,0.7755820082896466,0.8964481742456809
A2_FEATURE_MASKING,0.9696213006973267,0.775605476365842,0.8964481742456809
A2_FEATURE_MASKING,0.9696206450462341,0.7756145025489941,0.8964481742456809
A2_FEATURE_MASKING,0.9696199893951416,0.7756163077856245,0.8964481742456809
A2_FEATURE_MASKING,0.969619870185852,0.7756217234955158,0.8964481742456809
A2_FEATURE_MASKING,0.969619631767273,0.7756307496786679,0.8964481742456809
A2_FEATURE_MASKING,0.9696192741394043,0.7756343601519288,0.8964481742456809
A2_FEATURE_MASKING,0.9696183800697327,0.7756451915717112,0.8964481742456809
A2_FEATURE_MASKING,0.9696182012557983,0.7756488020449721,0.8964481742456809
A2_FEATURE_MASKING,0.9696179628372192,0.7756524125182329,0.8964481742456809
A2_FEATURE_MASKING,0.969617486000061,0.7756542177548633,0.8964481742456809
A2_FEATURE_MASKING,0.9696173071861267,0.7756740753577979,0.8964481742456809
A2_FEATURE_MASKING,0.9696171879768372,0.77568310154095,0.8964481742456809
A2_FEATURE_MASKING,0.9696156978607178,0.7756903224874716,0.8964481742456809
A2_FEATURE_MASKING,0.9696146845817566,0.7756975434339933,0.8964481742456809
A2_FEATURE_MASKING,0.969614565372467,0.7756993486706237,0.8964481742456809
A2_FEATURE_MASKING,0.9696139097213745,0.7757029591438845,0.8964481742456809
A2_FEATURE_MASKING,0.9696135520935059,0.7757047643805149,0.8964481742456809
A2_FEATURE_MASKING,0.9696134924888611,0.7757119853270367,0.8964481742456809
A2_FEATURE_MASKING,0.9696125984191895,0.7757155958002975,0.8964481742456809
A2_FEATURE_MASKING,0.9696124792098999,0.7757246219834496,0.8964481742456809
A2_FEATURE_MASKING,0.9696123600006104,0.7757300376933408,0.8964481742456809
A2_FEATURE_MASKING,0.9696117639541626,0.7757336481666017,0.8964481742456809
A2_FEATURE_MASKING,0.9696114659309387,0.7757390638764929,0.8964481742456809
A2_FEATURE_MASKING,0.9696112275123596,0.7757462848230146,0.8964481742456809
A2_FEATURE_MASKING,0.9696111083030701,0.7757480900596451,0.8964481742456809
A2_FEATURE_MASKING,0.9696109890937805,0.7757643371893188,0.8964481742456809
A2_FEATURE_MASKING,0.9696099758148193,0.7757661424259492,0.8964481742456809
A2_FEATURE_MASKING,0.9696094393730164,0.7757715581358404,0.8964481742456809
A2_FEATURE_MASKING,0.9696093201637268,0.7757751686091012,0.8964481742456809
A2_FEATURE_MASKING,0.9696092009544373,0.7757932209754055,0.8964481742456809
A2_FEATURE_MASKING,0.9696090817451477,0.7757968314486663,0.8964481742456809
A2_FEATURE_MASKING,0.9696086645126343,0.7758094681050792,0.8964481742456809
A2_FEATURE_MASKING,0.9696085453033447,0.77581307857834,0.8964481742456809
A2_FEATURE_MASKING,0.9696081876754761,0.7758329361812747,0.8964481742456809
A2_FEATURE_MASKING,0.9696080684661865,0.7758347414179051,0.8964481742456809
A2_FEATURE_MASKING,0.9696075320243835,0.7758419623644267,0.8964481742456809
A2_FEATURE_MASKING,0.969606876373291,0.7758437676010571,0.8964481742456809
A2_FEATURE_MASKING,0.9696067571640015,0.775847378074318,0.8964481742456809
A2_FEATURE_MASKING,0.9696063995361328,0.7758582094941004,0.8964481742456809
A2_FEATURE_MASKING,0.9696061611175537,0.7758672356772526,0.8964481742456809
A2_FEATURE_MASKING,0.9696060419082642,0.7758744566237742,0.8964668647863983
A2_FEATURE_MASKING,0.9696058630943298,0.7758780670970351,0.8964668647863983
A2_FEATURE_MASKING,0.9696049690246582,0.7758834828069263,0.8964668647863983
A2_FEATURE_MASKING,0.9696047306060791,0.7758870932801871,0.8964668647863983
A2_FEATURE_MASKING,0.9696044921875,0.7758943142267088,0.8964668647863983
A2_FEATURE_MASKING,0.9696042537689209,0.7758979246999697,0.8964668647863983
A2_FEATURE_MASKING,0.969603955745697,0.7759141718296434,0.8964668647863983
A2_FEATURE_MASKING,0.9696032404899597,0.7759213927761651,0.8964668647863983
A2_FEATURE_MASKING,0.9696030616760254,0.7759231980127955,0.8964668647863983
A2_FEATURE_MASKING,0.9696024656295776,0.7759358346692085,0.8964668647863983
A2_FEATURE_MASKING,0.9696016907691956,0.7760044336611643,0.8964668647863983
A2_FEATURE_MASKING,0.969601571559906,0.7760080441344251,0.8964668647863983
A2_FEATURE_MASKING,0.9696013927459717,0.7760134598443164,0.8964668647863983
A2_FEATURE_MASKING,0.9696004390716553,0.7760152650809468,0.8964668647863983
A2_FEATURE_MASKING,0.9695996642112732,0.776033317447251,0.8964668647863983
A2_FEATURE_MASKING,0.9695995450019836,0.7760369279205118,0.8964668647863983
A2_FEATURE_MASKING,0.9695994853973389,0.776085669309533,0.8964668647863983
A2_FEATURE_MASKING,0.9695993661880493,0.7760910850194244,0.8964668647863983
A2_FEATURE_MASKING,0.9695992469787598,0.7761001112025764,0.8964668647863983
A2_FEATURE_MASKING,0.9695990085601807,0.7761037216758373,0.8964668647863983
A2_FEATURE_MASKING,0.9695987701416016,0.7761127478589893,0.8964668647863983
A2_FEATURE_MASKING,0.9695979952812195,0.776119968805511,0.8964668647863983
A2_FEATURE_MASKING,0.9695977568626404,0.7761398264084456,0.8964668647863983
A2_FEATURE_MASKING,0.969597339630127,0.7761434368817065,0.8964668647863983
A2_FEATURE_MASKING,0.9695972204208374,0.7762030096905103,0.8964668647863983
A2_FEATURE_MASKING,0.9695967435836792,0.7762066201637711,0.8964668647863983
A2_FEATURE_MASKING,0.9695962071418762,0.7762174515835536,0.8964668647863983
A2_FEATURE_MASKING,0.9695960879325867,0.776219256820184,0.8964668647863983
A2_FEATURE_MASKING,0.9695953130722046,0.7762246725300752,0.8964668647863983
A2_FEATURE_MASKING,0.9695947766304016,0.7762282830033361,0.8964668647863983
A2_FEATURE_MASKING,0.9695946574211121,0.7762427248963795,0.8964668647863983
A2_FEATURE_MASKING,0.9695942997932434,0.7762607772626836,0.8964668647863983
A2_FEATURE_MASKING,0.9695941805839539,0.7762698034458356,0.8964668647863983
A2_FEATURE_MASKING,0.9695940613746643,0.7763474286209436,0.8964668647863983
A2_FEATURE_MASKING,0.96959388256073,0.7763600652773566,0.8964668647863983
A2_FEATURE_MASKING,0.9695931673049927,0.7763636757506174,0.8964668647863983
A2_FEATURE_MASKING,0.9695929288864136,0.7763871438268128,0.8964668647863983
A2_FEATURE_MASKING,0.9695925116539001,0.7764178328495299,0.8964668647863983
A2_FEATURE_MASKING,0.9695923924446106,0.7764196380861603,0.8964668647863983
A2_FEATURE_MASKING,0.969592273235321,0.7764232485594211,0.8964668647863983
A2_FEATURE_MASKING,0.9695916175842285,0.7764322747425733,0.8964668647863983
A2_FEATURE_MASKING,0.9695913791656494,0.7764376904524645,0.8964668647863983
A2_FEATURE_MASKING,0.9695910811424255,0.7765026789711595,0.8964668647863983
A2_FEATURE_MASKING,0.9695907235145569,0.776526147047355,0.8964668647863983
A2_FEATURE_MASKING,0.9695904850959778,0.7765279522839854,0.8964668647863983
A2_FEATURE_MASKING,0.9695903658866882,0.7765586413067025,0.8964668647863983
A2_FEATURE_MASKING,0.9695901274681091,0.7765622517799633,0.8964668647863983
A2_FEATURE_MASKING,0.9695899486541748,0.7765676674898546,0.8964668647863983
A2_FEATURE_MASKING,0.9695890545845032,0.7765983565125717,0.8964668647863983
A2_FEATURE_MASKING,0.9695888161659241,0.7766019669858325,0.8964668647863983
A2_FEATURE_MASKING,0.9695886969566345,0.7766091879323542,0.8964668647863983
A2_FEATURE_MASKING,0.9695882797241211,0.776612798405615,0.8964668647863983
A2_FEATURE_MASKING,0.9695879220962524,0.7766362664818104,0.8964668647863983
A2_FEATURE_MASKING,0.9695875644683838,0.7766543188481146,0.8964668647863983
A2_FEATURE_MASKING,0.9695874452590942,0.776656124084745,0.8964668647863983
A2_FEATURE_MASKING,0.9695873260498047,0.7766615397946363,0.8964668647863983
A2_FEATURE_MASKING,0.9695866703987122,0.7766813973975709,0.8964668647863983
A2_FEATURE_MASKING,0.9695863723754883,0.7766850078708317,0.8964668647863983
A2_FEATURE_MASKING,0.9695861339569092,0.7767626330459396,0.8964668647863983
A2_FEATURE_MASKING,0.9695857763290405,0.77676443828257,0.8964668647863983
A2_FEATURE_MASKING,0.9695855379104614,0.7767734644657222,0.8964668647863983
A2_FEATURE_MASKING,0.969585120677948,0.7767969325419176,0.8964668647863983
A2_FEATURE_MASKING,0.9695846438407898,0.776798737778548,0.8964668647863983
A2_FEATURE_MASKING,0.9695841073989868,0.776811374434961,0.8964668647863983
A2_FEATURE_MASKING,0.9695838689804077,0.776820400618113,0.8964668647863983
A2_FEATURE_MASKING,0.9695835709571838,0.7768222058547435,0.8964668647863983
A2_FEATURE_MASKING,0.9695834517478943,0.7769539881287639,0.8964668647863983
A2_FEATURE_MASKING,0.9695828557014465,0.7769612090752855,0.8964668647863983
A2_FEATURE_MASKING,0.969582736492157,0.7769684300218073,0.8964668647863983
A2_FEATURE_MASKING,0.9695823192596436,0.7769973138078939,0.8964668647863983
A2_FEATURE_MASKING,0.9695814251899719,0.7770045347544156,0.8964668647863983
A2_FEATURE_MASKING,0.9695813059806824,0.7770063399910461,0.8964668647863983
A2_FEATURE_MASKING,0.9695810675621033,0.7770984070591973,0.8964668647863983
A2_FEATURE_MASKING,0.9695808291435242,0.7771110437156102,0.8964668647863983
A2_FEATURE_MASKING,0.9695807695388794,0.7771128489522406,0.8964668647863983
A2_FEATURE_MASKING,0.9695800542831421,0.7771290960819144,0.8964668647863983
A2_FEATURE_MASKING,0.969579815864563,0.7771345117918057,0.8964668647863983
A2_FEATURE_MASKING,0.9695797562599182,0.7771381222650665,0.8964668647863983
A2_FEATURE_MASKING,0.9695796370506287,0.777148953684849,0.8964668647863983
A2_FEATURE_MASKING,0.96957927942276,0.7771543693947403,0.8964668647863983
A2_FEATURE_MASKING,0.9695780277252197,0.777161590341262,0.8964668647863983
A2_FEATURE_MASKING,0.9695773720741272,0.7771886688907182,0.8964668647863983
A2_FEATURE_MASKING,0.9695771336555481,0.7771904741273487,0.8964668647863983
A2_FEATURE_MASKING,0.9695768356323242,0.7772301893332177,0.8964668647863983
A2_FEATURE_MASKING,0.9695762395858765,0.7772356050431091,0.8964668647863983
A2_FEATURE_MASKING,0.9695760607719421,0.7772356050431091,0.8968157548797887
A2_FEATURE_MASKING,0.9695751667022705,0.7772410207530003,0.8968157548797887
A2_FEATURE_MASKING,0.9695749282836914,0.7772536574094132,0.8968157548797887
A2_FEATURE_MASKING,0.9695746898651123,0.7772554626460436,0.8968157548797887
A2_FEATURE_MASKING,0.9695742130279541,0.7772662940658261,0.8968157548797887
A2_FEATURE_MASKING,0.9695737957954407,0.7773060092716954,0.8968157548797887
A2_FEATURE_MASKING,0.9695724248886108,0.7773078145083258,0.8968157548797887
A2_FEATURE_MASKING,0.969572126865387,0.777313230218217,0.8968157548797887
A2_FEATURE_MASKING,0.9695714116096497,0.777334893057782,0.8968157548797887
A2_FEATURE_MASKING,0.9695711135864258,0.7775154167208238,0.8968157548797887
A2_FEATURE_MASKING,0.9695709943771362,0.7775352743237584,0.8968157548797887
A2_FEATURE_MASKING,0.9695707559585571,0.7775424952702801,0.8968157548797887
A2_FEATURE_MASKING,0.9695690870285034,0.7775822104761492,0.8968219850600277
A2_FEATURE_MASKING,0.9695681929588318,0.7775876261860405,0.8968219850600277
A2_FEATURE_MASKING,0.9695672988891602,0.7775912366593013,0.8968219850600277
A2_FEATURE_MASKING,0.969567060470581,0.7775948471325621,0.8968219850600277
A2_FEATURE_MASKING,0.969566822052002,0.7776399780483225,0.8968219850600277
A2_FEATURE_MASKING,0.969566285610199,0.7776435885215834,0.8968219850600277
A2_FEATURE_MASKING,0.9695660471916199,0.7776471989948442,0.8968282152402669
A2_FEATURE_MASKING,0.9695655107498169,0.7777139927501697,0.8968282152402669
A2_FEATURE_MASKING,0.9695644974708557,0.7777157979868001,0.8968282152402669
A2_FEATURE_MASKING,0.9695642590522766,0.7777230189333217,0.8968282152402669
A2_FEATURE_MASKING,0.9695637226104736,0.7777537079560389,0.8968282152402669
A2_FEATURE_MASKING,0.9695634841918945,0.7777555131926693,0.8968282152402669
A2_FEATURE_MASKING,0.969563364982605,0.777784396978756,0.8968282152402669
A2_FEATURE_MASKING,0.9695623517036438,0.7777862022153864,0.8968282152402669
A2_FEATURE_MASKING,0.9695618152618408,0.7777898126886472,0.8968282152402669
A2_FEATURE_MASKING,0.9695611596107483,0.7777970336351689,0.8968282152402669
A2_FEATURE_MASKING,0.9695609211921692,0.7778475802608206,0.8968282152402669
A2_FEATURE_MASKING,0.9695597887039185,0.7778854902300594,0.8968282152402669
A2_FEATURE_MASKING,0.9695587754249573,0.7778891007033202,0.8968282152402669
A2_FEATURE_MASKING,0.9695582389831543,0.7779450630388631,0.8968282152402669
A2_FEATURE_MASKING,0.969557523727417,0.7779468682754935,0.8968282152402669
A2_FEATURE_MASKING,0.9695573449134827,0.7780624034198402,0.8968282152402669
A2_FEATURE_MASKING,0.9695537090301514,0.7780804557861445,0.8968282152402669
A2_FEATURE_MASKING,0.969553530216217,0.7780948976791878,0.8968282152402669
A2_FEATURE_MASKING,0.9695534110069275,0.7781147552821224,0.8968282152402669
A2_FEATURE_MASKING,0.9695521593093872,0.7781165605187528,0.8968282152402669
A2_FEATURE_MASKING,0.9695499539375305,0.7781201709920136,0.8968282152402669
A2_FEATURE_MASKING,0.9695497155189514,0.7781273919385353,0.8968282152402669
A2_FEATURE_MASKING,0.9695492386817932,0.7781707176176653,0.8968282152402669
A2_FEATURE_MASKING,0.9695487022399902,0.778329578441142,0.8968282152402669
A2_FEATURE_MASKING,0.969548225402832,0.778333188914403,0.8968282152402669
A2_FEATURE_MASKING,0.9695464372634888,0.7783349941510334,0.8968282152402669
A2_FEATURE_MASKING,0.9695455431938171,0.7783476308074463,0.8968282152402669
A2_FEATURE_MASKING,0.9695447683334351,0.7783548517539679,0.8968282152402669
A2_FEATURE_MASKING,0.9695443511009216,0.7783566569905983,0.8968282152402669
A2_FEATURE_MASKING,0.9695392847061157,0.7784180350360326,0.8968282152402669
A2_FEATURE_MASKING,0.9695369005203247,0.7784180350360326,0.8972767882174831
A2_FEATURE_MASKING,0.9695358276367188,0.7785317649437489,0.8972767882174831
A2_FEATURE_MASKING,0.9695307612419128,0.7785462068367922,0.8972767882174831
A2_FEATURE_MASKING,0.9695260524749756,0.7785462068367922,0.8972830183977223
A2_FEATURE_MASKING,0.9695231318473816,0.778549817310053,0.8972830183977223
A2_FEATURE_MASKING,0.969518780708313,0.778549817310053,0.8972892485779613
A2_FEATURE_MASKING,0.9695118069648743,0.7785534277833138,0.8972892485779613
A2_FEATURE_MASKING,0.969484269618988,0.7785534277833138,0.8972954787582005
A2_FEATURE_MASKING,0.9694669246673584,0.7785534277833138,0.8973079391186787
A2_FEATURE_MASKING,0.9694380164146423,0.8909853703623472,0.9028527995314904
A2_FEATURE_MASKING,0.9690542221069336,0.8909907860722384,0.9028590297117296
A2_FEATURE_MASKING,0.9690413475036621,0.8909907860722384,0.9028714900722078
A2_FEATURE_MASKING,0.9689980149269104,0.8909907860722384,0.9028901806129251
A2_FEATURE_MASKING,0.9675520062446594,0.9157766850078708,0.9412556305253911
A2_FEATURE_MASKING,0.9670211672782898,0.9179267218346981,0.9412743210661084
A2_FEATURE_MASKING,0.963827908039093,0.9242504657510506,0.9426511908989527
A2_FEATURE_MASKING,0.9638001322746277,0.9242576866975724,0.9426574210791918
A2_FEATURE_MASKING,0.9637241959571838,0.9262976040899441,0.9428505566666043
A2_FEATURE_MASKING,0.9637024998664856,0.9434527677888017,0.9629117370365524
A2_FEATURE_MASKING,0.9630780220031738,0.9438806088702107,0.9634039212754425
A2_FEATURE_MASKING,0.9630768299102783,0.9438824141068411,0.9634039212754425
A2_FEATURE_MASKING,0.9630753993988037,0.943886024580102,0.9634101514556817
A2_FEATURE_MASKING,0.9630750417709351,0.943886024580102,0.9634163816359207
A2_FEATURE_MASKING,0.9630740284919739,0.9448861256733533,0.9647621005675694
A2_FEATURE_MASKING,0.9630685448646545,0.9449276461158529,0.9647994816490041
A2_FEATURE_MASKING,0.963054895401001,0.9449619456118308,0.9648244023699606
A2_FEATURE_MASKING,0.9630433320999146,0.9449980503444392,0.9648244023699606
A2_FEATURE_MASKING,0.9630304574966431,0.9450594283898733,0.9648680136316343
A2_FEATURE_MASKING,0.9629882574081421,0.9450991435957425,0.9649178550735473
A2_FEATURE_MASKING,0.9629802703857422,0.9451135854887859,0.9649365456142647
A2_FEATURE_MASKING,0.9629401564598083,0.9453572924338922,0.9652418244459812
A2_FEATURE_MASKING,0.9629154205322266,0.9457381973629103,0.9657651595860668
A2_FEATURE_MASKING,0.9628813862800598,0.9546614820270641,0.9766866655452342
A2_FEATURE_MASKING,0.9628558158874512,0.9546668977369553,0.9766866655452342
A2_FEATURE_MASKING,0.9628452062606812,0.9546759239201075,0.9767115862661907
A2_FEATURE_MASKING,0.9628168344497681,0.9562555059717228,0.9788983795301198
A2_FEATURE_MASKING,0.9628003835678101,0.9562789740479182,0.9789233002510762
A2_FEATURE_MASKING,0.9627876281738281,0.9562934159409615,0.9789544511522719
A2_FEATURE_MASKING,0.9625569581985474,0.9563241049636786,0.9790042925941848
A2_FEATURE_MASKING,0.9621244072914124,0.9563493782765045,0.9790229831349021
A2_FEATURE_MASKING,0.9618659615516663,0.9568024926707392,0.9795774691761833
A2_FEATURE_MASKING,0.9612976312637329,0.9568385974033476,0.9796023898971398
A2_FEATURE_MASKING,0.9600525498390198,0.956840402639978,0.9796023898971398
A2_FEATURE_MASKING,0.9596390724182129,0.9568566497696518,0.9796460011588135
A2_FEATURE_MASKING,0.956627607345581,0.9595356209291914,0.9820508507311116
A2_FEATURE_MASKING,0.9550594687461853,0.9604382392444002,0.9836333165118467
A2_FEATURE_MASKING,0.9548190832138062,0.9613354418497176,0.9847298282339308
A2_FEATURE_MASKING,0.9540582895278931,0.961337247086348,0.9847298282339308
A2_FEATURE_MASKING,0.953316867351532,0.96368044423263,0.9882062688073566
A2_FEATURE_MASKING,0.9528976678848267,0.9636822494692604,0.9882124989875957
A2_FEATURE_MASKING,0.9478068351745605,0.9650560345450082,0.9898385760300046
A2_FEATURE_MASKING,0.9467484951019287,0.9668016983666219,0.9922808066837374
A2_FEATURE_MASKING,0.945016086101532,0.9668016983666219,0.9923431084861285
A2_FEATURE_MASKING,0.9390159845352173,0.9668089193131436,0.9923431084861285
A2_FEATURE_MASKING,0.3531862199306488,0.9668143350230348,0.9923431084861285
A2_FEATURE_MASKING,0.3531593978404999,0.9668161402596652,0.9923431084861285
A2_FEATURE_MASKING,0.3531390428543091,0.9669840272662941,0.9923617990268458
A2_FEATURE_MASKING,0.3530912399291992,0.9669948586860766,0.9923617990268458
A2_FEATURE_MASKING,0.35265490412712097,0.9669984691593374,0.9923617990268458
A2_FEATURE_MASKING,0.3519224524497986,0.9670093005791199,0.992368029207085
A2_FEATURE_MASKING,0.34974732995033264,0.9670129110523807,0.992368029207085
A2_FEATURE_MASKING,0.34385430812835693,0.9672024608985745,0.9923804895675632
A2_FEATURE_MASKING,0.3437872529029846,0.9680978582672617,0.9926857683992798
A2_FEATURE_MASKING,0.34352341294288635,0.9681014687405225,0.9926857683992798
A2_FEATURE_MASKING,0.3415398895740509,0.9683253180826943,0.9926857683992798
A2_FEATURE_MASKING,0.340717613697052,0.975894675274035,0.9943554567033625
A2_FEATURE_MASKING,0.3402133882045746,0.975894675274035,0.9943928377847971
A2_FEATURE_MASKING,0.3394748568534851,0.9796585936484554,0.9953273648206643
A2_FEATURE_MASKING,0.3389124274253845,0.9836301142353739,0.9961061373505535
A2_FEATURE_MASKING,0.3386874496936798,0.9836319194720043,0.9961061373505535
A2_FEATURE_MASKING,0.3383392095565796,0.9836355299452653,0.9961123675307927
A2_FEATURE_MASKING,0.32980841398239136,0.9876521814479442,0.9969534418630731
A2_FEATURE_MASKING,0.32980430126190186,0.9876539866845746,0.9969534418630731
A2_FEATURE_MASKING,0.3297555148601532,0.987655791921205,0.9969596720433123
A2_FEATURE_MASKING,0.3297293484210968,0.9914034631659518,0.9979440405210923
A2_FEATURE_MASKING,0.3295360207557678,0.9914142945857343,0.9979751914222879
A2_FEATURE_MASKING,0.3294675350189209,0.991421515532256,0.9979751914222879
A2_FEATURE_MASKING,0.3290809094905853,0.9990360036393571,0.999563887383262
A2_FEATURE_MASKING,0.32806387543678284,0.9990666926620742,0.9995888081042185
A2_FEATURE_MASKING,0.3273773193359375,0.9998194763369582,0.9999688490988045
A2_FEATURE_MASKING,0.3272322714328766,0.9998194763369582,0.9999750792790435
A2_FEATURE_MASKING,0.3148981034755707,1.0,1.0
