seed,model,epoch,train_loss
42,MLP,1,0.5513729497473291
42,MLP,2,0.3360514415705458
42,MLP,3,0.31730103302509227
42,MLP,4,0.30891123953017785
42,MLP,5,0.3020094297033675
42,MLP,6,0.29552665067479966
42,MLP,7,0.289064570627314
42,MLP,8,0.28168034664493924
42,MLP,9,0.27457610787229336
42,MLP,10,0.2674340642196067
42,MLP,11,0.26041685345959154
42,MLP,12,0.25439351416648703
42,MLP,13,0.24953924943792058
42,MLP,14,0.2462561954843237
42,MLP,15,0.24370688865793513
42,MLP,16,0.24150228024797238
42,MLP,17,0.23956693407702953
42,MLP,18,0.2379858359060389
42,MLP,19,0.23681044752927535
42,MLP,20,0.23541921710080288
42,MLP,21,0.23462744881498052
42,MLP,22,0.23366710749712397
42,MLP,23,0.23301265372874888
42,MLP,24,0.2319442423734259
42,MLP,25,0.23147362708411318
42,MLP,26,0.23054168341641731
42,MLP,27,0.22998273245831755
42,MLP,28,0.22972013373324213
42,MLP,29,0.22867792733806244
42,MLP,30,0.2281779279100134
42,MLP,31,0.22769686722374977
42,MLP,32,0.2273266873461135
42,MLP,33,0.2269192731126826
42,MLP,34,0.2262938954728715
42,MLP,35,0.22575543202618334
42,MLP,36,0.2255637357209591
42,MLP,37,0.2248273693183635
42,MLP,38,0.22473312660734704
42,MLP,39,0.22452831458538136
42,MLP,40,0.2240425004286969
42,MLP,41,0.22348678714417397
42,MLP,42,0.22315564323612985
42,MLP,43,0.22273818451039334
42,MLP,44,0.22258550388381837
42,MLP,45,0.2220797158302145
42,MLP,46,0.2223422852285365
42,MLP,47,0.2217710278135665
42,MLP,48,0.22161615005833038
42,MLP,49,0.22111036818712315
42,MLP,50,0.22097117469665853
42,MLP-DANN,1,1.2885469642091305
42,MLP-DANN,2,1.0809496070476288
42,MLP-DANN,3,1.0260484668802707
42,MLP-DANN,4,0.9469455531302918
42,MLP-DANN,5,1.0767344743647473
42,MLP-DANN,6,1.0470096088470298
42,MLP-DANN,7,0.9813069612421887
42,MLP-DANN,8,0.9962549057412655
42,MLP-DANN,9,1.072150078225643
42,MLP-DANN,10,0.9989665093574118
42,MLP-DANN,11,1.0365015122484653
42,MLP-DANN,12,0.9149112276574398
42,MLP-DANN,13,1.0785910157447165
42,MLP-DANN,14,1.0027223311840219
42,MLP-DANN,15,0.9467659161445943
42,MLP-DANN,16,0.9870013353672433
42,MLP-DANN,17,0.9276134384439346
42,MLP-DANN,18,1.0017666474301765
42,MLP-DANN,19,1.0106783280981348
42,MLP-DANN,20,1.0179087158213271
42,MLP-DANN,21,0.9755705347720612
42,MLP-DANN,22,1.0116658889232797
42,MLP-DANN,23,1.0144815736628594
42,MLP-DANN,24,1.0230650489634656
42,MLP-DANN,25,1.016035237210862
42,MLP-DANN,26,1.0517496872455516
42,MLP-DANN,27,0.8710299495686876
42,MLP-DANN,28,1.2041582763195038
42,MLP-DANN,29,1.0696617225383191
42,MLP-DANN,30,1.0111265290290752
42,MLP-DANN,31,0.7016066395221873
42,MLP-DANN,32,1.1200766182960349
42,MLP-DANN,33,1.0524997216589906
42,MLP-DANN,34,1.014746406610976
42,MLP-DANN,35,1.01144337400477
42,MLP-DANN,36,1.014080599267432
42,MLP-DANN,37,0.9907791754032703
42,MLP-DANN,38,1.0712615999769657
42,MLP-DANN,39,1.0126868695654767
42,MLP-DANN,40,1.0109613696311384
42,MLP-DANN,41,1.0100494635866044
42,MLP-DANN,42,0.9997590856349214
42,MLP-DANN,43,1.01978440994912
42,MLP-DANN,44,0.9976871723824359
42,MLP-DANN,45,1.012314313903768
42,MLP-DANN,46,0.9891640195187102
42,MLP-DANN,47,1.0204649231535323
42,MLP-DANN,48,0.9748787962375803
42,MLP-DANN,49,0.9931337452949361
42,MLP-DANN,50,0.9883282685533483
42,Attention,1,0.39144569476868246
42,Attention,2,0.33118920820824643
42,Attention,3,0.3161088523078472
42,Attention,4,0.2985049064489121
42,Attention,5,0.2809488002924209
42,Attention,6,0.2656209738330638
42,Attention,7,0.25602994684843305
42,Attention,8,0.25203103746505495
42,Attention,9,0.24834134001681146
42,Attention,10,0.24630808972931922
42,Attention,11,0.24410303222372176
42,Attention,12,0.24287538705988132
42,Attention,13,0.2407534230262675
42,Attention,14,0.2400620238895112
42,Attention,15,0.23923057793302738
42,Attention,16,0.23801216609934542
42,Attention,17,0.237475186427857
42,Attention,18,0.23668761820869244
42,Attention,19,0.2356292209092607
42,Attention,20,0.2354917416864253
42,Attention,21,0.2344442293681997
42,Attention,22,0.23349047848518859
42,Attention,23,0.2328678009674904
42,Attention,24,0.2318072496576512
42,Attention,25,0.23117282875674836
42,Attention,26,0.2298998696372864
42,Attention,27,0.22991403747112193
42,Attention,28,0.22866489944305826
42,Attention,29,0.2279535302139343
42,Attention,30,0.22689193915179434
42,Attention,31,0.2261744330221034
42,Attention,32,0.22613232899853525
42,Attention,33,0.22611304166469168
42,Attention,34,0.2254012387166632
42,Attention,35,0.22483092990327389
42,Attention,36,0.2247972404386135
42,Attention,37,0.22434443869489304
42,Attention,38,0.22410015508215478
42,Attention,39,0.22400295195427347
42,Attention,40,0.223750262025823
42,Attention,41,0.22327652177278032
42,Attention,42,0.22271735744273408
42,Attention,43,0.22297835064695237
42,Attention,44,0.22295269798091116
42,Attention,45,0.2227241005352203
42,Attention,46,0.22206503612563966
42,Attention,47,0.22184653738711743
42,Attention,48,0.22188388413571297
42,Attention,49,0.22114019270272964
42,Attention,50,0.22041684706160364
42,Attention-DANN,1,1.1516035985439381
42,Attention-DANN,2,1.0414338657196531
42,Attention-DANN,3,1.4720282985809001
42,Attention-DANN,4,1.2011160508115242
42,Attention-DANN,5,1.0671328807130773
42,Attention-DANN,6,1.5453113761354
42,Attention-DANN,7,1.1869509346941685
42,Attention-DANN,8,1.0536252970391131
42,Attention-DANN,9,1.003879725298983
42,Attention-DANN,10,1.0162042734470773
42,Attention-DANN,11,1.0381378112955297
42,Attention-DANN,12,1.0408739853412547
42,Attention-DANN,13,1.0351851836163948
42,Attention-DANN,14,1.0311717923651351
42,Attention-DANN,15,1.0287657342058547
42,Attention-DANN,16,1.02750008791051
42,Attention-DANN,17,1.0267989375489823
42,Attention-DANN,18,1.0266499734939414
42,Attention-DANN,19,1.0283124954142469
42,Attention-DANN,20,1.0308098907166339
42,Attention-DANN,21,1.0336687564849854
42,Attention-DANN,22,1.0345526743442455
42,Attention-DANN,23,1.033010405428866
42,Attention-DANN,24,1.0286292104010886
42,Attention-DANN,25,1.0254478302407772
42,Attention-DANN,26,1.0223291687508846
42,Attention-DANN,27,1.0216961769347495
42,Attention-DANN,28,1.0205892603448097
42,Attention-DANN,29,1.0224647877064157
42,Attention-DANN,30,1.0222461477239082
42,Attention-DANN,31,1.022568200496917
42,Attention-DANN,32,1.0208244260321273
42,Attention-DANN,33,1.021631471654202
42,Attention-DANN,34,1.0204730718693835
42,Attention-DANN,35,1.018560861019378
42,Attention-DANN,36,1.0189486703974135
42,Attention-DANN,37,1.0168600253602291
42,Attention-DANN,38,1.0313648562482063
42,Attention-DANN,39,1.0172205034722672
42,Attention-DANN,40,1.0263713008545814
42,Attention-DANN,41,1.0417770629233503
42,Attention-DANN,42,1.0173197433035424
42,Attention-DANN,43,1.018317660752763
42,Attention-DANN,44,1.0132852824444467
42,Attention-DANN,45,1.0100210822643119
42,Attention-DANN,46,1.0065382636607962
42,Attention-DANN,47,1.0011716732319365
42,Attention-DANN,48,0.9958063668393075
42,Attention-DANN,49,0.9903189000931192
42,Attention-DANN,50,0.9812445456677295
42,Transformer,1,0.3914136246163794
42,Transformer,2,0.3298824711682949
42,Transformer,3,0.2905609913645907
42,Transformer,4,0.2607346289652459
42,Transformer,5,0.2508864764203417
42,Transformer,6,0.24647232969390584
42,Transformer,7,0.24314994650318267
42,Transformer,8,0.2410854600528453
42,Transformer,9,0.23986324953271987
42,Transformer,10,0.2368649131757148
42,Transformer,11,0.2355516253316656
42,Transformer,12,0.23355534989783105
42,Transformer,13,0.23187163392914104
42,Transformer,14,0.22835520797587455
42,Transformer,15,0.22548480331897736
42,Transformer,16,0.22462586804907372
42,Transformer,17,0.22264931065605043
42,Transformer,18,0.21872158158332744
42,Transformer,19,0.21691415997895788
42,Transformer,20,0.21632178920380613
42,Transformer,21,0.215238297714832
42,Transformer,22,0.21475229554987968
42,Transformer,23,0.21259188826413863
42,Transformer,24,0.2116066724696058
42,Transformer,25,0.2110512614884275
42,Transformer,26,0.2099529396980367
42,Transformer,27,0.21001181941717229
42,Transformer,28,0.20837598991520861
42,Transformer,29,0.20834633834818575
42,Transformer,30,0.20767126612840814
42,Transformer,31,0.20702793163822053
42,Transformer,32,0.2073310749961975
42,Transformer,33,0.2063903916389384
42,Transformer,34,0.2061779982549079
42,Transformer,35,0.20610555182112025
42,Transformer,36,0.20513369349089075
42,Transformer,37,0.20405126426448214
42,Transformer,38,0.20418644696474075
42,Transformer,39,0.20367328727498968
42,Transformer,40,0.20379514167917537
42,Transformer,41,0.20326705657421273
42,Transformer,42,0.20297685297245674
42,Transformer,43,0.20280556777056227
42,Transformer,44,0.20190872156873663
42,Transformer,45,0.20134201312952854
42,Transformer,46,0.20171754109732648
42,Transformer,47,0.20133118807001316
42,Transformer,48,0.20068253592607824
42,Transformer,49,0.2005208061730608
42,Transformer,50,0.20019104506107085
42,Transformer-DANN,1,1.0755515491708796
42,Transformer-DANN,2,1.0502488245355321
42,Transformer-DANN,3,1.1411168594309624
42,Transformer-DANN,4,1.0423477076469583
42,Transformer-DANN,5,1.1041823574837217
42,Transformer-DANN,6,1.0036744373909972
42,Transformer-DANN,7,0.9732853725869605
42,Transformer-DANN,8,0.9849418484150095
42,Transformer-DANN,9,0.9979455699311927
42,Transformer-DANN,10,0.9652204576959001
42,Transformer-DANN,11,0.9509047181048291
42,Transformer-DANN,12,0.9465249529544343
42,Transformer-DANN,13,0.9449478248332409
42,Transformer-DANN,14,0.9400430828966992
42,Transformer-DANN,15,0.9383725682471661
42,Transformer-DANN,16,0.9444098700868323
42,Transformer-DANN,17,0.9471866989389379
42,Transformer-DANN,18,0.9502843789597775
42,Transformer-DANN,19,0.933775451589138
42,Transformer-DANN,20,0.95025438958026
42,Transformer-DANN,21,0.9430629452492328
42,Transformer-DANN,22,0.9335665157500733
42,Transformer-DANN,23,0.927628716889848
42,Transformer-DANN,24,0.9273901854423766
42,Transformer-DANN,25,0.9217717856802838
42,Transformer-DANN,26,0.9205973319550778
42,Transformer-DANN,27,0.9184339103546548
42,Transformer-DANN,28,0.9168580440764732
42,Transformer-DANN,29,0.9153414235470143
42,Transformer-DANN,30,0.9141585142054456
42,Transformer-DANN,31,0.912538304607919
42,Transformer-DANN,32,0.9118033926537696
42,Transformer-DANN,33,0.9117386290367614
42,Transformer-DANN,34,0.9101586043834686
42,Transformer-DANN,35,0.9087363614680919
42,Transformer-DANN,36,0.9082652729876498
42,Transformer-DANN,37,0.9127875401618633
42,Transformer-DANN,38,0.9816855851640093
42,Transformer-DANN,39,1.0349178973664628
42,Transformer-DANN,40,0.9566315526657916
42,Transformer-DANN,41,0.9416172028856075
42,Transformer-DANN,42,0.9356191018794445
42,Transformer-DANN,43,0.9337942708045879
42,Transformer-DANN,44,0.9344538336104535
42,Transformer-DANN,45,0.9450248955412114
42,Transformer-DANN,46,0.9289939200624506
42,Transformer-DANN,47,0.9207926278418683
42,Transformer-DANN,48,0.9309948479875605
42,Transformer-DANN,49,0.9244595087589101
42,Transformer-DANN,50,0.9205253828079143
43,MLP,1,0.4487427273329268
43,MLP,2,0.33041339193252806
43,MLP,3,0.31568655022915376
43,MLP,4,0.3049684785147931
43,MLP,5,0.2970420715022594
43,MLP,6,0.2886634459520908
43,MLP,7,0.2797973501555463
43,MLP,8,0.2715052399546542
43,MLP,9,0.26543911134308956
43,MLP,10,0.2611338604003825
43,MLP,11,0.25748135323854204
43,MLP,12,0.2544924371103023
43,MLP,13,0.25216796899095495
43,MLP,14,0.2493909648124208
43,MLP,15,0.24725046880701754
43,MLP,16,0.24526463005136936
43,MLP,17,0.24321167186853734
43,MLP,18,0.24178199898055258
43,MLP,19,0.24003648631116178
43,MLP,20,0.23855996655022843
43,MLP,21,0.2374572700008433
43,MLP,22,0.23627678431729052
43,MLP,23,0.23532526401129175
43,MLP,24,0.23471520080211314
43,MLP,25,0.23377257712343905
43,MLP,26,0.2329549973315381
43,MLP,27,0.23242746325249367
43,MLP,28,0.2317338913996169
43,MLP,29,0.23122919271601008
43,MLP,30,0.23063147717967947
43,MLP,31,0.23044590065453915
43,MLP,32,0.22981566872368467
43,MLP,33,0.229389821278288
43,MLP,34,0.22907570242247682
43,MLP,35,0.22824550388341255
43,MLP,36,0.2277996333989691
43,MLP,37,0.22771805477269152
43,MLP,38,0.22691503500050686
43,MLP,39,0.22723645859576286
43,MLP,40,0.22641107392437915
43,MLP,41,0.22618970940721797
43,MLP,42,0.22558071083844977
43,MLP,43,0.2255162423912515
43,MLP,44,0.22507176944550047
43,MLP,45,0.224651667190359
43,MLP,46,0.2243650850463421
43,MLP,47,0.22390370134343493
43,MLP,48,0.22362270634225073
43,MLP,49,0.22338186695854714
43,MLP,50,0.22343827673095337
43,MLP-DANN,1,1.2703048523436202
43,MLP-DANN,2,1.0431491288732975
43,MLP-DANN,3,1.0177337127797148
43,MLP-DANN,4,1.0155096447214167
43,MLP-DANN,5,0.9961589948928102
43,MLP-DANN,6,1.0245869235789522
43,MLP-DANN,7,1.1287419218966301
43,MLP-DANN,8,0.9863984350194323
43,MLP-DANN,9,0.9418782566456084
43,MLP-DANN,10,0.9855759587693722
43,MLP-DANN,11,0.9839661235504962
43,MLP-DANN,12,0.9994558114954766
43,MLP-DANN,13,1.0004461141342813
43,MLP-DANN,14,0.9738625763578618
43,MLP-DANN,15,1.0873875332639573
43,MLP-DANN,16,1.0336588633821366
43,MLP-DANN,17,1.1457276166753565
43,MLP-DANN,18,0.986231840037285
43,MLP-DANN,19,1.0707425976053198
43,MLP-DANN,20,0.916810302658284
43,MLP-DANN,21,1.0321724865030735
43,MLP-DANN,22,1.0303461976507877
43,MLP-DANN,23,1.0049003958702087
43,MLP-DANN,24,0.9417278468608856
43,MLP-DANN,25,0.9860889810196897
43,MLP-DANN,26,1.060471882845493
43,MLP-DANN,27,0.9903372082304447
43,MLP-DANN,28,0.9582916884980304
43,MLP-DANN,29,1.122499521108384
43,MLP-DANN,30,1.0121141038042434
43,MLP-DANN,31,1.1565067806142442
43,MLP-DANN,32,0.8741007821356996
43,MLP-DANN,33,1.1322856925903482
43,MLP-DANN,34,0.9486791960736538
43,MLP-DANN,35,0.9518343616039195
43,MLP-DANN,36,0.9870853176776399
43,MLP-DANN,37,0.9638506852565928
43,MLP-DANN,38,0.937718261429604
43,MLP-DANN,39,1.044265848525027
43,MLP-DANN,40,0.9710007829869047
43,MLP-DANN,41,0.9380297616441199
43,MLP-DANN,42,1.0048778862395185
43,MLP-DANN,43,0.9494399422026695
43,MLP-DANN,44,0.9723566123779784
43,MLP-DANN,45,0.9646376593315855
43,MLP-DANN,46,0.9639330018073955
43,MLP-DANN,47,0.9472500206308162
43,MLP-DANN,48,0.9500161155741266
43,MLP-DANN,49,0.9619517034672677
43,MLP-DANN,50,0.9374521786862231
43,Attention,1,0.4633521903702553
43,Attention,2,0.3317822538157727
43,Attention,3,0.3142786568149607
43,Attention,4,0.2971351368630186
43,Attention,5,0.27570474686774804
43,Attention,6,0.26039709055677374
43,Attention,7,0.2529351698591354
43,Attention,8,0.24904858416065256
43,Attention,9,0.24640511103132937
43,Attention,10,0.24396058996307088
43,Attention,11,0.24285988715734888
43,Attention,12,0.24170840579144498
43,Attention,13,0.24047784824320612
43,Attention,14,0.24040809051787598
43,Attention,15,0.23905479273897537
43,Attention,16,0.23813296093585642
43,Attention,17,0.23758530474089562
43,Attention,18,0.2371259978476991
43,Attention,19,0.23708813193630665
43,Attention,20,0.23593462654884825
43,Attention,21,0.23504499520393127
43,Attention,22,0.23449173902577541
43,Attention,23,0.23434794329582376
43,Attention,24,0.23354583518936278
43,Attention,25,0.23340838101316005
43,Attention,26,0.23296253842876313
43,Attention,27,0.23220438240690433
43,Attention,28,0.23200173105331176
43,Attention,29,0.23228880763053894
43,Attention,30,0.23165848486601037
43,Attention,31,0.23122088056295476
43,Attention,32,0.23079643874092304
43,Attention,33,0.2301482952972676
43,Attention,34,0.23004132017810294
43,Attention,35,0.23006562349644114
43,Attention,36,0.22883954247895708
43,Attention,37,0.22882461642965357
43,Attention,38,0.22796407294400195
43,Attention,39,0.22826011954469883
43,Attention,40,0.22786102079330606
43,Attention,41,0.22680537577005142
43,Attention,42,0.22670144667016698
43,Attention,43,0.22632980394236585
43,Attention,44,0.22462624628493127
43,Attention,45,0.22415072930620072
43,Attention,46,0.22326004742941957
43,Attention,47,0.22280433060640983
43,Attention,48,0.22134339333848752
43,Attention,49,0.22071115720145246
43,Attention,50,0.22080738081576975
43,Attention-DANN,1,1.1222992475996627
43,Attention-DANN,2,1.0515277157438563
43,Attention-DANN,3,1.0749661161544475
43,Attention-DANN,4,1.053381585694374
43,Attention-DANN,5,2.3714862224903515
43,Attention-DANN,6,1.2883922597195239
43,Attention-DANN,7,1.091418020268704
43,Attention-DANN,8,1.0626608310861791
43,Attention-DANN,9,1.0426628247220466
43,Attention-DANN,10,0.9869107971800134
43,Attention-DANN,11,1.005626732364614
43,Attention-DANN,12,1.11583818146523
43,Attention-DANN,13,1.1847914482684845
43,Attention-DANN,14,1.0952460841929659
43,Attention-DANN,15,1.081699253396785
43,Attention-DANN,16,1.0834586734467364
43,Attention-DANN,17,1.0603361269260974
43,Attention-DANN,18,1.0244907216822847
43,Attention-DANN,19,1.0148466159688665
43,Attention-DANN,20,1.0308974778398554
43,Attention-DANN,21,1.0536849917249476
43,Attention-DANN,22,1.0672899129542899
43,Attention-DANN,23,1.047128530258828
43,Attention-DANN,24,1.0279057609274032
43,Attention-DANN,25,1.0356964862093012
43,Attention-DANN,26,1.0477552287122036
43,Attention-DANN,27,1.0428009540476697
43,Attention-DANN,28,1.0215543090028967
43,Attention-DANN,29,1.0159384595586898
43,Attention-DANN,30,1.0236148815205757
43,Attention-DANN,31,1.0210539381554786
43,Attention-DANN,32,1.011841411286212
43,Attention-DANN,33,1.0193414973451735
43,Attention-DANN,34,1.0149464753079922
43,Attention-DANN,35,1.0191096581043082
43,Attention-DANN,36,1.0293619721493823
43,Attention-DANN,37,1.0322510067452775
43,Attention-DANN,38,1.050012545382723
43,Attention-DANN,39,1.0993561985644889
43,Attention-DANN,40,1.054590754052426
43,Attention-DANN,41,1.010120266929586
43,Attention-DANN,42,1.0076589159508968
43,Attention-DANN,43,1.0064742945610208
43,Attention-DANN,44,1.001931254534011
43,Attention-DANN,45,1.0010540732677946
43,Attention-DANN,46,1.0013507921644982
43,Attention-DANN,47,1.0042781931288698
43,Attention-DANN,48,1.0095174065295687
43,Attention-DANN,49,1.0097234356910625
43,Attention-DANN,50,1.008686896968395
43,Transformer,1,0.3777002384687992
43,Transformer,2,0.3078722763568797
43,Transformer,3,0.26733495231638565
43,Transformer,4,0.2542764598384817
43,Transformer,5,0.24923120867064658
43,Transformer,6,0.2461655598054541
43,Transformer,7,0.24327336822418458
43,Transformer,8,0.2400313603117111
43,Transformer,9,0.23774819900380803
43,Transformer,10,0.23707165901965283
43,Transformer,11,0.2340902159822748
43,Transformer,12,0.2333866887270136
43,Transformer,13,0.23131222341288912
43,Transformer,14,0.22969999116785983
43,Transformer,15,0.22854360779549213
43,Transformer,16,0.22683736364892187
43,Transformer,17,0.22602228962994636
43,Transformer,18,0.2246527739978851
43,Transformer,19,0.2231901727141218
43,Transformer,20,0.22256256909446515
43,Transformer,21,0.22135906888449447
43,Transformer,22,0.22027858996644933
43,Transformer,23,0.21928216691346877
43,Transformer,24,0.21797130621494132
43,Transformer,25,0.21812901281295938
43,Transformer,26,0.2165172978284511
43,Transformer,27,0.21569281388470468
43,Transformer,28,0.21556921937364212
43,Transformer,29,0.21456813130606997
43,Transformer,30,0.2130416566704182
43,Transformer,31,0.21243278999277887
43,Transformer,32,0.21174552703791477
43,Transformer,33,0.21203904868440426
43,Transformer,34,0.21134226119264643
43,Transformer,35,0.21073597019657175
43,Transformer,36,0.21055862624594507
43,Transformer,37,0.20994781591790787
43,Transformer,38,0.2092864066362381
43,Transformer,39,0.21011245203145007
43,Transformer,40,0.20870298004530846
43,Transformer,41,0.20789278013275025
43,Transformer,42,0.20788062474829086
43,Transformer,43,0.20719363524558695
43,Transformer,44,0.20644573185672152
43,Transformer,45,0.2067996623351219
43,Transformer,46,0.20592246252171537
43,Transformer,47,0.2052719662798212
43,Transformer,48,0.20462327418809242
43,Transformer,49,0.20336699327255817
43,Transformer,50,0.20380259527170913
43,Transformer-DANN,1,1.0952099777282553
43,Transformer-DANN,2,1.0784485999574052
43,Transformer-DANN,3,1.1064544294742829
43,Transformer-DANN,4,1.0356657980604376
43,Transformer-DANN,5,0.9970152733173776
43,Transformer-DANN,6,1.0077774822711945
43,Transformer-DANN,7,0.9678967182940625
43,Transformer-DANN,8,0.9510615518752564
43,Transformer-DANN,9,1.0861807408485007
43,Transformer-DANN,10,1.0019584938566735
43,Transformer-DANN,11,0.9428191926885159
43,Transformer-DANN,12,0.9429943181098775
43,Transformer-DANN,13,0.9384141754596791
43,Transformer-DANN,14,0.9582044913413676
43,Transformer-DANN,15,0.9458145068046895
43,Transformer-DANN,16,0.9677205472550494
43,Transformer-DANN,17,0.9873681842012608
43,Transformer-DANN,18,0.9457374849218003
43,Transformer-DANN,19,0.9406130389964327
43,Transformer-DANN,20,0.9354481544900448
43,Transformer-DANN,21,0.951351707920115
43,Transformer-DANN,22,0.9426428219105335
43,Transformer-DANN,23,0.9330409727198012
43,Transformer-DANN,24,0.9433120457415886
43,Transformer-DANN,25,1.0670178050690509
43,Transformer-DANN,26,0.9732353782400172
43,Transformer-DANN,27,0.9433025977712997
43,Transformer-DANN,28,0.935730998186355
43,Transformer-DANN,29,0.9347523400124084
43,Transformer-DANN,30,0.9312277119210426
43,Transformer-DANN,31,0.9261753140611851
43,Transformer-DANN,32,1.038277894892591
43,Transformer-DANN,33,0.9446645182497958
43,Transformer-DANN,34,0.9354728751994194
43,Transformer-DANN,35,0.9316509461149256
43,Transformer-DANN,36,0.9280370194861229
43,Transformer-DANN,37,0.9247626453003985
43,Transformer-DANN,38,0.9213789593666157
43,Transformer-DANN,39,0.9314151913561719
43,Transformer-DANN,40,0.9219409962917896
43,Transformer-DANN,41,0.9205900557497715
43,Transformer-DANN,42,0.9186036212647215
43,Transformer-DANN,43,0.9170691402668648
43,Transformer-DANN,44,0.9154268306620578
43,Transformer-DANN,45,0.9150586641849355
43,Transformer-DANN,46,0.9141584660144563
43,Transformer-DANN,47,0.9137167404306695
43,Transformer-DANN,48,0.9123473585920131
43,Transformer-DANN,49,0.9123457232688336
43,Transformer-DANN,50,0.9105227653016436
44,MLP,1,0.6581046318120145
44,MLP,2,0.3678005832306882
44,MLP,3,0.3197330290332754
44,MLP,4,0.3074423683450577
44,MLP,5,0.29834256590680874
44,MLP,6,0.2894761746234082
44,MLP,7,0.27997925148365344
44,MLP,8,0.2705140126512406
44,MLP,9,0.2615807589064253
44,MLP,10,0.2549592172528835
44,MLP,11,0.24982824699675782
44,MLP,12,0.24567904529419352
44,MLP,13,0.2429257517165326
44,MLP,14,0.2412791800625781
44,MLP,15,0.2395451435066284
44,MLP,16,0.23887807178370496
44,MLP,17,0.23818812994880878
44,MLP,18,0.23768214754601744
44,MLP,19,0.2367868401268695
44,MLP,20,0.23582539945206743
44,MLP,21,0.23526243500887078
44,MLP,22,0.23404630099205262
44,MLP,23,0.23372270610738308
44,MLP,24,0.23318994124519063
44,MLP,25,0.23280495405197144
44,MLP,26,0.23191159805084796
44,MLP,27,0.23168936482769378
44,MLP,28,0.23089163465068696
44,MLP,29,0.23047203586456624
44,MLP,30,0.22982662282091507
44,MLP,31,0.22915400184215384
44,MLP,32,0.22903277376230727
44,MLP,33,0.22842502086720567
44,MLP,34,0.22799123855347328
44,MLP,35,0.22742530037748052
44,MLP,36,0.2268169289256664
44,MLP,37,0.22596343987165612
44,MLP,38,0.22556263002309393
44,MLP,39,0.2252490298545107
44,MLP,40,0.22495192669807595
44,MLP,41,0.22410900510372
44,MLP,42,0.22356776211490023
44,MLP,43,0.22355452100647258
44,MLP,44,0.22278735311107434
44,MLP,45,0.22249633803012522
44,MLP,46,0.22199667562195596
44,MLP,47,0.2217363750046872
44,MLP,48,0.22077317837070912
44,MLP,49,0.2205626753733513
44,MLP,50,0.2202719950929601
44,MLP-DANN,1,1.2795387189439003
44,MLP-DANN,2,1.0514891287113757
44,MLP-DANN,3,0.9955355169925284
44,MLP-DANN,4,0.9912760917176592
44,MLP-DANN,5,1.040307195896798
44,MLP-DANN,6,0.9881246945959457
44,MLP-DANN,7,0.9928031633508966
44,MLP-DANN,8,1.0373258857016867
44,MLP-DANN,9,0.9643865157949164
44,MLP-DANN,10,1.01364802997163
44,MLP-DANN,11,1.0715893113866766
44,MLP-DANN,12,1.0227833675577285
44,MLP-DANN,13,1.0954399964910873
44,MLP-DANN,14,1.0091993390245642
44,MLP-DANN,15,0.9820661386276813
44,MLP-DANN,16,0.9868068859932271
44,MLP-DANN,17,0.9792088580892441
44,MLP-DANN,18,0.9811804408722735
44,MLP-DANN,19,1.031035121451033
44,MLP-DANN,20,0.9806999259806694
44,MLP-DANN,21,0.9748401464299953
44,MLP-DANN,22,0.9646389401973562
44,MLP-DANN,23,0.9524850712177602
44,MLP-DANN,24,0.9721520974280986
44,MLP-DANN,25,0.9587777599375299
44,MLP-DANN,26,0.9399055172788336
44,MLP-DANN,27,0.9333102202161829
44,MLP-DANN,28,0.9975226198105102
44,MLP-DANN,29,1.0904310434422595
44,MLP-DANN,30,0.9661562873962077
44,MLP-DANN,31,0.9409918353912679
44,MLP-DANN,32,0.9476957650894814
44,MLP-DANN,33,0.9697008107570891
44,MLP-DANN,34,0.966417172487746
44,MLP-DANN,35,0.9524430987682748
44,MLP-DANN,36,0.9443179438722894
44,MLP-DANN,37,0.9377186539325308
44,MLP-DANN,38,0.9398226198997903
44,MLP-DANN,39,0.948616807765149
44,MLP-DANN,40,0.9603051625667735
44,MLP-DANN,41,1.1707977994959404
44,MLP-DANN,42,1.0019009842517528
44,MLP-DANN,43,1.0820922350629847
44,MLP-DANN,44,0.9696746189543541
44,MLP-DANN,45,0.9649665247886738
44,MLP-DANN,46,0.9621415220676585
44,MLP-DANN,47,0.946216973852604
44,MLP-DANN,48,0.9423082033370404
44,MLP-DANN,49,0.944723478023042
44,MLP-DANN,50,0.9422287065932091
44,Attention,1,0.3911976376746563
44,Attention,2,0.3353434997670194
44,Attention,3,0.31662660012853905
44,Attention,4,0.2893321067094803
44,Attention,5,0.2656582768293137
44,Attention,6,0.25504598877531415
44,Attention,7,0.24874506621284687
44,Attention,8,0.24499243466143913
44,Attention,9,0.2421853629515526
44,Attention,10,0.24003291034952123
44,Attention,11,0.2383397250099385
44,Attention,12,0.23711298168339628
44,Attention,13,0.2355632501396727
44,Attention,14,0.23409326723281373
44,Attention,15,0.23317544701251577
44,Attention,16,0.23184040188789368
44,Attention,17,0.2317761017921123
44,Attention,18,0.23072116187912353
44,Attention,19,0.22984749031193713
44,Attention,20,0.22946446167027695
44,Attention,21,0.22824135597081893
44,Attention,22,0.2280329294661258
44,Attention,23,0.2261900243924019
44,Attention,24,0.2263375571433534
44,Attention,25,0.22473285917906052
44,Attention,26,0.2239849900311612
44,Attention,27,0.22454619708847492
44,Attention,28,0.22300634469757688
44,Attention,29,0.222633939315664
44,Attention,30,0.22073231843557764
44,Attention,31,0.220644733214632
44,Attention,32,0.2195234366870941
44,Attention,33,0.21927869557700258
44,Attention,34,0.21861859981683976
44,Attention,35,0.2180600071207006
44,Attention,36,0.21723920487342996
44,Attention,37,0.21590773872238525
44,Attention,38,0.21596474628499213
44,Attention,39,0.21523653271984547
44,Attention,40,0.21481789014440902
44,Attention,41,0.2146016958546131
44,Attention,42,0.213787723570428
44,Attention,43,0.21339412604240662
44,Attention,44,0.21356858582572735
44,Attention,45,0.2129006694923056
44,Attention,46,0.21232652901969057
44,Attention,47,0.21180563641989486
44,Attention,48,0.21201188894028358
44,Attention,49,0.21176933909350254
44,Attention,50,0.21105755405857207
44,Attention-DANN,1,1.0897204191126721
44,Attention-DANN,2,1.0476951523030058
44,Attention-DANN,3,1.081095611795466
44,Attention-DANN,4,1.0221492800306766
44,Attention-DANN,5,1.0566015351325908
44,Attention-DANN,6,1.0017932754881838
44,Attention-DANN,7,1.0568318240186
44,Attention-DANN,8,1.0339200471309906
44,Attention-DANN,9,1.0125963878124318
44,Attention-DANN,10,1.0681651875059655
44,Attention-DANN,11,1.5379984822679074
44,Attention-DANN,12,1.5350119300345157
44,Attention-DANN,13,0.9779103969005828
44,Attention-DANN,14,0.7442848352675743
44,Attention-DANN,15,1.0218059426926551
44,Attention-DANN,16,1.1266793221869367
44,Attention-DANN,17,0.8978871544624897
44,Attention-DANN,18,1.2543797156912215
44,Attention-DANN,19,1.287137231928237
44,Attention-DANN,20,10.368132907659449
44,Attention-DANN,21,3.4334474954199283
44,Attention-DANN,22,0.9798116214731907
44,Attention-DANN,23,0.8900403076029838
44,Attention-DANN,24,0.8902124699125898
44,Attention-DANN,25,0.8993519145123502
44,Attention-DANN,26,0.923458032785578
44,Attention-DANN,27,0.9540542116824616
44,Attention-DANN,28,0.9755169324418331
44,Attention-DANN,29,0.9832926753987657
44,Attention-DANN,30,0.9791173491072147
44,Attention-DANN,31,0.9756990316066336
44,Attention-DANN,32,0.9774285675363338
44,Attention-DANN,33,0.9879815730642765
44,Attention-DANN,34,0.9966601025550923
44,Attention-DANN,35,1.0066140972553415
44,Attention-DANN,36,1.0022879350692668
44,Attention-DANN,37,0.9876831078782995
44,Attention-DANN,38,0.9758877988825453
44,Attention-DANN,39,0.9691548385518662
44,Attention-DANN,40,0.9668482941515902
44,Attention-DANN,41,0.9616125853771859
44,Attention-DANN,42,0.9619120733535036
44,Attention-DANN,43,0.9586616133121734
44,Attention-DANN,44,0.959966203633775
44,Attention-DANN,45,0.959798036103553
44,Attention-DANN,46,0.9607770309803334
44,Attention-DANN,47,0.9656325103120601
44,Attention-DANN,48,0.9936379213282402
44,Attention-DANN,49,1.015866277065683
44,Attention-DANN,50,1.0168543400916648
44,Transformer,1,0.3590063050072244
44,Transformer,2,0.30908879320672217
44,Transformer,3,0.2680450864928834
44,Transformer,4,0.25246722219472234
44,Transformer,5,0.24618537153335326
44,Transformer,6,0.24098173830103367
44,Transformer,7,0.23713483011468928
44,Transformer,8,0.23318877134551394
44,Transformer,9,0.22900784126621612
44,Transformer,10,0.22633364669820097
44,Transformer,11,0.22280426164890857
44,Transformer,12,0.2205832137706432
44,Transformer,13,0.22020841643531272
44,Transformer,14,0.21762676140729417
44,Transformer,15,0.21669375040429703
44,Transformer,16,0.2146980527867662
44,Transformer,17,0.21558074621444054
44,Transformer,18,0.21378948254154084
44,Transformer,19,0.21232251997323745
44,Transformer,20,0.21145292086170075
44,Transformer,21,0.2098602444884625
44,Transformer,22,0.20959966407811387
44,Transformer,23,0.20907765737873443
44,Transformer,24,0.20815198408796431
44,Transformer,25,0.20734447224977168
44,Transformer,26,0.20664073384188592
44,Transformer,27,0.206106480448804
44,Transformer,28,0.20599304948081362
44,Transformer,29,0.20447478887248546
44,Transformer,30,0.20442048412688235
44,Transformer,31,0.20360159858110102
44,Transformer,32,0.20278060721590163
44,Transformer,33,0.2028633660458504
44,Transformer,34,0.20202597040445247
44,Transformer,35,0.20182930107446426
44,Transformer,36,0.20144454183730673
44,Transformer,37,0.2040802960066085
44,Transformer,38,0.20120669869666405
44,Transformer,39,0.20113055281182554
44,Transformer,40,0.2004811110648703
44,Transformer,41,0.2001901091413295
44,Transformer,42,0.1996714415702414
44,Transformer,43,0.19875058230567486
44,Transformer,44,0.19884859326672047
44,Transformer,45,0.1986167126513542
44,Transformer,46,0.19761193147365083
44,Transformer,47,0.19851139901166268
44,Transformer,48,0.19710371246997346
44,Transformer,49,0.19718843286341808
44,Transformer,50,0.19596306852837828
44,Transformer-DANN,1,1.1096465625661485
44,Transformer-DANN,2,1.0960371227974588
44,Transformer-DANN,3,1.0912116854748828
44,Transformer-DANN,4,1.1614446969742471
44,Transformer-DANN,5,1.0564310791644644
44,Transformer-DANN,6,1.2138333859595847
44,Transformer-DANN,7,1.0580814455417877
44,Transformer-DANN,8,0.9984555003490854
44,Transformer-DANN,9,0.9791439860425097
44,Transformer-DANN,10,1.028375339000783
44,Transformer-DANN,11,0.9655132223951056
44,Transformer-DANN,12,0.9759646844356618
44,Transformer-DANN,13,0.9751132897874142
44,Transformer-DANN,14,0.9859955862481543
44,Transformer-DANN,15,1.0055738833356411
44,Transformer-DANN,16,0.957263283907099
44,Transformer-DANN,17,0.952189508904802
44,Transformer-DANN,18,0.9541780358933388
44,Transformer-DANN,19,0.9533830145572094
44,Transformer-DANN,20,0.9539007956677295
44,Transformer-DANN,21,0.9541137751112593
44,Transformer-DANN,22,0.9504818275887915
44,Transformer-DANN,23,0.9611492886188182
44,Transformer-DANN,24,0.9666724921541011
44,Transformer-DANN,25,1.1395013446503497
44,Transformer-DANN,26,0.96249417548484
44,Transformer-DANN,27,0.9578623860440356
44,Transformer-DANN,28,1.2580709374965506
44,Transformer-DANN,29,1.0970692875537467
44,Transformer-DANN,30,1.0412394550252468
44,Transformer-DANN,31,1.065100816970176
44,Transformer-DANN,32,1.0700784046599205
44,Transformer-DANN,33,1.0406400865696845
44,Transformer-DANN,34,0.9972382669753217
44,Transformer-DANN,35,1.0069870688813798
44,Transformer-DANN,36,0.9715190954664921
44,Transformer-DANN,37,0.9572637233328312
44,Transformer-DANN,38,0.9562778282672801
44,Transformer-DANN,39,0.9533864849425376
44,Transformer-DANN,40,0.9490974291842035
44,Transformer-DANN,41,0.9475978910923004
44,Transformer-DANN,42,0.9453507585728422
44,Transformer-DANN,43,0.9443764629516196
44,Transformer-DANN,44,0.9440561260314698
44,Transformer-DANN,45,0.9430641474875998
44,Transformer-DANN,46,0.9407818000367347
44,Transformer-DANN,47,0.9399488879011032
44,Transformer-DANN,48,0.9394417297332844
44,Transformer-DANN,49,0.9389665513596637
44,Transformer-DANN,50,0.9377742530183589
45,MLP,1,0.5879702507815463
45,MLP,2,0.3352522961002715
45,MLP,3,0.316096490050884
45,MLP,4,0.3071751483577363
45,MLP,5,0.30017604377675566
45,MLP,6,0.2942625880241394
45,MLP,7,0.2882382533651717
45,MLP,8,0.2822282796210431
45,MLP,9,0.2754313498735428
45,MLP,10,0.26784354575136876
45,MLP,11,0.260209247945471
45,MLP,12,0.25395134186491053
45,MLP,13,0.2499131000739463
45,MLP,14,0.24673213365864247
45,MLP,15,0.24457930250370757
45,MLP,16,0.24265132749334295
45,MLP,17,0.24109099377342996
45,MLP,18,0.23984680578429649
45,MLP,19,0.2391592853880943
45,MLP,20,0.23830043096491632
45,MLP,21,0.23770836502947706
45,MLP,22,0.23684406391483673
45,MLP,23,0.23641693370139344
45,MLP,24,0.2361043929419619
45,MLP,25,0.23535482204974967
45,MLP,26,0.23476225946177828
45,MLP,27,0.2341028816522436
45,MLP,28,0.2337772302488063
45,MLP,29,0.23329508700903426
45,MLP,30,0.23265071007165503
45,MLP,31,0.2327324648169761
45,MLP,32,0.23177822726838132
45,MLP,33,0.23198150351960609
45,MLP,34,0.23138776802002115
45,MLP,35,0.2308987631125653
45,MLP,36,0.2305985796958842
45,MLP,37,0.23013688766575874
45,MLP,38,0.23018346029393216
45,MLP,39,0.22981374314490785
45,MLP,40,0.22902203589043718
45,MLP,41,0.22885312013169554
45,MLP,42,0.22857498805573645
45,MLP,43,0.22778903645403842
45,MLP,44,0.22767402770671438
45,MLP,45,0.2275850344845589
45,MLP,46,0.22714238804071507
45,MLP,47,0.2262473721453484
45,MLP,48,0.22645571384024113
45,MLP,49,0.2257176108182745
45,MLP,50,0.2256870062110272
45,MLP-DANN,1,1.3016703128814697
45,MLP-DANN,2,1.0453674653743177
45,MLP-DANN,3,1.0250278800091845
45,MLP-DANN,4,0.9999386439932153
45,MLP-DANN,5,0.9877177844656274
45,MLP-DANN,6,0.9359012493427764
45,MLP-DANN,7,1.0298162388040664
45,MLP-DANN,8,0.9860486159933374
45,MLP-DANN,9,1.089239774866307
45,MLP-DANN,10,0.9472651747947044
45,MLP-DANN,11,1.0427040768430589
45,MLP-DANN,12,0.9662107254596467
45,MLP-DANN,13,0.994940274573387
45,MLP-DANN,14,0.993669570760524
45,MLP-DANN,15,0.9966947353900747
45,MLP-DANN,16,0.9959552370487376
45,MLP-DANN,17,1.002631812653643
45,MLP-DANN,18,0.9856606030717809
45,MLP-DANN,19,0.983508510792509
45,MLP-DANN,20,0.9876382636263016
45,MLP-DANN,21,0.996360719838041
45,MLP-DANN,22,0.9818057798324747
45,MLP-DANN,23,1.025202933778154
45,MLP-DANN,24,1.0004125053578234
45,MLP-DANN,25,0.9845244294785439
45,MLP-DANN,26,0.9830971861139257
45,MLP-DANN,27,0.9809983524870365
45,MLP-DANN,28,0.976929228990636
45,MLP-DANN,29,0.9730589852688161
45,MLP-DANN,30,0.9679578079822215
45,MLP-DANN,31,0.9661874447731261
45,MLP-DANN,32,0.9644352495670319
45,MLP-DANN,33,0.9862614667161982
45,MLP-DANN,34,1.2350713813558538
45,MLP-DANN,35,0.8808427294518085
45,MLP-DANN,36,0.9599517336551179
45,MLP-DANN,37,0.9363218748823126
45,MLP-DANN,38,0.984558400955606
45,MLP-DANN,39,0.9652232629187564
45,MLP-DANN,40,1.0122447058241417
45,MLP-DANN,41,1.0109776734037603
45,MLP-DANN,42,1.000236080682024
45,MLP-DANN,43,0.9918215268469871
45,MLP-DANN,44,1.008165902913885
45,MLP-DANN,45,0.9476023582701988
45,MLP-DANN,46,0.9891057876830406
45,MLP-DANN,47,0.9787421524524689
45,MLP-DANN,48,0.9399260884903847
45,MLP-DANN,49,0.9614047966104873
45,MLP-DANN,50,0.9799641072750092
45,Attention,1,0.4448143995188652
45,Attention,2,0.34326998572400275
45,Attention,3,0.32602025853826644
45,Attention,4,0.30639385321038837
45,Attention,5,0.2923768356125406
45,Attention,6,0.27984484300968493
45,Attention,7,0.26700323075056076
45,Attention,8,0.258113554183473
45,Attention,9,0.2527219770436591
45,Attention,10,0.24897189676127535
45,Attention,11,0.24494616623888624
45,Attention,12,0.24207330717051284
45,Attention,13,0.23902824219871074
45,Attention,14,0.23673448711633682
45,Attention,15,0.23666912602617385
45,Attention,16,0.23445145373648785
45,Attention,17,0.23293818343192974
45,Attention,18,0.2320973996786361
45,Attention,19,0.23136657413015974
45,Attention,20,0.2305064488281595
45,Attention,21,0.22927622417820262
45,Attention,22,0.23015252849523057
45,Attention,23,0.22842417879307525
45,Attention,24,0.2273236389489884
45,Attention,25,0.22749570170615582
45,Attention,26,0.22681670857870834
45,Attention,27,0.22516123474912442
45,Attention,28,0.22569615996264397
45,Attention,29,0.22422635190664453
45,Attention,30,0.22361812566189057
45,Attention,31,0.22363563452629334
45,Attention,32,0.22243714221614472
45,Attention,33,0.2225070743167654
45,Attention,34,0.2215039904447312
45,Attention,35,0.22112320426930773
45,Attention,36,0.22107651179775278
45,Attention,37,0.22104718409320143
45,Attention,38,0.21991549495686877
45,Attention,39,0.22088964394432434
45,Attention,40,0.2195502670204386
45,Attention,41,0.21886834327844865
45,Attention,42,0.21949377560869177
45,Attention,43,0.2184347927253297
45,Attention,44,0.2177907813419687
45,Attention,45,0.21730589819081286
45,Attention,46,0.21748946448589893
45,Attention,47,0.217329980369578
45,Attention,48,0.21655837335485092
45,Attention,49,0.21668310843883676
45,Attention,50,0.21622909510389288
45,Attention-DANN,1,1.1181353254521147
45,Attention-DANN,2,1.032670943026847
45,Attention-DANN,3,1.182365298905271
45,Attention-DANN,4,1.45715427842546
45,Attention-DANN,5,2.099487400435387
45,Attention-DANN,6,0.9991021955266912
45,Attention-DANN,7,0.8784236343617134
45,Attention-DANN,8,1.215281661520613
45,Attention-DANN,9,0.9545666562749985
45,Attention-DANN,10,0.9804476271284387
45,Attention-DANN,11,1.0991308752526627
45,Attention-DANN,12,0.8940731458207394
45,Attention-DANN,13,1.1277516902761255
45,Attention-DANN,14,1.1406327270446939
45,Attention-DANN,15,1.186381994409764
45,Attention-DANN,16,1.111609901519532
45,Attention-DANN,17,1.047373854733528
45,Attention-DANN,18,0.9933178120471061
45,Attention-DANN,19,1.063489633671781
45,Attention-DANN,20,1.0204705919357056
45,Attention-DANN,21,1.0264683556049428
45,Attention-DANN,22,1.0317382761772642
45,Attention-DANN,23,1.0738280707217278
45,Attention-DANN,24,1.0361906746600538
45,Attention-DANN,25,1.0468230348952272
45,Attention-DANN,26,1.0286291875737779
45,Attention-DANN,27,1.0573265121338216
45,Attention-DANN,28,1.0343367076934653
45,Attention-DANN,29,1.0438021186818467
45,Attention-DANN,30,1.0145623271769666
45,Attention-DANN,31,1.0437010907112283
45,Attention-DANN,32,1.014550451902633
45,Attention-DANN,33,1.0405522343960214
45,Attention-DANN,34,1.0081106170694878
45,Attention-DANN,35,1.0032145856542791
45,Attention-DANN,36,0.9991428065807262
45,Attention-DANN,37,0.9725390837547627
45,Attention-DANN,38,0.9633327266003223
45,Attention-DANN,39,0.9691141260431168
45,Attention-DANN,40,0.9674501558567615
45,Attention-DANN,41,1.0189172879178474
45,Attention-DANN,42,0.9750066298119565
45,Attention-DANN,43,0.9599254372272086
45,Attention-DANN,44,0.9604975486055334
45,Attention-DANN,45,0.9588410226588554
45,Attention-DANN,46,0.9576976172467495
45,Attention-DANN,47,0.9566336737034169
45,Attention-DANN,48,0.957454411907399
45,Attention-DANN,49,0.9544752366999363
45,Attention-DANN,50,0.9516214848832881
45,Transformer,1,0.3786115345168621
45,Transformer,2,0.31369315690182625
45,Transformer,3,0.2725104291705375
45,Transformer,4,0.25364907719987506
45,Transformer,5,0.24611655939766702
45,Transformer,6,0.2401593879182288
45,Transformer,7,0.23345320766910593
45,Transformer,8,0.22864223604506634
45,Transformer,9,0.22662803816034438
45,Transformer,10,0.2230887330592947
45,Transformer,11,0.2217833141380168
45,Transformer,12,0.22015384901711282
45,Transformer,13,0.21790732062877494
45,Transformer,14,0.2177747812993983
45,Transformer,15,0.21585802718045863
45,Transformer,16,0.21497602633973387
45,Transformer,17,0.21295272210176955
45,Transformer,18,0.2120742621891042
45,Transformer,19,0.21269663296481398
45,Transformer,20,0.21069995345587425
45,Transformer,21,0.20893328589327792
45,Transformer,22,0.20846114497869572
45,Transformer,23,0.2078825424009181
45,Transformer,24,0.20777726141696282
45,Transformer,25,0.2076513667372947
45,Transformer,26,0.20622398672585793
45,Transformer,27,0.20540724504501262
45,Transformer,28,0.20512218900183413
45,Transformer,29,0.20399083514162836
45,Transformer,30,0.20300668810910366
45,Transformer,31,0.20321432929089728
45,Transformer,32,0.201555258099069
45,Transformer,33,0.20139540478270104
45,Transformer,34,0.20110320284011515
45,Transformer,35,0.20065945529557289
45,Transformer,36,0.1993158532583967
45,Transformer,37,0.1990244691359236
45,Transformer,38,0.1996740887456752
45,Transformer,39,0.19832271860635026
45,Transformer,40,0.19915866217714676
45,Transformer,41,0.1982126481672551
45,Transformer,42,0.19768693234692228
45,Transformer,43,0.19720904354719407
45,Transformer,44,0.19671756457141104
45,Transformer,45,0.19622299994559997
45,Transformer,46,0.19659066992871305
45,Transformer,47,0.19589933848127405
45,Transformer,48,0.19661093741021257
45,Transformer,49,0.1952130935610609
45,Transformer,50,0.19577459705636857
45,Transformer-DANN,1,1.0702966312144666
45,Transformer-DANN,2,1.0785928178340831
45,Transformer-DANN,3,1.2061358791716554
45,Transformer-DANN,4,1.0192174182293263
45,Transformer-DANN,5,1.1094908321157415
45,Transformer-DANN,6,1.1707260507218382
45,Transformer-DANN,7,1.0300675104273127
45,Transformer-DANN,8,1.0060251450284998
45,Transformer-DANN,9,0.9994531546501403
45,Transformer-DANN,10,0.9801274430244526
45,Transformer-DANN,11,0.9507307391217414
45,Transformer-DANN,12,0.9451852903721181
45,Transformer-DANN,13,0.9426804616096172
45,Transformer-DANN,14,0.9404678560317831
45,Transformer-DANN,15,0.9400271938202229
45,Transformer-DANN,16,0.9393728698821778
45,Transformer-DANN,17,0.9504257263021266
45,Transformer-DANN,18,0.9538523808438727
45,Transformer-DANN,19,0.9401547255668234
45,Transformer-DANN,20,0.9343757749872005
45,Transformer-DANN,21,0.9304388996134413
45,Transformer-DANN,22,0.9323122317486621
45,Transformer-DANN,23,0.9364428710430226
45,Transformer-DANN,24,0.9258811670414945
45,Transformer-DANN,25,0.9249406716925033
45,Transformer-DANN,26,0.924774705729586
45,Transformer-DANN,27,0.923991064441965
45,Transformer-DANN,28,0.9211279984484327
45,Transformer-DANN,29,0.9307600709986179
45,Transformer-DANN,30,0.9237542127041106
45,Transformer-DANN,31,0.9227562337479693
45,Transformer-DANN,32,0.9189587628587763
45,Transformer-DANN,33,0.9211706785445518
45,Transformer-DANN,34,0.9178901986872896
45,Transformer-DANN,35,0.91729688263954
45,Transformer-DANN,36,0.9213454862858387
45,Transformer-DANN,37,0.9160278908749844
45,Transformer-DANN,38,0.9131111952852695
45,Transformer-DANN,39,0.9128619667063368
45,Transformer-DANN,40,0.9169221850151711
45,Transformer-DANN,41,0.9146817510432386
45,Transformer-DANN,42,0.9130442320032323
45,Transformer-DANN,43,0.9117148353698405
45,Transformer-DANN,44,0.9110636907689115
45,Transformer-DANN,45,0.9105987168372945
45,Transformer-DANN,46,0.9093669228097225
45,Transformer-DANN,47,0.9093784398220955
45,Transformer-DANN,48,0.9088024997964819
45,Transformer-DANN,49,0.908421241222544
45,Transformer-DANN,50,0.9076384527886168
46,MLP,1,0.5870155260917989
46,MLP,2,0.3488997243186261
46,MLP,3,0.3109359382948977
46,MLP,4,0.29858688249232923
46,MLP,5,0.2887677033530905
46,MLP,6,0.279434047163801
46,MLP,7,0.27136401958922124
46,MLP,8,0.26358709468486463
46,MLP,9,0.25698710660985175
46,MLP,10,0.25125793177396694
46,MLP,11,0.2465898814670583
46,MLP,12,0.243766927655707
46,MLP,13,0.24036739830006945
46,MLP,14,0.23810130500413001
46,MLP,15,0.23651014474478174
46,MLP,16,0.2350057325464614
46,MLP,17,0.23359619873635312
46,MLP,18,0.23232543230690855
46,MLP,19,0.23182476787491046
46,MLP,20,0.23111833124718767
46,MLP,21,0.23070822117176462
46,MLP,22,0.23001526613184747
46,MLP,23,0.22971685563630245
46,MLP,24,0.22908689937693008
46,MLP,25,0.22870913734461398
46,MLP,26,0.22832528263964552
46,MLP,27,0.22804376800009546
46,MLP,28,0.22735174301456898
46,MLP,29,0.22703021479413865
46,MLP,30,0.2270926909243807
46,MLP,31,0.22671705373424164
46,MLP,32,0.2260176621853037
46,MLP,33,0.22619429357508394
46,MLP,34,0.2257902481137438
46,MLP,35,0.22550665190879335
46,MLP,36,0.2252826172303646
46,MLP,37,0.22533019933294743
46,MLP,38,0.22482064413897535
46,MLP,39,0.22471316523374396
46,MLP,40,0.22440927761032226
46,MLP,41,0.22425712740167658
46,MLP,42,0.22367644627043543
46,MLP,43,0.22346355195375198
46,MLP,44,0.22358725283374178
46,MLP,45,0.22298268751895173
46,MLP,46,0.22309313603538147
46,MLP,47,0.2230295844851656
46,MLP,48,0.22261963895660766
46,MLP,49,0.22224256332884443
46,MLP,50,0.2220247283260873
46,MLP-DANN,1,1.2249244527613863
46,MLP-DANN,2,1.048963671034955
46,MLP-DANN,3,1.0169680384879416
46,MLP-DANN,4,1.0096115831364976
46,MLP-DANN,5,0.9988078646203304
46,MLP-DANN,6,1.078005648673849
46,MLP-DANN,7,0.9459705726897463
46,MLP-DANN,8,0.9746289113734631
46,MLP-DANN,9,1.0273809306165005
46,MLP-DANN,10,0.9472806054226895
46,MLP-DANN,11,0.9836266427598102
46,MLP-DANN,12,1.0161241559272116
46,MLP-DANN,13,1.0180375626746645
46,MLP-DANN,14,0.9806867628655536
46,MLP-DANN,15,0.9942166710153539
46,MLP-DANN,16,0.9782985341041646
46,MLP-DANN,17,0.9753173443865268
46,MLP-DANN,18,0.9761109764271594
46,MLP-DANN,19,0.956595869140422
46,MLP-DANN,20,0.9667180339072613
46,MLP-DANN,21,0.9584539069774303
46,MLP-DANN,22,0.9680550700806557
46,MLP-DANN,23,0.9748142513823002
46,MLP-DANN,24,0.9688920435753274
46,MLP-DANN,25,1.0341944631109847
46,MLP-DANN,26,1.0116827120172216
46,MLP-DANN,27,0.9779074870525523
46,MLP-DANN,28,1.0019923011039167
46,MLP-DANN,29,1.0163880301282762
46,MLP-DANN,30,1.0637165891363265
46,MLP-DANN,31,1.0506501863611506
46,MLP-DANN,32,0.9629699613185639
46,MLP-DANN,33,1.0276829448152096
46,MLP-DANN,34,0.9651331743027302
46,MLP-DANN,35,0.9482330090187966
46,MLP-DANN,36,0.9762165229371254
46,MLP-DANN,37,0.9450484304986102
46,MLP-DANN,38,0.9615463088167474
46,MLP-DANN,39,0.9657450470518558
46,MLP-DANN,40,0.9478447145604073
46,MLP-DANN,41,0.9833483911575155
46,MLP-DANN,42,0.9700349068388026
46,MLP-DANN,43,0.9733451059524049
46,MLP-DANN,44,0.9549185443431774
46,MLP-DANN,45,0.9351119272252346
46,MLP-DANN,46,0.9357090332406632
46,MLP-DANN,47,0.963724027288721
46,MLP-DANN,48,0.9433045063881164
46,MLP-DANN,49,0.9422010779380798
46,MLP-DANN,50,0.9406140668595091
46,Attention,1,0.45746270646440224
46,Attention,2,0.334284042424344
46,Attention,3,0.31630212829468096
46,Attention,4,0.2861955657284311
46,Attention,5,0.26220973707894063
46,Attention,6,0.2536016255617142
46,Attention,7,0.24812811042400115
46,Attention,8,0.2447179173852535
46,Attention,9,0.24235351653175152
46,Attention,10,0.23959520157981426
46,Attention,11,0.23745575483809125
46,Attention,12,0.23534956685406097
46,Attention,13,0.23385212586281148
46,Attention,14,0.2323416455629024
46,Attention,15,0.22979519024808356
46,Attention,16,0.22818489325173358
46,Attention,17,0.2268468106680728
46,Attention,18,0.2251526542166446
46,Attention,19,0.22296836623486052
46,Attention,20,0.2221848760196503
46,Attention,21,0.22103894438515317
46,Attention,22,0.21968076061061087
46,Attention,23,0.21883604786497482
46,Attention,24,0.21844813766631674
46,Attention,25,0.21787317287414631
46,Attention,26,0.21706837732741174
46,Attention,27,0.21620313569586327
46,Attention,28,0.21562508430252683
46,Attention,29,0.21514641652081876
46,Attention,30,0.21458972166193294
46,Attention,31,0.21377034738976905
46,Attention,32,0.21393802968111444
46,Attention,33,0.21247735191532907
46,Attention,34,0.21164186695154677
46,Attention,35,0.21072985992786733
46,Attention,36,0.2105222242943784
46,Attention,37,0.2102468437019815
46,Attention,38,0.20934978254297945
46,Attention,39,0.20904658227524858
46,Attention,40,0.20847130154675625
46,Attention,41,0.20785952359437943
46,Attention,42,0.20733920310405976
46,Attention,43,0.20772853287610601
46,Attention,44,0.20686504561850366
46,Attention,45,0.20654681689561682
46,Attention,46,0.20655095529683093
46,Attention,47,0.20611657392471394
46,Attention,48,0.20558721889206705
46,Attention,49,0.20552802973605216
46,Attention,50,0.20462970372210157
46,Attention-DANN,1,1.0973045191866286
46,Attention-DANN,2,1.0406139315442835
46,Attention-DANN,3,1.1853059517576339
46,Attention-DANN,4,1.0970204504246408
46,Attention-DANN,5,1.050876850777484
46,Attention-DANN,6,1.047843186779225
46,Attention-DANN,7,1.045102726905904
46,Attention-DANN,8,1.0344101215930694
46,Attention-DANN,9,1.0190515765484343
46,Attention-DANN,10,1.0383325650336894
46,Attention-DANN,11,1.033887324181009
46,Attention-DANN,12,1.0234090077116134
46,Attention-DANN,13,1.0194355661564685
46,Attention-DANN,14,1.0266688212435295
46,Attention-DANN,15,1.0240272981055238
46,Attention-DANN,16,1.174426088941858
46,Attention-DANN,17,1.0127194098969723
46,Attention-DANN,18,1.0071758780073612
46,Attention-DANN,19,1.0350218288441921
46,Attention-DANN,20,1.0037387571436294
46,Attention-DANN,21,1.0064476240188518
46,Attention-DANN,22,1.0908193860916382
46,Attention-DANN,23,1.1467429031717016
46,Attention-DANN,24,1.0163507689820959
46,Attention-DANN,25,1.0207999532527112
46,Attention-DANN,26,0.9704492821338329
46,Attention-DANN,27,0.9906186987745002
46,Attention-DANN,28,1.1312564598753097
46,Attention-DANN,29,1.0097768091140908
46,Attention-DANN,30,0.9737694352231128
46,Attention-DANN,31,0.9731467366218567
46,Attention-DANN,32,0.9665499722703974
46,Attention-DANN,33,0.9582172714649363
46,Attention-DANN,34,0.9712230670959392
46,Attention-DANN,35,0.9602169692516327
46,Attention-DANN,36,0.9569542484080538
46,Attention-DANN,37,0.953663522258718
46,Attention-DANN,38,0.9529742864852256
46,Attention-DANN,39,0.9524961621203321
46,Attention-DANN,40,0.9501439434416751
46,Attention-DANN,41,0.9511967846687804
46,Attention-DANN,42,0.9498869510407143
46,Attention-DANN,43,0.9491385570231904
46,Attention-DANN,44,0.9464552465905535
46,Attention-DANN,45,0.94604865414031
46,Attention-DANN,46,0.9470236295081199
46,Attention-DANN,47,0.9448941153414706
46,Attention-DANN,48,0.944041408122854
46,Attention-DANN,49,0.943589282162646
46,Attention-DANN,50,0.9461770767861224
46,Transformer,1,0.36843097083112025
46,Transformer,2,0.3135258114718376
46,Transformer,3,0.2749526822503577
46,Transformer,4,0.2549362972061685
46,Transformer,5,0.2458070492807855
46,Transformer,6,0.2408170256208866
46,Transformer,7,0.23716532930414727
46,Transformer,8,0.23421631674183177
46,Transformer,9,0.2310584523576371
46,Transformer,10,0.2287861467041868
46,Transformer,11,0.22650603886614454
46,Transformer,12,0.22382235320958685
46,Transformer,13,0.22240555175441376
46,Transformer,14,0.22061765637803585
46,Transformer,15,0.21954917162656784
46,Transformer,16,0.2179732655591153
46,Transformer,17,0.2158367619552511
46,Transformer,18,0.21512291596290914
46,Transformer,19,0.2135833961532471
46,Transformer,20,0.21263179357381576
46,Transformer,21,0.2112028270642808
46,Transformer,22,0.21017674404255887
46,Transformer,23,0.20965991945976906
46,Transformer,24,0.20884252957841185
46,Transformer,25,0.20742949494656096
46,Transformer,26,0.20617671770618318
46,Transformer,27,0.20602994015876283
46,Transformer,28,0.20644055750775844
46,Transformer,29,0.20420889017429758
46,Transformer,30,0.20376484952074417
46,Transformer,31,0.20334770784099052
46,Transformer,32,0.20314962749785564
46,Transformer,33,0.20230502429160666
46,Transformer,34,0.20164309426191004
46,Transformer,35,0.201837291425847
46,Transformer,36,0.20104912858694157
46,Transformer,37,0.20116427318846924
46,Transformer,38,0.20037042745884429
46,Transformer,39,0.19989762883237067
46,Transformer,40,0.19978759247571864
46,Transformer,41,0.19933723357129604
46,Transformer,42,0.19905092598910026
46,Transformer,43,0.19832941239818613
46,Transformer,44,0.19839785818723923
46,Transformer,45,0.19825639385492244
46,Transformer,46,0.1980587569005946
46,Transformer,47,0.19706917712663083
46,Transformer,48,0.1972027953634871
46,Transformer,49,0.19713789589227515
46,Transformer,50,0.19590683043637175
46,Transformer-DANN,1,1.106200376723675
46,Transformer-DANN,2,1.0421954031954421
46,Transformer-DANN,3,1.2137075865522344
46,Transformer-DANN,4,1.108137383105907
46,Transformer-DANN,5,1.339427425506267
46,Transformer-DANN,6,1.242331547940031
46,Transformer-DANN,7,1.0713367969431775
46,Transformer-DANN,8,1.1147411351508283
46,Transformer-DANN,9,1.0993489534296887
46,Transformer-DANN,10,1.0086812459407968
46,Transformer-DANN,11,0.9948335562614684
46,Transformer-DANN,12,0.9908409315220853
46,Transformer-DANN,13,0.9819267208271838
46,Transformer-DANN,14,0.9949794500432116
46,Transformer-DANN,15,0.9819897001094007
46,Transformer-DANN,16,0.9950885804409676
46,Transformer-DANN,17,1.0376444807712069
46,Transformer-DANN,18,1.0122861735364224
46,Transformer-DANN,19,0.9847740702172543
46,Transformer-DANN,20,0.968662218210545
46,Transformer-DANN,21,0.9925724470869024
46,Transformer-DANN,22,0.9724277029646203
46,Transformer-DANN,23,0.9680027112047723
46,Transformer-DANN,24,1.0327527250381225
46,Transformer-DANN,25,0.9828679504546713
46,Transformer-DANN,26,0.9547662614507878
46,Transformer-DANN,27,0.946647418306229
46,Transformer-DANN,28,0.9395999952833703
46,Transformer-DANN,29,0.9397785644581977
46,Transformer-DANN,30,0.9366850922716424
46,Transformer-DANN,31,0.936726670950017
46,Transformer-DANN,32,0.9361055144604217
46,Transformer-DANN,33,0.9347352804021632
46,Transformer-DANN,34,0.9435457194105108
46,Transformer-DANN,35,0.9336828988917331
46,Transformer-DANN,36,0.93454195780957
46,Transformer-DANN,37,0.9323359499586389
46,Transformer-DANN,38,0.9353612223838238
46,Transformer-DANN,39,0.9307517986348335
46,Transformer-DANN,40,0.9354584210730613
46,Transformer-DANN,41,0.9347506831301019
46,Transformer-DANN,42,0.9785742410954009
46,Transformer-DANN,43,0.9588945584094271
46,Transformer-DANN,44,0.9324268996715546
46,Transformer-DANN,45,0.9255027130563208
46,Transformer-DANN,46,0.9236326940516209
46,Transformer-DANN,47,0.9229711408310748
46,Transformer-DANN,48,0.9215780984848103
46,Transformer-DANN,49,0.9208462866062813
46,Transformer-DANN,50,0.9202055296999343
