w1,w2,threshold,MCC_calib,F1_calib
0.0,1.0,0.68,0.08039346780083813,0.3775029211812195
0.1,0.9,0.71,0.08039346780083813,0.3775029211812195
0.2,0.8,0.74,0.08039346780083813,0.3775029211812195
0.3,0.7,0.77,0.08039346780083813,0.3775029211812195
0.4,0.6,0.81,0.08039346780083813,0.3775029211812195
0.5,0.5,0.84,0.08041642312189592,0.37750820020450715
0.6,0.4,0.87,0.08041642312189592,0.37750820020450715
0.7,0.30000000000000004,0.9,0.08038194714121404,0.377497493376538
0.8,0.19999999999999996,0.93,0.09552851241977692,0.3820067162373159
0.9,0.09999999999999998,0.97,0.0726270582415413,0.37505115138639045
1.0,0.0,0.92,0.04930870733399874,0.37090455131014516
