model,seed,centroid_dist_src_benign_attack,centroid_dist_tgt_benign_attack
MLP,42,0.9624567,2.4777296
MLP-DANN,42,0.6629092,2.194831
Attention,42,1.9497083,1.7314128
Attention-DANN,42,1.4540237,9.357198
Transformer,42,2.2237635,4.297309
Transformer-DANN,42,1.0521721,0.8622807
MLP,43,0.90053517,1.096693
MLP-DANN,43,0.7697675,2.5489674
Attention,43,1.669855,1.1754164
Attention-DANN,43,1.3636217,6.692457
Transformer,43,2.931852,3.8947847
Transformer-DANN,43,2.3064582,12.888511
MLP,44,1.1470534,2.487567
MLP-DANN,44,0.5825657,6.4341497
Attention,44,1.8570187,6.0671268
Attention-DANN,44,2.2489994,15.746443
Transformer,44,3.7505329,2.7780411
Transformer-DANN,44,0.5312625,3.0155609
MLP,45,1.0902498,3.0457904
MLP-DANN,45,0.5328201,3.2381306
Attention,45,1.8652266,2.3057637
Attention-DANN,45,2.1096232,4.3606687
Transformer,45,2.3785532,2.7133262
Transformer-DANN,45,1.8478099,13.367207
MLP,46,0.9266593,2.5808232
MLP-DANN,46,0.6678031,2.9451604
Attention,46,2.4285936,8.892432
Attention-DANN,46,1.9836401,6.4228644
Transformer,46,3.041875,2.9113567
Transformer-DANN,46,1.6056004,5.7478924
