,count,mean,std,min,25%,50%,75%,max
flow_duration,467836.0,5.8615264892578125,272.68817138671875,0.0,0.0,0.0,0.1266327127814293,93346.4921875
Header_Length,467836.0,81465.4453125,475634.34375,0.0,54.0,54.040000915527344,2617.7500610351562,9774379.0
Protocol Type,467836.0,9.351895332336426,9.011455535888672,0.0,6.0,6.0,16.520000457763672,47.0
Duration,467836.0,66.48147583007812,14.341060638427734,0.0,64.0,64.0,64.0,255.0
Rate,467836.0,8742.5263671875,93579.1328125,0.0,2.2127819657325745,16.78558921813965,155.79143524169922,7340032.0
Srate,467836.0,8742.5263671875,93579.1328125,0.0,2.2127819657325745,16.78558921813965,155.79143524169922,7340032.0
Drate,467836.0,9.121860102823121e-07,0.0002490651677362621,0.0,0.0,0.0,0.0,0.14104071259498596
fin_flag_number,467836.0,0.07953428477048874,0.27057111263275146,0.0,0.0,0.0,0.0,1.0
syn_flag_number,467836.0,0.21431869268417358,0.4103493094444275,0.0,0.0,0.0,0.0,1.0
rst_flag_number,467836.0,0.08379004895687103,0.2770729959011078,0.0,0.0,0.0,0.0,1.0
psh_flag_number,467836.0,0.0849485695362091,0.2788054645061493,0.0,0.0,0.0,0.0,1.0
ack_flag_number,467836.0,0.12269897758960724,0.32809171080589294,0.0,0.0,0.0,0.0,1.0
ece_flag_number,467836.0,0.0,0.0,0.0,0.0,0.0,0.0,0.0
cwr_flag_number,467836.0,0.0,0.0,0.0,0.0,0.0,0.0,0.0
ack_count,467836.0,0.08361595869064331,0.27606460452079773,0.0,0.0,0.0,0.0,4.199999809265137
syn_count,467836.0,0.3461896479129791,0.6797367334365845,0.0,0.0,0.0,0.11999999731779099,10.399999618530273
fin_count,467836.0,0.09295352548360825,0.31026580929756165,0.0,0.0,0.0,0.0,64.69999694824219
urg_count,467836.0,6.521842956542969,74.48715209960938,0.0,0.0,0.0,0.0,3600.5
rst_count,467836.0,40.18939971923828,332.72662353515625,0.0,0.0,0.0,0.009999999776482582,9126.5
HTTP,467836.0,0.048339590430259705,0.21448303759098053,0.0,0.0,0.0,0.0,1.0
HTTPS,467836.0,0.05693875625729561,0.2317257970571518,0.0,0.0,0.0,0.0,1.0
DNS,467836.0,0.00014107508468441665,0.011876678094267845,0.0,0.0,0.0,0.0,1.0
Telnet,467836.0,0.0,0.0,0.0,0.0,0.0,0.0,0.0
SMTP,467836.0,0.0,0.0,0.0,0.0,0.0,0.0,0.0
SSH,467836.0,4.488752529141493e-05,0.006699671968817711,0.0,0.0,0.0,0.0,1.0
IRC,467836.0,0.0,0.0,0.0,0.0,0.0,0.0,0.0
TCP,467836.0,0.5741734504699707,0.49446821212768555,0.0,0.0,1.0,1.0,1.0
UDP,467836.0,0.22588470578193665,0.41816404461860657,0.0,0.0,0.0,0.0,1.0
DHCP,467836.0,0.0,0.0,0.0,0.0,0.0,0.0,0.0
ARP,467836.0,4.702502701547928e-05,0.0068573253229260445,0.0,0.0,0.0,0.0,1.0
ICMP,467836.0,0.14728665351867676,0.35439184308052063,0.0,0.0,0.0,0.0,1.0
IPv,467836.0,0.9999123811721802,0.009361092932522297,0.0,1.0,1.0,1.0,1.0
LLC,467836.0,0.9999123811721802,0.009361092932522297,0.0,1.0,1.0,1.0,1.0
Tot sum,467836.0,1347.62109375,2659.37109375,50.0,525.0,567.0,567.9400024414062,65893.3984375
Min,467836.0,93.68708801269531,142.7235107421875,42.0,50.0,54.0,54.0,4410.0
Max,467836.0,189.04559326171875,534.3986206054688,42.0,50.2400016784668,54.0,56.042500495910645,21786.0
AVG,467836.0,128.49107360839844,246.02630615234375,42.0,50.0,54.0,54.091819763183594,8490.740234375
Std,467836.0,35.179447174072266,163.2989959716797,0.0,0.0,0.0,0.5202709287405014,6747.3310546875
Tot size,467836.0,128.4484405517578,245.782958984375,42.0,50.0,54.0,54.119998931884766,4947.7001953125
IAT,467836.0,83206616.0,17527148.0,0.0,83067576.0,83123824.0,83344000.0,167639424.0
Number,467836.0,9.499615669250488,0.8421273827552795,1.0,9.5,9.5,9.5,15.0
Magnitue,467836.0,13.288809776306152,8.805410385131836,9.165151596069336,10.0,10.392304420471191,10.40075397491455,124.95303344726562
Radius,467836.0,49.71635818481445,230.96871948242188,0.0,0.0,0.0,0.7065057009458542,9542.1669921875
Covariance,467836.0,32025.33984375,314651.65625,0.0,0.0,0.0,2.4989495277404785,52145752.0
Variance,467836.0,0.10248158872127533,0.23877771198749542,0.0,0.0,0.0,0.09000000357627869,1.0
Weight,467836.0,141.54103088378906,21.658544540405273,1.0,141.5500030517578,141.5500030517578,141.5500030517578,244.60000610351562
Label,467836.0,0.9752840739062406,0.15525817407070097,0.0,1.0,1.0,1.0,1.0
