Experiment_ID,Source_Domain,Target_Domain,Model_Architecture,Adaptation_Method,Calibration_Status,Decision_Threshold,Accuracy,Precision,Recall,F1,Specificity,Balanced_Accuracy,Cohen_Kappa,MCC,TP,TN,FP,FN,False_Positive_Rate,False_Negative_Rate,ROC_AUC,PR_AUC,Log_Loss,Brier_Score,ECE
D1_D3_BASELINE,D1 (CICIoT2023),D3 (IEC 60870-5-104),LightGBM,None (Source Baseline),Uncalibrated (θ=0.50),0.5,0.23684413110449531,0.2269536162517707,0.9961559787924664,0.3696826558368968,0.016828415868752077,0.5064921973306092,0.005892366971058549,0.046268793400255984,159892,9322,544622,617,0.9831715841312479,0.0038440212075335337,0.5390252629336459,0.13656010675506755,9.803544050947078,0.7560514411466094,0.7602102983777584
D1_D3_BASELINE_CALIBRATED,D1 (CICIoT2023),D3 (IEC 60870-5-104),LightGBM,None (Source Baseline),Calibrated (θ*=0.63),0.63,0.24866016378964045,0.2292214165848716,0.9922745765034983,0.3724131480647933,0.03319288592348685,0.5127337312134925,0.011670751589727635,0.0650284358878135,159269,18387,535557,1240,0.9668071140765131,0.007725423496501754,0.5390252629336459,0.13656010675506755,9.803544050947078,0.7560514411466094,0.7602102983777584
D2_D3_BASELINE,D2 (NF-ToN-IoT-v2),D3 (IEC 60870-5-104),LightGBM,None (Source Baseline),Uncalibrated (θ=0.50),0.5,0.7661791608405312,0.3787648649649909,0.06369736276470478,0.10905483674840802,0.9697279869445287,0.5167126748546167,0.047438785117137394,0.07316599640420407,10224,537175,16769,150285,0.030272013055471312,0.9363026372352952,0.4409895017347038,0.20231431501238378,0.912011338017033,0.22239561775260855,0.21048609956912256
D2_D3_BASELINE_CALIBRATED,D2 (NF-ToN-IoT-v2),D3 (IEC 60870-5-104),LightGBM,None (Source Baseline),Calibrated (θ*=0.01),0.01,0.2446235091741514,0.22491076351606257,0.9657028577836757,0.36484878584988156,0.03568591771009344,0.5006943877468846,0.0006400861411087755,0.0031377615630652947,155004,19768,534176,5505,0.9643140822899066,0.034297142216324315,0.4409895017347038,0.20231431501238378,0.912011338017033,0.22239561775260855,0.21048609956912256
D1_D3_CORAL,D1 (CICIoT2023),D3 (IEC 60870-5-104),CORAL + LightGBM,CORAL (Covariance Alignment),Uncalibrated (θ=0.50),0.5,0.22465998463159928,0.22465998463159928,1.0,0.36689364795271107,0.0,0.5,0.0,0.0,160509,0,553944,0,1.0,0.0,0.45496484288272765,0.1790305447640328,4.517071071599526,0.7508616313568289,0.7579735330644247
D1_D3_CORAL_CALIBRATED,D1 (CICIoT2023),D3 (IEC 60870-5-104),CORAL + LightGBM,CORAL (Covariance Alignment),Calibrated (θ*=0.92),0.92,0.25427564864308777,0.22879148162394658,0.9783002822271648,0.3708529504497324,0.04448464104674841,0.5113924616369566,0.010532193583334792,0.04890103737432507,157026,24642,529302,3483,0.9555153589532516,0.021699717772835168,0.45496484288272765,0.1790305447640328,4.517071071599526,0.7508616313568289,0.7579735330644247
D2_D3_CORAL,D2 (NF-ToN-IoT-v2),D3 (IEC 60870-5-104),CORAL + LightGBM,CORAL (Covariance Alignment),Uncalibrated (θ=0.50),0.5,0.2726253511427624,0.22900740320453428,0.9454921530879888,0.3687097224837371,0.07765766936730066,0.5115749112276448,0.010966010067247067,0.03726918483888447,151760,43018,510926,8749,0.9223423306326993,0.05450784691201117,0.48601951414858185,0.16946318381150546,1.2170498866734183,0.45454628119942564,0.5062727494827706
D2_D3_CORAL_CALIBRATED,D2 (NF-ToN-IoT-v2),D3 (IEC 60870-5-104),CORAL + LightGBM,CORAL (Covariance Alignment),Calibrated (θ*=0.68),0.68,0.34366291414550715,0.23961325248513646,0.8840874966512782,0.37703824744596337,0.18707125630027585,0.535579376475777,0.036395534925585116,0.07886359922633979,141904,103627,450317,18605,0.8129287436997241,0.11591250334872188,0.48601951414858185,0.16946318381150546,1.2170498866734183,0.45454628119942564,0.5062727494827706
D1_D3_DANN,D1 (CICIoT2023),D3 (IEC 60870-5-104),DANN (Neural Net),DANN (Adversarial Domain Invariance),Uncalibrated (θ=0.50),0.5,0.24867416051160818,0.22923250954181995,0.9923368783058893,0.37243217649018817,0.03319288592348685,0.5127648821146881,0.01169918347573784,0.0652036605969707,159279,18387,535557,1230,0.9668071140765131,0.00766312169411061,0.5643767971353962,0.558041405362643,6.234225639607338,0.7508160767553164,0.7558154973519743
D1_D3_DANN_CALIBRATED,D1 (CICIoT2023),D3 (IEC 60870-5-104),DANN (Neural Net),DANN (Adversarial Domain Invariance),Calibrated (θ*=0.92),0.92,0.2500836304137571,0.2294209174587106,0.9911842949616533,0.3725994416652615,0.035344727986944525,0.5132645114742989,0.012174096808740598,0.06556104847670194,159094,19579,534365,1415,0.9646552720130555,0.00881570503834676,0.5643767971353962,0.558041405362643,6.234225639607338,0.7508160767553164,0.7558154973519743
D2_D3_DANN,D2 (NF-ToN-IoT-v2),D3 (IEC 60870-5-104),DANN (Neural Net),DANN (Adversarial Domain Invariance),Uncalibrated (θ=0.50),0.5,0.6257290542554934,0.13686828194431233,0.12550075073671882,0.1309382586849623,0.7706735698915413,0.4480871603141301,-0.10698102717213986,-0.10714431599398176,20144,426910,127034,140365,0.22932643010845863,0.8744992492632812,0.4705978689885288,0.18117200115059404,1.076163850258507,0.3321532684412174,0.330152424662924
D2_D3_DANN_CALIBRATED,D2 (NF-ToN-IoT-v2),D3 (IEC 60870-5-104),DANN (Neural Net),DANN (Adversarial Domain Invariance),Calibrated (θ*=0.42),0.42,0.28647230818542296,0.23406594577967416,0.9576347743740227,0.3761845325501713,0.0919984691593374,0.5248166217666801,0.023659791804767072,0.07598950926854571,153709,50962,502982,6800,0.9080015308406626,0.04236522562597736,0.4705978689885288,0.18117200115059404,1.076163850258507,0.3321532684412174,0.330152424662924
